table_id,table_name,metric_code,source_sequence,metric_label,source_unit
289,Krediler,289:1,1,Toplam Krediler (2+10),Milyon TL
289,Krediler,289:10,10,Ticari ve Diğer Krediler,Milyon TL
289,Krediler,289:11,11,Taksitli Tic. Krd. ve Kurumsal Kredi Kartları (12+16) (Bilgi),Milyon TL
289,Krediler,289:12,12,Taksitli Ticari Krediler (13+14+15) (Bilgi),Milyon TL
289,Krediler,289:13,13,a) İşyeri,Milyon TL
289,Krediler,289:14,14,b) Taşıt,Milyon TL
289,Krediler,289:15,15,c) İhtiyaç,Milyon TL
289,Krediler,289:16,16,Kurumsal Kredi Kartları (17+18) (Bilgi),Milyon TL
289,Krediler,289:17,17,a) Taksitli,Milyon TL
289,Krediler,289:18,18,b) Taksitsiz,Milyon TL
289,Krediler,289:19,19,KOBİ Kredileri (Bilgi),Milyon TL
289,Krediler,289:2,2,Tüketici Kredileri ve Bireysel Kredi Kartları (3+7),Milyon TL
289,Krediler,289:20,20,Döv. Endeksli Krediler (Bilgi),Milyon TL
289,Krediler,289:21,21,Kredili Mevduat Hesapları-Tüketici Kredileri (Bilgi),Milyon TL
289,Krediler,289:22,22,Kredili Mevduat Hesapları-Taksitli Ticari Krediler(Bilgi),Milyon TL
289,Krediler,289:3,3,Tüketici Kredileri (4+5+6),Milyon TL
289,Krediler,289:4,4,a) Konut,Milyon TL
289,Krediler,289:5,5,b) Taşıt,Milyon TL
289,Krediler,289:6,6,c) İhtiyaç,Milyon TL
289,Krediler,289:7,7,Bireysel Kredi Kartları (8+9),Milyon TL
289,Krediler,289:8,8,a) Taksitli,Milyon TL
289,Krediler,289:9,9,b) Taksitsiz,Milyon TL
290,Takipteki Alacaklar,290:1,1,Takipteki Alacaklar (2+8),Milyon TL
290,Takipteki Alacaklar,290:10,10,Taksitli Ticari Krd. (Bilgi),Milyon TL
290,Takipteki Alacaklar,290:11,11,Kurumsal Kredi Kartları (Bilgi),Milyon TL
290,Takipteki Alacaklar,290:12,12,KOBİ Kredileri (Bilgi),Milyon TL
290,Takipteki Alacaklar,290:2,2,Tüketici Kredileri ve Bireysel Kredi Kartları (3+7),Milyon TL
290,Takipteki Alacaklar,290:3,3,Tüketici Kredileri (4+5+6),Milyon TL
290,Takipteki Alacaklar,290:4,4,a) Konut,Milyon TL
290,Takipteki Alacaklar,290:5,5,b) Taşıt,Milyon TL
290,Takipteki Alacaklar,290:6,6,c) İhtiyaç,Milyon TL
290,Takipteki Alacaklar,290:7,7,Bireysel Kredi Kartları,Milyon TL
290,Takipteki Alacaklar,290:8,8,Ticari ve Diğer Krediler,Milyon TL
290,Takipteki Alacaklar,290:9,9,Takipteki Alacaklar Özel Karşılığı (-),Milyon TL
291,Menkul Degerler,291:1,1,Toplam Menkul Değerler (2+5+8),Milyon TL
291,Menkul Degerler,291:10,10,- Kira Sertifikaları (Bilgi için),Milyon TL
291,Menkul Degerler,291:10,10,b) Diğer Menkul Değerler,Milyon TL
291,Menkul Degerler,291:11,11,Repo İşlemine Konu Menkul Değerler (Bilgi),Milyon TL
291,Menkul Degerler,291:12,12,Teminata Verilen Menkul Değerler (Bilgi),Milyon TL
291,Menkul Degerler,291:13,13,Eurobondlar (Bilgi),Milyon TL
291,Menkul Degerler,291:2,2,Gerçeğe Uygun Değer Farkı K/Z Yan. Menk. Değ.,Milyon TL
291,Menkul Degerler,291:2,2,Gerçeğe Uygun Değer Farkı K/Z Yan. Menk. Değ. (3+4),Milyon TL
291,Menkul Degerler,291:3,3,- Devlet Tahvilleri (Bilgi için),Milyon TL
291,Menkul Degerler,291:3,3,a) Kamu Borçlanma Senetleri,Milyon TL
291,Menkul Degerler,291:4,4,- Kira Sertifikaları (Bilgi için),Milyon TL
291,Menkul Degerler,291:4,4,b) Diğer Menkul Değerler,Milyon TL
291,Menkul Degerler,291:5,5,GUD Farkı Diğer Kapsamlı Gelire Yan. Menk. Değ.,Milyon TL
291,Menkul Degerler,291:5,5,GUD Farkı Diğer Kapsamlı Gelire Yan. Menk. Değ. (6+7),Milyon TL
291,Menkul Degerler,291:6,6,- Devlet Tahvilleri (Bilgi için),Milyon TL
291,Menkul Degerler,291:6,6,a) Kamu Borçlanma Senetleri,Milyon TL
291,Menkul Degerler,291:7,7,- Kira Sertifikaları (Bilgi için),Milyon TL
291,Menkul Degerler,291:7,7,b) Diğer Menkul Değerler,Milyon TL
291,Menkul Degerler,291:8,8,İtfa Edilmiş Maliyeti Üzerinden Değerlenen Menkul Değerler,Milyon TL
291,Menkul Degerler,291:8,8,İtfa Edilmiş Maliyeti Üzerinden Değerlenen Menkul Değerler (9+10),Milyon TL
291,Menkul Degerler,291:9,9,- Devlet Tahvilleri (Bilgi için),Milyon TL
291,Menkul Degerler,291:9,9,a) Kamu Borçlanma Senetleri,Milyon TL
292,Mevduat,292:1,1,Mevduat (Katılım Fonu) (2+5+8),Milyon TL
292,Mevduat,292:10,10,b) Vadeli,Milyon TL
292,Mevduat,292:11,11,Sigortaya Tabi Mevduat (Bilgi),Milyon TL
292,Mevduat,292:12,12,Kur Korumalı TL Mevduat ve Katılma Hesapları (Bilgi için),Milyon TL
292,Mevduat,292:2,2,Gerçek Kişiler (3+4),Milyon TL
292,Mevduat,292:3,3,a) Vadesiz,Milyon TL
292,Mevduat,292:4,4,b) Vadeli,Milyon TL
292,Mevduat,292:5,5,Ticari Kuruluşlar (6+7),Milyon TL
292,Mevduat,292:6,6,a) Vadesiz,Milyon TL
292,Mevduat,292:7,7,b) Vadeli,Milyon TL
292,Mevduat,292:8,8,Resmi ve Diğer Kuruluşlar (9+10),Milyon TL
292,Mevduat,292:9,9,a) Vadesiz,Milyon TL
293,Diger Bilanco Kalemleri,293:1,1,Nakit Değerler,Milyon TL
293,Diger Bilanco Kalemleri,293:10,10,Bankalara Borçlar (11+12),Milyon TL
293,Diger Bilanco Kalemleri,293:11,11,a) Yurtiçi Bankalar,Milyon TL
293,Diger Bilanco Kalemleri,293:12,12,b) Yurtdışı Bankalar,Milyon TL
293,Diger Bilanco Kalemleri,293:13,13,Repo İşl. Sağlanan Fonlar,Milyon TL
293,Diger Bilanco Kalemleri,293:14,14,İhraç Edilen Menkul Kıymetler (Net),Milyon TL
293,Diger Bilanco Kalemleri,293:15,15,Bankalara Kullandırılan Krediler (Bilgi),Milyon TL
293,Diger Bilanco Kalemleri,293:16,16,Bankalar Mevduatı (Bilgi),Milyon TL
293,Diger Bilanco Kalemleri,293:2,2,T.C. Merkez Bankasından Alacaklar,Milyon TL
293,Diger Bilanco Kalemleri,293:3,3,Para Piyasalarından Alacaklar,Milyon TL
293,Diger Bilanco Kalemleri,293:4,4,Zorunlu Karşılıklar,Milyon TL
293,Diger Bilanco Kalemleri,293:5,5,Bankalardan Alacaklar (5+6),Milyon TL
293,Diger Bilanco Kalemleri,293:6,6,a) Yurtiçi Bankalar,Milyon TL
293,Diger Bilanco Kalemleri,293:7,7,b) Yurtdışı Bankalar,Milyon TL
293,Diger Bilanco Kalemleri,293:8,8,T.C. Merkez Bankasına Borçlar,Milyon TL
293,Diger Bilanco Kalemleri,293:9,9,Para Piyasalarına Borçlar,Milyon TL
294,Bilanco Disi Islemler,294:1,1,Gayrinakdi Kredi ve Yükümlülükler,Milyon TL
294,Bilanco Disi Islemler,294:2,2,Taahhütler (3+4),Milyon TL
294,Bilanco Disi Islemler,294:3,3,a) Türev Finansal Araçlar,Milyon TL
294,Bilanco Disi Islemler,294:4,4,b) Diğer,Milyon TL
295,Bankalarda Saklanan Menkul Degerler - 1,295:1,1,Bankalarda Saklanan Menkul Değerler (Nominal) (2+24),Milyon TL
295,Bankalarda Saklanan Menkul Degerler - 1,295:10,10,c) Diğer,Milyon TL
295,Bankalarda Saklanan Menkul Degerler - 1,295:11,11,Diğer Tüzel Kişiler (12+13+14),Milyon TL
295,Bankalarda Saklanan Menkul Degerler - 1,295:12,12,a) Kamu Borçlanma Senetleri,Milyon TL
295,Bankalarda Saklanan Menkul Degerler - 1,295:13,13,b) Eurobondlar,Milyon TL
295,Bankalarda Saklanan Menkul Degerler - 1,295:14,14,c) Diğer,Milyon TL
295,Bankalarda Saklanan Menkul Degerler - 1,295:15,15,Bankalar (16+17+18),Milyon TL
295,Bankalarda Saklanan Menkul Degerler - 1,295:16,16,a) Kamu Borçlanma Senetleri,Milyon TL
295,Bankalarda Saklanan Menkul Degerler - 1,295:17,17,b) Eurobondlar,Milyon TL
295,Bankalarda Saklanan Menkul Degerler - 1,295:18,18,c) Diğer,Milyon TL
295,Bankalarda Saklanan Menkul Degerler - 1,295:19,19,Diğer Mali Kuruluşlar (20+21+22),Milyon TL
295,Bankalarda Saklanan Menkul Degerler - 1,295:2,2,Yurtiçi Yerleşikler Adına Saklanan (3+7+11+15+19),Milyon TL
295,Bankalarda Saklanan Menkul Degerler - 1,295:20,20,a) Kamu Borçlanma Senetleri,Milyon TL
295,Bankalarda Saklanan Menkul Degerler - 1,295:21,21,b) Eurobondlar,Milyon TL
295,Bankalarda Saklanan Menkul Degerler - 1,295:22,22,c) Diğer,Milyon TL
295,Bankalarda Saklanan Menkul Degerler - 1,295:23,23,Döv. End..KBS (Bilgi),Milyon TL
295,Bankalarda Saklanan Menkul Degerler - 1,295:24,24,Yurtdışı Yerleşikler Adına Saklanan (25+29+33+37+41),Milyon TL
295,Bankalarda Saklanan Menkul Degerler - 1,295:25,25,Gerçek Kişiler (26+27+28),Milyon TL
295,Bankalarda Saklanan Menkul Degerler - 1,295:26,26,a) Kamu Borçlanma Senetleri,Milyon TL
295,Bankalarda Saklanan Menkul Degerler - 1,295:27,27,b) Eurobondlar,Milyon TL
295,Bankalarda Saklanan Menkul Degerler - 1,295:28,28,c) Diğer,Milyon TL
295,Bankalarda Saklanan Menkul Degerler - 1,295:29,29,Sigorta Şirketleri (30+31+32),Milyon TL
295,Bankalarda Saklanan Menkul Degerler - 1,295:3,3,Gerçek Kişiler (4+5+6),Milyon TL
295,Bankalarda Saklanan Menkul Degerler - 1,295:30,30,a) Kamu Borçlanma Senetleri,Milyon TL
295,Bankalarda Saklanan Menkul Degerler - 1,295:31,31,b) Eurobondlar,Milyon TL
295,Bankalarda Saklanan Menkul Degerler - 1,295:32,32,c) Diğer,Milyon TL
295,Bankalarda Saklanan Menkul Degerler - 1,295:33,33,Diğer Tüzel Kişiler (34+35+36),Milyon TL
295,Bankalarda Saklanan Menkul Degerler - 1,295:34,34,a) Kamu Borçlanma Senetleri,Milyon TL
295,Bankalarda Saklanan Menkul Degerler - 1,295:35,35,b) Eurobondlar,Milyon TL
295,Bankalarda Saklanan Menkul Degerler - 1,295:36,36,c) Diğer,Milyon TL
295,Bankalarda Saklanan Menkul Degerler - 1,295:37,37,Bankalar (38+39+40),Milyon TL
295,Bankalarda Saklanan Menkul Degerler - 1,295:38,38,a) Kamu Borçlanma Senetleri,Milyon TL
295,Bankalarda Saklanan Menkul Degerler - 1,295:39,39,b) Eurobondlar,Milyon TL
295,Bankalarda Saklanan Menkul Degerler - 1,295:4,4,a) Kamu Borçlanma Senetleri,Milyon TL
295,Bankalarda Saklanan Menkul Degerler - 1,295:40,40,c) Diğer,Milyon TL
295,Bankalarda Saklanan Menkul Degerler - 1,295:41,41,Diğer Mali Kuruluşlar (42+43+44),Milyon TL
295,Bankalarda Saklanan Menkul Degerler - 1,295:42,42,a) Kamu Borçlanma Senetleri,Milyon TL
295,Bankalarda Saklanan Menkul Degerler - 1,295:43,43,b) Eurobondlar,Milyon TL
295,Bankalarda Saklanan Menkul Degerler - 1,295:44,44,c) Diğer,Milyon TL
295,Bankalarda Saklanan Menkul Degerler - 1,295:45,45,Döv. End..KBS (Bilgi),Milyon TL
295,Bankalarda Saklanan Menkul Degerler - 1,295:5,5,b) Eurobondlar,Milyon TL
295,Bankalarda Saklanan Menkul Degerler - 1,295:6,6,c) Diğer,Milyon TL
295,Bankalarda Saklanan Menkul Degerler - 1,295:7,7,Sigorta Şirketleri (8+9+10),Milyon TL
295,Bankalarda Saklanan Menkul Degerler - 1,295:8,8,a) Kamu Borçlanma Senetleri,Milyon TL
295,Bankalarda Saklanan Menkul Degerler - 1,295:9,9,b) Eurobondlar,Milyon TL
296,Bankalarda Saklanan Menkul Degerler - 2,296:1,1,Bankalarda Saklanan Menkul Değerler (Piyasa Değeri) (2+24),Milyon TL
296,Bankalarda Saklanan Menkul Degerler - 2,296:10,10,c) Diğer,Milyon TL
296,Bankalarda Saklanan Menkul Degerler - 2,296:11,11,Diğer Tüzel Kişiler (12+13+14),Milyon TL
296,Bankalarda Saklanan Menkul Degerler - 2,296:12,12,a) Kamu Borçlanma Senetleri,Milyon TL
296,Bankalarda Saklanan Menkul Degerler - 2,296:13,13,b) Eurobondlar,Milyon TL
296,Bankalarda Saklanan Menkul Degerler - 2,296:14,14,c) Diğer,Milyon TL
296,Bankalarda Saklanan Menkul Degerler - 2,296:15,15,Bankalar (16+17+18),Milyon TL
296,Bankalarda Saklanan Menkul Degerler - 2,296:16,16,a) Kamu Borçlanma Senetleri,Milyon TL
296,Bankalarda Saklanan Menkul Degerler - 2,296:17,17,b) Eurobondlar,Milyon TL
296,Bankalarda Saklanan Menkul Degerler - 2,296:18,18,c) Diğer,Milyon TL
296,Bankalarda Saklanan Menkul Degerler - 2,296:19,19,Diğer Mali Kuruluşlar (20+21+22),Milyon TL
296,Bankalarda Saklanan Menkul Degerler - 2,296:2,2,Yurtiçi Yerleşikler Adına Saklanan (3+7+11+15+19),Milyon TL
296,Bankalarda Saklanan Menkul Degerler - 2,296:20,20,a) Kamu Borçlanma Senetleri,Milyon TL
296,Bankalarda Saklanan Menkul Degerler - 2,296:21,21,b) Eurobondlar,Milyon TL
296,Bankalarda Saklanan Menkul Degerler - 2,296:22,22,c) Diğer,Milyon TL
296,Bankalarda Saklanan Menkul Degerler - 2,296:23,23,Döv. End. KBS (Bilgi),Milyon TL
296,Bankalarda Saklanan Menkul Degerler - 2,296:24,24,Yurtdışı Yerleşikler Adına Saklanan (25+29+33+37+41),Milyon TL
296,Bankalarda Saklanan Menkul Degerler - 2,296:25,25,Gerçek Kişiler (26+27+28),Milyon TL
296,Bankalarda Saklanan Menkul Degerler - 2,296:26,26,a) Kamu Borçlanma Senetleri,Milyon TL
296,Bankalarda Saklanan Menkul Degerler - 2,296:27,27,b) Eurobondlar,Milyon TL
296,Bankalarda Saklanan Menkul Degerler - 2,296:28,28,c) Diğer,Milyon TL
296,Bankalarda Saklanan Menkul Degerler - 2,296:29,29,Sigorta Şirketleri (30+31+32),Milyon TL
296,Bankalarda Saklanan Menkul Degerler - 2,296:3,3,Gerçek Kişiler (4+5+6),Milyon TL
296,Bankalarda Saklanan Menkul Degerler - 2,296:30,30,a) Kamu Borçlanma Senetleri,Milyon TL
296,Bankalarda Saklanan Menkul Degerler - 2,296:31,31,b) Eurobondlar,Milyon TL
296,Bankalarda Saklanan Menkul Degerler - 2,296:32,32,c) Diğer,Milyon TL
296,Bankalarda Saklanan Menkul Degerler - 2,296:33,33,Diğer Tüzel Kişiler (34+35+36),Milyon TL
296,Bankalarda Saklanan Menkul Degerler - 2,296:34,34,a) Kamu Borçlanma Senetleri,Milyon TL
296,Bankalarda Saklanan Menkul Degerler - 2,296:35,35,b) Eurobondlar,Milyon TL
296,Bankalarda Saklanan Menkul Degerler - 2,296:36,36,c) Diğer,Milyon TL
296,Bankalarda Saklanan Menkul Degerler - 2,296:37,37,Bankalar (38+39+40),Milyon TL
296,Bankalarda Saklanan Menkul Degerler - 2,296:38,38,a) Kamu Borçlanma Senetleri,Milyon TL
296,Bankalarda Saklanan Menkul Degerler - 2,296:39,39,b) Eurobondlar,Milyon TL
296,Bankalarda Saklanan Menkul Degerler - 2,296:4,4,a) Kamu Borçlanma Senetleri,Milyon TL
296,Bankalarda Saklanan Menkul Degerler - 2,296:40,40,c) Diğer,Milyon TL
296,Bankalarda Saklanan Menkul Degerler - 2,296:41,41,Diğer Mali Kuruluşlar (42+43+44),Milyon TL
296,Bankalarda Saklanan Menkul Degerler - 2,296:42,42,a) Kamu Borçlanma Senetleri,Milyon TL
296,Bankalarda Saklanan Menkul Degerler - 2,296:43,43,b) Eurobondlar,Milyon TL
296,Bankalarda Saklanan Menkul Degerler - 2,296:44,44,c) Diğer,Milyon TL
296,Bankalarda Saklanan Menkul Degerler - 2,296:45,45,Döv. End. KBS (Bilgi),Milyon TL
296,Bankalarda Saklanan Menkul Degerler - 2,296:5,5,b) Eurobondlar,Milyon TL
296,Bankalarda Saklanan Menkul Degerler - 2,296:6,6,c) Diğer,Milyon TL
296,Bankalarda Saklanan Menkul Degerler - 2,296:7,7,Sigorta Şirketleri (8+9+10),Milyon TL
296,Bankalarda Saklanan Menkul Degerler - 2,296:8,8,a) Kamu Borçlanma Senetleri,Milyon TL
296,Bankalarda Saklanan Menkul Degerler - 2,296:9,9,b) Eurobondlar,Milyon TL
297,Yabanci Para Pozisyonu,297:1,1,Bilanço İçi Yabancı Para Pozisyonu (2-3),Milyon TL
297,Yabanci Para Pozisyonu,297:10,10,Dövize Endeksli Yükümlülükler (Bilgi),Milyon TL
297,Yabanci Para Pozisyonu,297:2,2,a) Bilanço İçi Varlıklar,Milyon TL
297,Yabanci Para Pozisyonu,297:3,3,b) Bilanço İçi Yükümlülükler,Milyon TL
297,Yabanci Para Pozisyonu,297:4,4,Bilanço Dışı Yabancı Para Pozisyonu (5-6),Milyon TL
297,Yabanci Para Pozisyonu,297:5,5,a) Bilanço Dışı Varlıklar,Milyon TL
297,Yabanci Para Pozisyonu,297:6,6,b) Bilanço Dışı Yükümlülükler,Milyon TL
297,Yabanci Para Pozisyonu,297:7,7,Yabancı Para Net Genel Pozisyonu (1+4),Milyon TL
297,Yabanci Para Pozisyonu,297:8,8,Yasal Özkaynak,Milyon TL
297,Yabanci Para Pozisyonu,297:9,9,Dövize Endeskli Varlıklar (Bilgi),Milyon TL
