province_name,province_key,month,metric_code,direct_value,source_row_index,value,value_origin,derivation,source_row_present,is_identity_derived,source_dataflow_id,source_url,source_csv_file,source_csv_sha256,source_cell,source_vintage_at,revision_status,vintage_policy,methodology_revision_date,methodology_revision_press_id,methodology_revision_url,unit,native_frequency
ADIYAMAN,adiyaman,2023-03,housing_sales_mortgaged_count,,,0.0,official_identity_total_equals_other_implies_zero_mortgaged,housing_sales_total_count - housing_sales_other_count,False,True,DF_SATIS_SEKLI_DURUMU_ILILCE_V3+V1.0,https://veriportali.tuik.gov.tr/api/tr/dataflows/DF_SATIS_SEKLI_DURUMU_ILILCE_V3%2BV1.0/file/csv,data_pipeline/tuik/province_housing_sales_v1/raw/province_housing_sales.csv.gz,433983c1c15af20b7b440b0d57fa2b38939ddc39b30c631d5dd744320de738ec,,2026-09-08T10:36:48.515893+00:00,current_official_series_after_2026_methodology_revision,latest_official_bulk_snapshot,2026-02-19,58340,https://veriportali.tuik.gov.tr/tr/press/58340,count,monthly
ARDAHAN,ardahan,2024-05,housing_sales_mortgaged_count,,,0.0,official_identity_total_equals_other_implies_zero_mortgaged,housing_sales_total_count - housing_sales_other_count,False,True,DF_SATIS_SEKLI_DURUMU_ILILCE_V3+V1.0,https://veriportali.tuik.gov.tr/api/tr/dataflows/DF_SATIS_SEKLI_DURUMU_ILILCE_V3%2BV1.0/file/csv,data_pipeline/tuik/province_housing_sales_v1/raw/province_housing_sales.csv.gz,433983c1c15af20b7b440b0d57fa2b38939ddc39b30c631d5dd744320de738ec,,2026-09-08T10:36:48.515893+00:00,current_official_series_after_2026_methodology_revision,latest_official_bulk_snapshot,2026-02-19,58340,https://veriportali.tuik.gov.tr/tr/press/58340,count,monthly
BAYBURT,bayburt,2023-10,housing_sales_mortgaged_count,,,0.0,official_identity_total_equals_other_implies_zero_mortgaged,housing_sales_total_count - housing_sales_other_count,False,True,DF_SATIS_SEKLI_DURUMU_ILILCE_V3+V1.0,https://veriportali.tuik.gov.tr/api/tr/dataflows/DF_SATIS_SEKLI_DURUMU_ILILCE_V3%2BV1.0/file/csv,data_pipeline/tuik/province_housing_sales_v1/raw/province_housing_sales.csv.gz,433983c1c15af20b7b440b0d57fa2b38939ddc39b30c631d5dd744320de738ec,,2026-09-08T10:36:48.515893+00:00,current_official_series_after_2026_methodology_revision,latest_official_bulk_snapshot,2026-02-19,58340,https://veriportali.tuik.gov.tr/tr/press/58340,count,monthly
HAKKARİ,hakkari,2020-05,housing_sales_mortgaged_count,,,0.0,official_identity_total_equals_other_implies_zero_mortgaged,housing_sales_total_count - housing_sales_other_count,False,True,DF_SATIS_SEKLI_DURUMU_ILILCE_V3+V1.0,https://veriportali.tuik.gov.tr/api/tr/dataflows/DF_SATIS_SEKLI_DURUMU_ILILCE_V3%2BV1.0/file/csv,data_pipeline/tuik/province_housing_sales_v1/raw/province_housing_sales.csv.gz,433983c1c15af20b7b440b0d57fa2b38939ddc39b30c631d5dd744320de738ec,,2026-09-08T10:36:48.515893+00:00,current_official_series_after_2026_methodology_revision,latest_official_bulk_snapshot,2026-02-19,58340,https://veriportali.tuik.gov.tr/tr/press/58340,count,monthly
HAKKARİ,hakkari,2021-01,housing_sales_mortgaged_count,,,0.0,official_identity_total_equals_other_implies_zero_mortgaged,housing_sales_total_count - housing_sales_other_count,False,True,DF_SATIS_SEKLI_DURUMU_ILILCE_V3+V1.0,https://veriportali.tuik.gov.tr/api/tr/dataflows/DF_SATIS_SEKLI_DURUMU_ILILCE_V3%2BV1.0/file/csv,data_pipeline/tuik/province_housing_sales_v1/raw/province_housing_sales.csv.gz,433983c1c15af20b7b440b0d57fa2b38939ddc39b30c631d5dd744320de738ec,,2026-09-08T10:36:48.515893+00:00,current_official_series_after_2026_methodology_revision,latest_official_bulk_snapshot,2026-02-19,58340,https://veriportali.tuik.gov.tr/tr/press/58340,count,monthly
HAKKARİ,hakkari,2021-05,housing_sales_mortgaged_count,,,0.0,official_identity_total_equals_other_implies_zero_mortgaged,housing_sales_total_count - housing_sales_other_count,False,True,DF_SATIS_SEKLI_DURUMU_ILILCE_V3+V1.0,https://veriportali.tuik.gov.tr/api/tr/dataflows/DF_SATIS_SEKLI_DURUMU_ILILCE_V3%2BV1.0/file/csv,data_pipeline/tuik/province_housing_sales_v1/raw/province_housing_sales.csv.gz,433983c1c15af20b7b440b0d57fa2b38939ddc39b30c631d5dd744320de738ec,,2026-09-08T10:36:48.515893+00:00,current_official_series_after_2026_methodology_revision,latest_official_bulk_snapshot,2026-02-19,58340,https://veriportali.tuik.gov.tr/tr/press/58340,count,monthly
HAKKARİ,hakkari,2023-10,housing_sales_mortgaged_count,,,0.0,official_identity_total_equals_other_implies_zero_mortgaged,housing_sales_total_count - housing_sales_other_count,False,True,DF_SATIS_SEKLI_DURUMU_ILILCE_V3+V1.0,https://veriportali.tuik.gov.tr/api/tr/dataflows/DF_SATIS_SEKLI_DURUMU_ILILCE_V3%2BV1.0/file/csv,data_pipeline/tuik/province_housing_sales_v1/raw/province_housing_sales.csv.gz,433983c1c15af20b7b440b0d57fa2b38939ddc39b30c631d5dd744320de738ec,,2026-09-08T10:36:48.515893+00:00,current_official_series_after_2026_methodology_revision,latest_official_bulk_snapshot,2026-02-19,58340,https://veriportali.tuik.gov.tr/tr/press/58340,count,monthly
HAKKARİ,hakkari,2024-04,housing_sales_mortgaged_count,,,0.0,official_identity_total_equals_other_implies_zero_mortgaged,housing_sales_total_count - housing_sales_other_count,False,True,DF_SATIS_SEKLI_DURUMU_ILILCE_V3+V1.0,https://veriportali.tuik.gov.tr/api/tr/dataflows/DF_SATIS_SEKLI_DURUMU_ILILCE_V3%2BV1.0/file/csv,data_pipeline/tuik/province_housing_sales_v1/raw/province_housing_sales.csv.gz,433983c1c15af20b7b440b0d57fa2b38939ddc39b30c631d5dd744320de738ec,,2026-09-08T10:36:48.515893+00:00,current_official_series_after_2026_methodology_revision,latest_official_bulk_snapshot,2026-02-19,58340,https://veriportali.tuik.gov.tr/tr/press/58340,count,monthly
HAKKARİ,hakkari,2024-06,housing_sales_mortgaged_count,,,0.0,official_identity_total_equals_other_implies_zero_mortgaged,housing_sales_total_count - housing_sales_other_count,False,True,DF_SATIS_SEKLI_DURUMU_ILILCE_V3+V1.0,https://veriportali.tuik.gov.tr/api/tr/dataflows/DF_SATIS_SEKLI_DURUMU_ILILCE_V3%2BV1.0/file/csv,data_pipeline/tuik/province_housing_sales_v1/raw/province_housing_sales.csv.gz,433983c1c15af20b7b440b0d57fa2b38939ddc39b30c631d5dd744320de738ec,,2026-09-08T10:36:48.515893+00:00,current_official_series_after_2026_methodology_revision,latest_official_bulk_snapshot,2026-02-19,58340,https://veriportali.tuik.gov.tr/tr/press/58340,count,monthly
ŞIRNAK,sirnak,2021-05,housing_sales_mortgaged_count,,,0.0,official_identity_total_equals_other_implies_zero_mortgaged,housing_sales_total_count - housing_sales_other_count,False,True,DF_SATIS_SEKLI_DURUMU_ILILCE_V3+V1.0,https://veriportali.tuik.gov.tr/api/tr/dataflows/DF_SATIS_SEKLI_DURUMU_ILILCE_V3%2BV1.0/file/csv,data_pipeline/tuik/province_housing_sales_v1/raw/province_housing_sales.csv.gz,433983c1c15af20b7b440b0d57fa2b38939ddc39b30c631d5dd744320de738ec,,2026-09-08T10:36:48.515893+00:00,current_official_series_after_2026_methodology_revision,latest_official_bulk_snapshot,2026-02-19,58340,https://veriportali.tuik.gov.tr/tr/press/58340,count,monthly
