target_period,TP_AKONUTSAT1_KTR100,TP_AKONUTSAT1_KTR211,TP_AKONUTSAT1_KTR212,TP_AKONUTSAT1_KTR213,TP_AKONUTSAT1_KTR221,TP_AKONUTSAT1_KTR222,TP_AKONUTSAT1_KTR310,TP_AKONUTSAT1_KTR321,TP_AKONUTSAT1_KTR322,TP_AKONUTSAT1_KTR323,TP_AKONUTSAT1_KTR331,TP_AKONUTSAT1_KTR332,TP_AKONUTSAT1_KTR333,TP_AKONUTSAT1_KTR334,TP_AKONUTSAT1_KTR411,TP_AKONUTSAT1_KTR412,TP_AKONUTSAT1_KTR413,TP_AKONUTSAT1_KTR421,TP_AKONUTSAT1_KTR422,TP_AKONUTSAT1_KTR423,TP_AKONUTSAT1_KTR424,TP_AKONUTSAT1_KTR425,TP_AKONUTSAT1_KTR510,TP_AKONUTSAT1_KTR521,TP_AKONUTSAT1_KTR522,TP_AKONUTSAT1_KTR611,TP_AKONUTSAT1_KTR612,TP_AKONUTSAT1_KTR613,TP_AKONUTSAT1_KTR621,TP_AKONUTSAT1_KTR622,TP_AKONUTSAT1_KTR631,TP_AKONUTSAT1_KTR632,TP_AKONUTSAT1_KTR633,TP_AKONUTSAT1_KTR711,TP_AKONUTSAT1_KTR712,TP_AKONUTSAT1_KTR713,TP_AKONUTSAT1_KTR714,TP_AKONUTSAT1_KTR715,TP_AKONUTSAT1_KTR721,TP_AKONUTSAT1_KTR722,TP_AKONUTSAT1_KTR723,TP_AKONUTSAT1_KTR811,TP_AKONUTSAT1_KTR812,TP_AKONUTSAT1_KTR813,TP_AKONUTSAT1_KTR821,TP_AKONUTSAT1_KTR822,TP_AKONUTSAT1_KTR823,TP_AKONUTSAT1_KTR831,TP_AKONUTSAT1_KTR832,TP_AKONUTSAT1_KTR833,TP_AKONUTSAT1_KTR834,TP_AKONUTSAT1_KTR901,TP_AKONUTSAT1_KTR902,TP_AKONUTSAT1_KTR903,TP_AKONUTSAT1_KTR904,TP_AKONUTSAT1_KTR905,TP_AKONUTSAT1_KTR906,TP_AKONUTSAT1_KTRA11,TP_AKONUTSAT1_KTRA12,TP_AKONUTSAT1_KTRA13,TP_AKONUTSAT1_KTRA21,TP_AKONUTSAT1_KTRA22,TP_AKONUTSAT1_KTRA23,TP_AKONUTSAT1_KTRA24,TP_AKONUTSAT1_KTRB11,TP_AKONUTSAT1_KTRB12,TP_AKONUTSAT1_KTRB13,TP_AKONUTSAT1_KTRB14,TP_AKONUTSAT1_KTRB21,TP_AKONUTSAT1_KTRB22,TP_AKONUTSAT1_KTRB23,TP_AKONUTSAT1_KTRB24,TP_AKONUTSAT1_KTRC11,TP_AKONUTSAT1_KTRC12,TP_AKONUTSAT1_KTRC13,TP_AKONUTSAT1_KTRC21,TP_AKONUTSAT1_KTRC22,TP_AKONUTSAT1_KTRC31,TP_AKONUTSAT1_KTRC32,TP_AKONUTSAT1_KTRC33,TP_AKONUTSAT1_KTRC34,TP_AKONUTSAT2_KTR100,TP_AKONUTSAT2_KTR211,TP_AKONUTSAT2_KTR212,TP_AKONUTSAT2_KTR213,TP_AKONUTSAT2_KTR221,TP_AKONUTSAT2_KTR222,TP_AKONUTSAT2_KTR310,TP_AKONUTSAT2_KTR321,TP_AKONUTSAT2_KTR322,TP_AKONUTSAT2_KTR323,TP_AKONUTSAT2_KTR331,TP_AKONUTSAT2_KTR332,TP_AKONUTSAT2_KTR333,TP_AKONUTSAT2_KTR334,TP_AKONUTSAT2_KTR411,TP_AKONUTSAT2_KTR412,TP_AKONUTSAT2_KTR413,TP_AKONUTSAT2_KTR421,TP_AKONUTSAT2_KTR422,TP_AKONUTSAT2_KTR423,TP_AKONUTSAT2_KTR424,TP_AKONUTSAT2_KTR425,TP_AKONUTSAT2_KTR510,TP_AKONUTSAT2_KTR521,TP_AKONUTSAT2_KTR522,TP_AKONUTSAT2_KTR611,TP_AKONUTSAT2_KTR612,TP_AKONUTSAT2_KTR613,TP_AKONUTSAT2_KTR621,TP_AKONUTSAT2_KTR622,TP_AKONUTSAT2_KTR631,TP_AKONUTSAT2_KTR632,TP_AKONUTSAT2_KTR633,TP_AKONUTSAT2_KTR711,TP_AKONUTSAT2_KTR712,TP_AKONUTSAT2_KTR713,TP_AKONUTSAT2_KTR714,TP_AKONUTSAT2_KTR715,TP_AKONUTSAT2_KTR721,TP_AKONUTSAT2_KTR722,TP_AKONUTSAT2_KTR723,TP_AKONUTSAT2_KTR811,TP_AKONUTSAT2_KTR812,TP_AKONUTSAT2_KTR813,TP_AKONUTSAT2_KTR821,TP_AKONUTSAT2_KTR822,TP_AKONUTSAT2_KTR823,TP_AKONUTSAT2_KTR831,TP_AKONUTSAT2_KTR832,TP_AKONUTSAT2_KTR833,TP_AKONUTSAT2_KTR834,TP_AKONUTSAT2_KTR901,TP_AKONUTSAT2_KTR902,TP_AKONUTSAT2_KTR903,TP_AKONUTSAT2_KTR904,TP_AKONUTSAT2_KTR905,TP_AKONUTSAT2_KTR906,TP_AKONUTSAT2_KTRA11,TP_AKONUTSAT2_KTRA12,TP_AKONUTSAT2_KTRA13,TP_AKONUTSAT2_KTRA21,TP_AKONUTSAT2_KTRA22,TP_AKONUTSAT2_KTRA23,TP_AKONUTSAT2_KTRA24,TP_AKONUTSAT2_KTRB11,TP_AKONUTSAT2_KTRB12,TP_AKONUTSAT2_KTRB13,TP_AKONUTSAT2_KTRB14,TP_AKONUTSAT2_KTRB21,TP_AKONUTSAT2_KTRB22,TP_AKONUTSAT2_KTRB23,TP_AKONUTSAT2_KTRB24,TP_AKONUTSAT2_KTRC11,TP_AKONUTSAT2_KTRC12,TP_AKONUTSAT2_KTRC13,TP_AKONUTSAT2_KTRC21,TP_AKONUTSAT2_KTRC22,TP_AKONUTSAT2_KTRC31,TP_AKONUTSAT2_KTRC32,TP_AKONUTSAT2_KTRC33,TP_AKONUTSAT2_KTRC34,TP_AKONUTSAT3_KTR100,TP_AKONUTSAT3_KTR211,TP_AKONUTSAT3_KTR212,TP_AKONUTSAT3_KTR213,TP_AKONUTSAT3_KTR221,TP_AKONUTSAT3_KTR222,TP_AKONUTSAT3_KTR310,TP_AKONUTSAT3_KTR321,TP_AKONUTSAT3_KTR322,TP_AKONUTSAT3_KTR323,TP_AKONUTSAT3_KTR331,TP_AKONUTSAT3_KTR332,TP_AKONUTSAT3_KTR333,TP_AKONUTSAT3_KTR334,TP_AKONUTSAT3_KTR411,TP_AKONUTSAT3_KTR412,TP_AKONUTSAT3_KTR413,TP_AKONUTSAT3_KTR421,TP_AKONUTSAT3_KTR422,TP_AKONUTSAT3_KTR423,TP_AKONUTSAT3_KTR424,TP_AKONUTSAT3_KTR425,TP_AKONUTSAT3_KTR510,TP_AKONUTSAT3_KTR521,TP_AKONUTSAT3_KTR522,TP_AKONUTSAT3_KTR611,TP_AKONUTSAT3_KTR612,TP_AKONUTSAT3_KTR613,TP_AKONUTSAT3_KTR621,TP_AKONUTSAT3_KTR622,TP_AKONUTSAT3_KTR631,TP_AKONUTSAT3_KTR632,TP_AKONUTSAT3_KTR633,TP_AKONUTSAT3_KTR711,TP_AKONUTSAT3_KTR712,TP_AKONUTSAT3_KTR713,TP_AKONUTSAT3_KTR714,TP_AKONUTSAT3_KTR715,TP_AKONUTSAT3_KTR721,TP_AKONUTSAT3_KTR722,TP_AKONUTSAT3_KTR723,TP_AKONUTSAT3_KTR811,TP_AKONUTSAT3_KTR812,TP_AKONUTSAT3_KTR813,TP_AKONUTSAT3_KTR821,TP_AKONUTSAT3_KTR822,TP_AKONUTSAT3_KTR823,TP_AKONUTSAT3_KTR831,TP_AKONUTSAT3_KTR832,TP_AKONUTSAT3_KTR833,TP_AKONUTSAT3_KTR834,TP_AKONUTSAT3_KTR901,TP_AKONUTSAT3_KTR902,TP_AKONUTSAT3_KTR903,TP_AKONUTSAT3_KTR904,TP_AKONUTSAT3_KTR905,TP_AKONUTSAT3_KTR906,TP_AKONUTSAT3_KTRA11,TP_AKONUTSAT3_KTRA12,TP_AKONUTSAT3_KTRA13,TP_AKONUTSAT3_KTRA21,TP_AKONUTSAT3_KTRA22,TP_AKONUTSAT3_KTRA23,TP_AKONUTSAT3_KTRA24,TP_AKONUTSAT3_KTRB11,TP_AKONUTSAT3_KTRB12,TP_AKONUTSAT3_KTRB13,TP_AKONUTSAT3_KTRB14,TP_AKONUTSAT3_KTRB21,TP_AKONUTSAT3_KTRB22,TP_AKONUTSAT3_KTRB23,TP_AKONUTSAT3_KTRB24,TP_AKONUTSAT3_KTRC11,TP_AKONUTSAT3_KTRC12,TP_AKONUTSAT3_KTRC13,TP_AKONUTSAT3_KTRC21,TP_AKONUTSAT3_KTRC22,TP_AKONUTSAT3_KTRC31,TP_AKONUTSAT3_KTRC32,TP_AKONUTSAT3_KTRC33,TP_AKONUTSAT3_KTRC34,TP_AKONUTSAT4_KTR100,TP_AKONUTSAT4_KTR211,TP_AKONUTSAT4_KTR212,TP_AKONUTSAT4_KTR213,TP_AKONUTSAT4_KTR221,TP_AKONUTSAT4_KTR222,TP_AKONUTSAT4_KTR310,TP_AKONUTSAT4_KTR321,TP_AKONUTSAT4_KTR322,TP_AKONUTSAT4_KTR323,TP_AKONUTSAT4_KTR331,TP_AKONUTSAT4_KTR332,TP_AKONUTSAT4_KTR333,TP_AKONUTSAT4_KTR334,TP_AKONUTSAT4_KTR411,TP_AKONUTSAT4_KTR412,TP_AKONUTSAT4_KTR413,TP_AKONUTSAT4_KTR421,TP_AKONUTSAT4_KTR422,TP_AKONUTSAT4_KTR423,TP_AKONUTSAT4_KTR424,TP_AKONUTSAT4_KTR425,TP_AKONUTSAT4_KTR510,TP_AKONUTSAT4_KTR521,TP_AKONUTSAT4_KTR522,TP_AKONUTSAT4_KTR611,TP_AKONUTSAT4_KTR612,TP_AKONUTSAT4_KTR613,TP_AKONUTSAT4_KTR621,TP_AKONUTSAT4_KTR622,TP_AKONUTSAT4_KTR631,TP_AKONUTSAT4_KTR632,TP_AKONUTSAT4_KTR633,TP_AKONUTSAT4_KTR711,TP_AKONUTSAT4_KTR712,TP_AKONUTSAT4_KTR713,TP_AKONUTSAT4_KTR714,TP_AKONUTSAT4_KTR715,TP_AKONUTSAT4_KTR721,TP_AKONUTSAT4_KTR722,TP_AKONUTSAT4_KTR723,TP_AKONUTSAT4_KTR811,TP_AKONUTSAT4_KTR812,TP_AKONUTSAT4_KTR813,TP_AKONUTSAT4_KTR821,TP_AKONUTSAT4_KTR822,TP_AKONUTSAT4_KTR823,TP_AKONUTSAT4_KTR831,TP_AKONUTSAT4_KTR832,TP_AKONUTSAT4_KTR833,TP_AKONUTSAT4_KTR834,TP_AKONUTSAT4_KTR901,TP_AKONUTSAT4_KTR902,TP_AKONUTSAT4_KTR903,TP_AKONUTSAT4_KTR904,TP_AKONUTSAT4_KTR905,TP_AKONUTSAT4_KTR906,TP_AKONUTSAT4_KTRA11,TP_AKONUTSAT4_KTRA12,TP_AKONUTSAT4_KTRA13,TP_AKONUTSAT4_KTRA21,TP_AKONUTSAT4_KTRA22,TP_AKONUTSAT4_KTRA23,TP_AKONUTSAT4_KTRA24,TP_AKONUTSAT4_KTRB11,TP_AKONUTSAT4_KTRB12,TP_AKONUTSAT4_KTRB13,TP_AKONUTSAT4_KTRB14,TP_AKONUTSAT4_KTRB21,TP_AKONUTSAT4_KTRB22,TP_AKONUTSAT4_KTRB23,TP_AKONUTSAT4_KTRB24,TP_AKONUTSAT4_KTRC11,TP_AKONUTSAT4_KTRC12,TP_AKONUTSAT4_KTRC13,TP_AKONUTSAT4_KTRC21,TP_AKONUTSAT4_KTRC22,TP_AKONUTSAT4_KTRC31,TP_AKONUTSAT4_KTRC32,TP_AKONUTSAT4_KTRC33,TP_AKONUTSAT4_KTRC34,TP_BIRIMFIYAT_ADANA,TP_BIRIMFIYAT_ADIYAMAN,TP_BIRIMFIYAT_AFYON,TP_BIRIMFIYAT_AGRI,TP_BIRIMFIYAT_AKSARAY,TP_BIRIMFIYAT_AMASYA,TP_BIRIMFIYAT_ANK,TP_BIRIMFIYAT_ANTALYA,TP_BIRIMFIYAT_ANTEP,TP_BIRIMFIYAT_ARDAHAN,TP_BIRIMFIYAT_ARTVIN,TP_BIRIMFIYAT_AYDIN,TP_BIRIMFIYAT_BALIKESIR,TP_BIRIMFIYAT_BARTIN,TP_BIRIMFIYAT_BATMAN,TP_BIRIMFIYAT_BAYBURT,TP_BIRIMFIYAT_BILECIK,TP_BIRIMFIYAT_BINGOL,TP_BIRIMFIYAT_BITLIS,TP_BIRIMFIYAT_BOLU,TP_BIRIMFIYAT_BURDUR,TP_BIRIMFIYAT_BURSA,TP_BIRIMFIYAT_CANAKKALE,TP_BIRIMFIYAT_CANKIRI,TP_BIRIMFIYAT_CORUM,TP_BIRIMFIYAT_DENIZLI,TP_BIRIMFIYAT_DIYARBAKIR,TP_BIRIMFIYAT_DUZCE,TP_BIRIMFIYAT_EDIRNE,TP_BIRIMFIYAT_ELAZIG,TP_BIRIMFIYAT_ERZINCAN,TP_BIRIMFIYAT_ERZURUM,TP_BIRIMFIYAT_ESKISEHIR,TP_BIRIMFIYAT_GIRESUN,TP_BIRIMFIYAT_GUMUSHANE,TP_BIRIMFIYAT_HAKKARI,TP_BIRIMFIYAT_HATAY,TP_BIRIMFIYAT_IGDIR,TP_BIRIMFIYAT_ISPARTA,TP_BIRIMFIYAT_IST,TP_BIRIMFIYAT_IZM,TP_BIRIMFIYAT_KARABUK,TP_BIRIMFIYAT_KARAMAN,TP_BIRIMFIYAT_KARS,TP_BIRIMFIYAT_KASTAMONU,TP_BIRIMFIYAT_KAYSERI,TP_BIRIMFIYAT_KILIS,TP_BIRIMFIYAT_KIRIKKALE,TP_BIRIMFIYAT_KIRKLARELI,TP_BIRIMFIYAT_KIRSEHIR,TP_BIRIMFIYAT_KOCAELI,TP_BIRIMFIYAT_KONYA,TP_BIRIMFIYAT_KUTAHYA,TP_BIRIMFIYAT_MALATYA,TP_BIRIMFIYAT_MANISA,TP_BIRIMFIYAT_MARAS,TP_BIRIMFIYAT_MARDIN,TP_BIRIMFIYAT_MERSIN,TP_BIRIMFIYAT_MUGLA,TP_BIRIMFIYAT_MUS,TP_BIRIMFIYAT_NEVSEHIR,TP_BIRIMFIYAT_NIGDE,TP_BIRIMFIYAT_ORDU,TP_BIRIMFIYAT_OSMANIYE,TP_BIRIMFIYAT_RIZE,TP_BIRIMFIYAT_SAKARYA,TP_BIRIMFIYAT_SAMSUN,TP_BIRIMFIYAT_SIIRT,TP_BIRIMFIYAT_SINOP,TP_BIRIMFIYAT_SIRNAK,TP_BIRIMFIYAT_SIVAS,TP_BIRIMFIYAT_TEKIRDAG,TP_BIRIMFIYAT_TOKAT,TP_BIRIMFIYAT_TRABZON,TP_BIRIMFIYAT_TUNCELI,TP_BIRIMFIYAT_URFA,TP_BIRIMFIYAT_USAK,TP_BIRIMFIYAT_VAN,TP_BIRIMFIYAT_YALOVA,TP_BIRIMFIYAT_YOZGAT,TP_BIRIMFIYAT_ZONGULDAK,TP_BK_ADANA,TP_BK_ADIYAMAN,TP_BK_AFYONKARAHISAR,TP_BK_AGRI,TP_BK_AKSARAY,TP_BK_AMASYA,TP_BK_ANTALYA,TP_BK_ARDAHAN,TP_BK_ARTVIN,TP_BK_AYDIN,TP_BK_BALIKESIR,TP_BK_BARTIN,TP_BK_BATMAN,TP_BK_BAYBURT,TP_BK_BILECIK,TP_BK_BINGOL,TP_BK_BITLIS,TP_BK_BOLU,TP_BK_BURDUR,TP_BK_BURSA,TP_BK_CANAKKALE,TP_BK_CANKIRI,TP_BK_CORUM,TP_BK_DENIZLI,TP_BK_DIYARBAKIR,TP_BK_DUZCE,TP_BK_EDIRNE,TP_BK_ELAZIG,TP_BK_ERZINCAN,TP_BK_ERZURUM,TP_BK_ESKISEHIR,TP_BK_GAZIANTEP,TP_BK_GIRESUN,TP_BK_GUMUSHANE,TP_BK_HAKKARI,TP_BK_HATAY,TP_BK_IGDIR,TP_BK_ISPARTA,TP_BK_KAHRAMANMARAS,TP_BK_KARABUK,TP_BK_KARAMAN,TP_BK_KARS,TP_BK_KASTAMONU,TP_BK_KAYSERI,TP_BK_KILIS,TP_BK_KIRIKKALE,TP_BK_KIRKLARELI,TP_BK_KIRSEHIR,TP_BK_KOCAELI,TP_BK_KONYA,TP_BK_KUTAHYA,TP_BK_MALATYA,TP_BK_MANISA,TP_BK_MARDIN,TP_BK_MERSIN,TP_BK_MUGLA,TP_BK_MUS,TP_BK_NEVSEHIR,TP_BK_NIGDE,TP_BK_ORDU,TP_BK_OSMANIYE,TP_BK_RIZE,TP_BK_SAKARYA,TP_BK_SAMSUN,TP_BK_SANLIURFA,TP_BK_SIIRT,TP_BK_SINOP,TP_BK_SIRNAK,TP_BK_SIVAS,TP_BK_TEKIRDAG,TP_BK_TOKAT,TP_BK_TRABZON,TP_BK_TUNCELI,TP_BK_USAK,TP_BK_VAN,TP_BK_YALOVA,TP_BK_YOZGAT,TP_BK_ZONGULDAK,TP_KFE_TR21,TP_KFE_TR22,TP_KFE_TR32,TP_KFE_TR33,TP_KFE_TR41,TP_KFE_TR42,TP_KFE_TR52,TP_KFE_TR61,TP_KFE_TR62,TP_KFE_TR63,TP_KFE_TR7,TP_KFE_TR8,TP_KFE_TR9,TP_KFE_TRA,TP_KFE_TRB,TP_KFE_TRC,TP_YKKE_TR,TP_YKKE_TR10,TP_YKKE_TR21,TP_YKKE_TR22,TP_YKKE_TR31,TP_YKKE_TR32,TP_YKKE_TR33,TP_YKKE_TR41,TP_YKKE_TR42,TP_YKKE_TR51,TP_YKKE_TR52,TP_YKKE_TR61,TP_YKKE_TR62,TP_YKKE_TR63,TP_YKKE_TR7,TP_YKKE_TR8,TP_YKKE_TR9,TP_YKKE_TRA,TP_YKKE_TRB,TP_YKKE_TRC
2020Q1,71717.0,7426.0,1698.0,1777.0,7243.0,3000.0,23407.0,7912.0,4496.0,5151.0,6312.0,2285.0,1632.0,1441.0,13066.0,5219.0,883.0,8801.0,4668.0,1627.0,1480.0,2814.0,38284.0,8191.0,1009.0,18204.0,1455.0,795.0,8143.0,9790.0,6078.0,3542.0,1726.0,1530.0,1543.0,1672.0,734.0,957.0,6544.0,1911.0,1106.0,1555.0,1043.0,662.0,1398.0,699.0,777.0,5900.0,1580.0,2063.0,1271.0,2426.0,2564.0,1617.0,901.0,526.0,291.0,1920.0,493.0,124.0,381.0,602.0,283.0,106.0,2397.0,2505.0,665.0,179.0,1871.0,453.0,568.0,21.0,8289.0,1488.0,569.0,5607.0,5138.0,2110.0,1057.0,300.0,603.0,27179.0,3263.0,702.0,767.0,2428.0,1097.0,9944.0,2642.0,2036.0,1879.0,2670.0,799.0,538.0,543.0,5500.0,1973.0,402.0,3765.0,1398.0,520.0,578.0,484.0,17287.0,2432.0,375.0,5874.0,438.0,300.0,3668.0,3964.0,1884.0,1203.0,656.0,630.0,510.0,482.0,241.0,370.0,2520.0,692.0,363.0,757.0,386.0,284.0,595.0,266.0,342.0,2084.0,774.0,864.0,525.0,759.0,1158.0,686.0,343.0,241.0,126.0,690.0,202.0,31.0,95.0,206.0,105.0,45.0,823.0,684.0,84.0,43.0,575.0,65.0,187.0,5.0,3055.0,533.0,128.0,1244.0,1959.0,517.0,303.0,59.0,181.0,23776.0,2716.0,730.0,809.0,1769.0,780.0,7160.0,1877.0,1360.0,1412.0,2393.0,791.0,537.0,583.0,4546.0,1485.0,317.0,3078.0,1411.0,685.0,469.0,716.0,10208.0,2866.0,225.0,4648.0,409.0,313.0,2668.0,2719.0,2119.0,1271.0,655.0,466.0,767.0,596.0,134.0,351.0,1882.0,717.0,393.0,436.0,230.0,204.0,568.0,235.0,302.0,2303.0,601.0,770.0,465.0,797.0,1258.0,773.0,378.0,274.0,132.0,686.0,192.0,64.0,131.0,222.0,115.0,43.0,863.0,1091.0,252.0,86.0,774.0,209.0,287.0,9.0,2705.0,489.0,178.0,1998.0,1776.0,660.0,355.0,148.0,232.0,47941.0,4710.0,968.0,968.0,5474.0,2220.0,16247.0,6035.0,3136.0,3739.0,3919.0,1494.0,1095.0,858.0,8520.0,3734.0,566.0,5723.0,3257.0,942.0,1011.0,2098.0,28076.0,5325.0,784.0,13556.0,1046.0,482.0,5475.0,7071.0,3959.0,2271.0,1071.0,1064.0,776.0,1076.0,600.0,606.0,4662.0,1194.0,713.0,1119.0,813.0,458.0,830.0,464.0,475.0,3597.0,979.0,1293.0,806.0,1629.0,1306.0,844.0,523.0,252.0,159.0,1234.0,301.0,60.0,250.0,380.0,168.0,63.0,1534.0,1414.0,413.0,93.0,1097.0,244.0,281.0,12.0,5584.0,999.0,391.0,3609.0,3362.0,1450.0,702.0,152.0,371.0,2528.9,1687.0,2000.0,,1992.0,2008.3,2357.1,3021.3,2414.8,,1894.0,2524.2,2661.3,2375.0,1724.0,,1799.0,1418.0,,2083.0,2179.0,2510.3,2679.0,1637.0,1739.0,2327.3,1668.2,1786.0,2692.1,2027.0,2003.5,1656.0,2275.3,1871.0,,,1736.2,,2418.0,5419.2,3498.7,1888.5,1833.0,,2061.0,1994.1,1902.0,1652.0,2167.3,1692.0,2333.0,2018.8,1784.0,1915.2,2277.7,1799.6,1100.0,2101.6,4779.7,,1875.0,1429.0,2115.1,1543.5,2416.0,2184.0,1995.8,1409.0,2222.0,,1613.0,2293.9,1923.0,2083.0,,1411.2,1860.0,,2527.0,1500.0,2264.0,10.13,6.25,7.09,,6.51,6.93,12.14,,7.0,9.91,10.47,8.41,7.08,,7.0,,,8.0,8.33,10.34,10.76,6.55,6.19,8.9,7.08,7.75,10.71,7.74,7.05,6.89,9.04,10.57,6.84,,,7.34,,8.93,7.08,6.74,6.6,,7.28,7.15,8.78,7.0,8.95,6.0,9.56,8.19,6.43,7.0,9.3,4.75,8.97,18.54,,6.89,5.22,7.91,6.3,8.97,9.0,7.61,6.68,6.0,8.9,,6.0,9.41,7.14,7.14,,7.0,,10.0,5.42,8.19,12.71,12.77,11.7,14.07,13.81,12.6,12.85,10.39,12.09,13.19,14.74,13.37,13.46,15.07,15.75,13.6,14.87,14.28,14.33,14.51,15.48,14.08,16.34,15.38,14.3,13.59,14.31,12.03,14.69,14.67,16.34,15.45,15.31,17.64,18.73,16.31
2020Q2,48067.0,6930.0,1617.0,1784.0,5806.0,2958.0,18463.0,6077.0,3539.0,4154.0,4859.0,2306.0,2013.0,1451.0,11176.0,4599.0,952.0,8219.0,4095.0,1652.0,1380.0,1878.0,31988.0,8011.0,1131.0,11818.0,1398.0,908.0,8211.0,10195.0,5686.0,3063.0,1685.0,1429.0,1766.0,1713.0,817.0,946.0,6311.0,2539.0,1287.0,1352.0,1079.0,521.0,1416.0,586.0,721.0,5048.0,1585.0,1815.0,1183.0,2252.0,2302.0,1426.0,770.0,429.0,291.0,2208.0,958.0,140.0,393.0,632.0,354.0,155.0,2774.0,2127.0,546.0,143.0,1674.0,461.0,774.0,61.0,7437.0,1652.0,648.0,5286.0,5110.0,1603.0,977.0,245.0,446.0,22466.0,3672.0,861.0,949.0,2563.0,1430.0,9714.0,2874.0,1959.0,1842.0,2513.0,1093.0,834.0,672.0,5636.0,2361.0,534.0,4519.0,1782.0,703.0,653.0,633.0,18355.0,3225.0,562.0,4783.0,541.0,356.0,4336.0,4884.0,2307.0,1192.0,740.0,671.0,858.0,673.0,263.0,459.0,3176.0,1221.0,540.0,765.0,495.0,264.0,694.0,211.0,380.0,2498.0,801.0,906.0,582.0,1097.0,1299.0,743.0,365.0,260.0,89.0,1006.0,267.0,46.0,134.0,231.0,171.0,60.0,1191.0,791.0,115.0,48.0,679.0,133.0,241.0,,3094.0,581.0,189.0,1400.0,2123.0,470.0,305.0,30.0,164.0,15073.0,2383.0,674.0,871.0,1710.0,822.0,5874.0,1589.0,1104.0,1357.0,1728.0,927.0,762.0,609.0,4290.0,1455.0,301.0,2990.0,1376.0,730.0,606.0,519.0,7985.0,2936.0,334.0,3410.0,389.0,408.0,2736.0,3015.0,1929.0,1143.0,622.0,584.0,849.0,700.0,181.0,432.0,1862.0,1137.0,504.0,450.0,348.0,190.0,578.0,226.0,342.0,2100.0,581.0,742.0,457.0,727.0,1194.0,804.0,412.0,198.0,142.0,774.0,520.0,62.0,127.0,164.0,164.0,56.0,1097.0,1011.0,208.0,61.0,625.0,196.0,342.0,54.0,2734.0,731.0,270.0,2022.0,1623.0,505.0,345.0,119.0,157.0,32994.0,4547.0,943.0,913.0,4096.0,2136.0,12589.0,4488.0,2435.0,2797.0,3131.0,1379.0,1251.0,842.0,6886.0,3144.0,651.0,5229.0,2719.0,922.0,774.0,1359.0,24003.0,5075.0,797.0,8408.0,1009.0,500.0,5475.0,7180.0,3757.0,1920.0,1063.0,845.0,917.0,1013.0,636.0,514.0,4449.0,1402.0,783.0,902.0,731.0,331.0,838.0,360.0,379.0,2948.0,1004.0,1073.0,726.0,1525.0,1108.0,622.0,358.0,231.0,149.0,1434.0,438.0,78.0,266.0,468.0,190.0,99.0,1677.0,1116.0,338.0,82.0,1049.0,265.0,432.0,7.0,4703.0,921.0,378.0,3264.0,3487.0,1098.0,632.0,126.0,289.0,2734.5,1887.0,2188.0,,2148.5,2200.7,2569.2,3450.6,2703.7,,2150.0,2843.9,2978.7,2824.0,2000.0,,1932.0,1600.0,,2278.0,2382.5,2756.8,2951.0,1718.0,1981.0,2567.2,1799.0,2000.0,3026.9,2200.0,2241.0,1727.0,2563.5,2061.0,,,1909.3,,2703.0,5722.6,3815.7,2083.0,2049.0,,2282.0,2158.7,2119.0,1719.0,2273.0,1818.0,2590.2,2192.6,1992.5,2108.8,2528.7,2083.2,1263.5,2275.7,5503.4,,2129.5,1592.5,2342.9,1750.0,2800.0,2317.5,2210.0,1563.0,2583.0,,1776.0,2542.4,2070.0,2320.0,,1565.6,2031.0,,2700.5,1770.0,2563.0,10.93,6.9,7.67,,6.71,7.5,13.57,,8.0,11.18,11.37,9.52,8.2,,7.69,,,8.5,8.82,11.38,11.53,6.72,6.82,9.29,7.31,8.26,11.99,8.93,7.71,6.91,10.0,11.77,7.35,,,7.97,,9.3,7.68,7.37,7.0,,7.79,7.28,9.72,7.41,9.0,5.95,10.15,8.56,6.82,7.22,10.08,5.0,9.6,21.4,,7.48,5.68,8.61,7.0,9.33,9.09,8.43,7.22,6.21,10.0,,6.25,10.34,7.15,7.72,,7.14,,10.53,6.09,9.75,13.93,14.09,12.97,15.54,15.19,13.8,13.96,11.49,13.35,14.74,16.21,14.84,14.9,16.18,17.07,15.11,15.81,14.9,15.48,15.8,16.69,15.31,17.18,16.61,15.03,14.48,15.02,12.74,15.82,15.78,17.14,16.67,16.13,18.6,20.17,17.54
2020Q3,106744.0,13863.0,3041.0,3188.0,12926.0,5021.0,36990.0,12260.0,6633.0,8901.0,8788.0,3752.0,3078.0,2264.0,21779.0,8252.0,1378.0,16938.0,9190.0,2951.0,2274.0,4762.0,58452.0,13089.0,1706.0,20703.0,2667.0,1371.0,11812.0,16765.0,9889.0,5450.0,2412.0,2245.0,2953.0,2777.0,1341.0,1609.0,10969.0,3873.0,2062.0,2812.0,1860.0,1069.0,2757.0,843.0,1399.0,9761.0,2296.0,3357.0,2075.0,4618.0,4020.0,2843.0,1464.0,720.0,526.0,3568.0,1255.0,293.0,923.0,1007.0,688.0,254.0,4544.0,4010.0,1100.0,362.0,2916.0,702.0,1183.0,52.0,12694.0,2669.0,1106.0,8791.0,7186.0,3083.0,1770.0,371.0,980.0,52977.0,6727.0,1490.0,1551.0,4961.0,2191.0,18883.0,5164.0,3412.0,3544.0,4386.0,1401.0,1155.0,1009.0,10865.0,3789.0,702.0,8816.0,3616.0,1267.0,951.0,1387.0,31247.0,4668.0,673.0,7191.0,987.0,523.0,5857.0,7539.0,3822.0,1851.0,920.0,958.0,983.0,908.0,410.0,604.0,4725.0,1557.0,761.0,1377.0,794.0,468.0,1136.0,331.0,624.0,4377.0,1042.0,1445.0,862.0,1792.0,2028.0,1228.0,666.0,388.0,175.0,1457.0,461.0,84.0,271.0,418.0,304.0,76.0,1815.0,1207.0,203.0,126.0,1011.0,136.0,419.0,10.0,4898.0,977.0,331.0,2169.0,2748.0,892.0,564.0,81.0,283.0,30157.0,4429.0,1198.0,1396.0,3457.0,1290.0,10717.0,2982.0,2010.0,2839.0,3040.0,1289.0,1027.0,820.0,7547.0,2737.0,517.0,5556.0,2918.0,1196.0,782.0,1038.0,14332.0,4700.0,436.0,5351.0,754.0,578.0,3487.0,4653.0,3031.0,2218.0,835.0,750.0,1432.0,991.0,340.0,584.0,3197.0,1563.0,803.0,884.0,563.0,382.0,1186.0,240.0,619.0,3824.0,880.0,1328.0,887.0,1519.0,1817.0,1426.0,618.0,250.0,265.0,1223.0,620.0,145.0,461.0,349.0,400.0,104.0,1547.0,1845.0,456.0,167.0,1021.0,207.0,614.0,21.0,4658.0,1037.0,476.0,3100.0,2066.0,957.0,787.0,188.0,388.0,76587.0,9434.0,1843.0,1792.0,9469.0,3731.0,26273.0,9278.0,4623.0,6062.0,5748.0,2463.0,2051.0,1444.0,14232.0,5515.0,861.0,11382.0,6272.0,1755.0,1492.0,3724.0,44120.0,8389.0,1270.0,15352.0,1913.0,793.0,8325.0,12112.0,6858.0,3232.0,1577.0,1495.0,1521.0,1786.0,1001.0,1025.0,7772.0,2310.0,1259.0,1928.0,1297.0,687.0,1571.0,603.0,780.0,5937.0,1416.0,2029.0,1188.0,3099.0,2203.0,1417.0,846.0,470.0,261.0,2345.0,635.0,148.0,462.0,658.0,288.0,150.0,2997.0,2165.0,644.0,195.0,1895.0,495.0,569.0,31.0,8036.0,1632.0,630.0,5691.0,5120.0,2126.0,983.0,183.0,592.0,2904.3,2000.0,2222.0,,2177.0,2318.3,2710.4,3719.1,2945.3,,2211.0,2987.0,3090.0,2985.0,2114.0,,2000.0,1620.5,,2350.0,2411.5,2868.7,3088.0,1696.0,2080.5,2693.6,2006.0,2063.0,3012.4,2270.0,2303.5,1724.5,2731.5,2115.0,,,2006.8,,2941.0,6073.4,4085.8,2237.0,2158.0,,2304.0,2308.3,2143.0,1832.0,2410.8,1879.5,2690.1,2305.7,2095.0,2182.0,2662.5,2341.3,1353.0,2367.1,6242.4,,2279.0,1630.0,2379.2,1852.0,2632.0,2471.5,2300.4,1692.0,2607.0,,1830.0,2557.8,2167.0,2400.0,,1662.8,2100.0,,2710.0,1830.0,2593.0,11.56,7.27,8.0,,6.84,7.64,14.42,,8.0,11.43,11.79,9.0,8.57,,8.0,,,8.6,8.86,11.87,12.0,6.5,7.0,9.8,7.98,8.33,12.36,9.5,8.14,7.0,10.44,12.15,7.69,,,8.3,,10.0,8.28,7.69,7.65,,7.56,7.79,10.25,7.69,9.65,6.0,10.54,9.1,7.0,7.84,10.36,5.12,9.91,22.99,,8.0,5.6,8.69,7.37,9.16,10.0,8.46,7.95,7.0,10.0,,6.5,10.37,7.84,8.0,,7.85,,10.61,6.0,10.0,14.54,15.21,14.34,16.23,16.12,14.38,14.95,12.7,14.11,15.74,16.9,15.51,15.09,16.96,18.07,16.65,16.83,16.03,16.13,16.88,17.44,16.45,18.22,17.51,15.71,15.13,16.31,13.89,16.74,16.73,18.19,17.27,16.92,19.82,21.73,19.12
2020Q4,72013.0,7539.0,1732.0,1905.0,7755.0,2993.0,20596.0,7552.0,3871.0,6340.0,5501.0,2637.0,2224.0,1453.0,12665.0,4768.0,854.0,9422.0,5752.0,2163.0,1788.0,3521.0,33432.0,9128.0,1296.0,14886.0,1565.0,912.0,6808.0,9745.0,5843.0,3602.0,1719.0,1351.0,2132.0,1986.0,1171.0,1235.0,7446.0,2415.0,1690.0,1613.0,1096.0,558.0,1591.0,947.0,787.0,6407.0,1410.0,1918.0,1242.0,3263.0,2979.0,2064.0,1061.0,416.0,457.0,3063.0,1449.0,286.0,928.0,885.0,633.0,197.0,3541.0,3097.0,1610.0,389.0,2424.0,830.0,1403.0,70.0,8982.0,2067.0,778.0,8068.0,5242.0,2342.0,1679.0,494.0,855.0,15642.0,1739.0,374.0,378.0,1329.0,564.0,4680.0,1302.0,883.0,1554.0,1251.0,375.0,299.0,200.0,2712.0,881.0,205.0,2045.0,944.0,343.0,227.0,320.0,7471.0,1051.0,135.0,2314.0,170.0,125.0,1468.0,1864.0,901.0,555.0,327.0,259.0,224.0,201.0,146.0,180.0,1103.0,352.0,265.0,354.0,206.0,147.0,282.0,151.0,151.0,1057.0,293.0,362.0,233.0,405.0,641.0,424.0,175.0,115.0,66.0,490.0,246.0,27.0,148.0,171.0,200.0,43.0,495.0,345.0,100.0,65.0,294.0,57.0,214.0,7.0,1520.0,324.0,85.0,793.0,880.0,181.0,206.0,25.0,120.0,22503.0,2471.0,759.0,779.0,2303.0,1016.0,6117.0,2050.0,1365.0,2239.0,2174.0,899.0,1015.0,729.0,4680.0,1748.0,432.0,3347.0,2153.0,997.0,578.0,766.0,9363.0,3686.0,423.0,3830.0,533.0,476.0,2175.0,2800.0,1932.0,1768.0,739.0,558.0,1139.0,854.0,476.0,647.0,2618.0,1146.0,931.0,625.0,432.0,209.0,726.0,456.0,346.0,2696.0,693.0,814.0,543.0,1196.0,1388.0,1081.0,552.0,179.0,286.0,1593.0,967.0,199.0,561.0,563.0,463.0,72.0,1568.0,1693.0,1060.0,280.0,1001.0,487.0,979.0,38.0,3496.0,1012.0,226.0,3226.0,1927.0,812.0,853.0,219.0,342.0,49510.0,5068.0,973.0,1126.0,5452.0,1977.0,14479.0,5502.0,2506.0,4101.0,3327.0,1738.0,1209.0,724.0,7985.0,3020.0,422.0,6075.0,3599.0,1166.0,1210.0,2755.0,24069.0,5442.0,873.0,11056.0,1032.0,436.0,4633.0,6945.0,3911.0,1834.0,980.0,793.0,993.0,1132.0,695.0,588.0,4828.0,1269.0,759.0,988.0,664.0,349.0,865.0,491.0,441.0,3711.0,717.0,1104.0,699.0,2067.0,1591.0,983.0,509.0,237.0,171.0,1470.0,482.0,87.0,367.0,322.0,170.0,125.0,1973.0,1404.0,550.0,109.0,1423.0,343.0,424.0,32.0,5486.0,1055.0,552.0,4842.0,3315.0,1530.0,826.0,275.0,513.0,3036.5,2038.0,2328.0,,2291.0,2438.5,2977.1,4064.0,3191.9,,2256.5,3244.8,3248.3,3056.0,2343.5,,2047.0,1889.0,,2538.0,2559.0,2953.2,3100.0,1949.5,2059.0,2905.3,2216.3,2143.0,3038.9,2243.0,2538.0,1785.0,2819.6,2067.0,,,2063.5,,3088.0,6760.0,4304.8,2352.5,2128.0,,2435.0,2451.6,2271.5,1923.0,2615.5,1769.0,2732.4,2427.0,2195.0,2342.3,2785.8,2532.6,1474.0,2488.5,6829.6,,2643.5,1789.0,2348.7,1977.0,2648.5,2469.0,2410.9,1765.0,2465.0,,1920.0,2671.6,2308.0,2432.0,,1882.8,2115.0,,2747.0,1897.0,2727.0,11.93,7.6,8.28,,7.03,8.32,15.87,,7.58,12.41,12.65,9.32,10.0,,8.24,,,9.09,9.47,12.29,12.0,6.96,7.14,10.39,8.85,8.5,12.14,9.0,9.0,7.0,10.89,13.04,8.0,,,8.65,,10.52,9.3,7.5,7.0,,8.0,8.42,10.0,8.23,9.83,6.0,10.79,9.7,7.23,8.43,11.01,5.17,10.39,25.05,,9.26,6.0,8.71,7.49,9.02,10.0,8.91,8.79,6.95,10.0,,7.0,10.94,8.06,8.21,,7.83,,11.0,6.35,10.0,15.04,15.72,15.69,16.75,16.65,15.44,16.07,14.29,15.14,17.12,17.99,16.35,16.49,18.74,19.13,17.73,17.83,16.89,16.39,17.72,18.87,18.21,18.62,18.04,16.87,15.95,17.5,15.92,17.89,17.86,19.73,18.12,18.38,20.01,22.61,19.72
2021Q1,57551.0,6440.0,1246.0,1281.0,5928.0,2288.0,16412.0,5919.0,3096.0,5422.0,4378.0,1862.0,1309.0,1037.0,10143.0,3655.0,679.0,6947.0,4395.0,1488.0,1299.0,2659.0,26874.0,6589.0,814.0,12289.0,1026.0,650.0,5721.0,8175.0,4782.0,2599.0,1272.0,1087.0,1404.0,1251.0,624.0,812.0,5727.0,1574.0,932.0,1099.0,763.0,459.0,1083.0,453.0,565.0,4493.0,1180.0,1555.0,876.0,2254.0,2052.0,1245.0,791.0,355.0,194.0,1754.0,567.0,137.0,496.0,579.0,364.0,145.0,2299.0,1989.0,1054.0,180.0,1807.0,579.0,799.0,71.0,6796.0,1522.0,591.0,5800.0,3843.0,1559.0,1017.0,369.0,668.0,11515.0,1504.0,301.0,272.0,918.0,380.0,3478.0,1044.0,663.0,1219.0,1038.0,273.0,193.0,154.0,2005.0,707.0,197.0,1522.0,696.0,217.0,191.0,261.0,6020.0,707.0,92.0,1882.0,115.0,85.0,1164.0,1449.0,659.0,370.0,257.0,197.0,138.0,137.0,108.0,109.0,884.0,208.0,107.0,313.0,145.0,100.0,164.0,58.0,109.0,656.0,220.0,310.0,190.0,280.0,446.0,270.0,122.0,106.0,22.0,272.0,89.0,9.0,43.0,70.0,78.0,14.0,301.0,180.0,39.0,21.0,170.0,24.0,86.0,,1112.0,228.0,62.0,564.0,578.0,170.0,124.0,14.0,66.0,16973.0,1983.0,456.0,498.0,1770.0,715.0,4900.0,1610.0,943.0,1885.0,1669.0,424.0,463.0,391.0,3716.0,1060.0,254.0,2254.0,1555.0,556.0,388.0,579.0,6643.0,2185.0,206.0,3310.0,313.0,307.0,1829.0,2318.0,1598.0,1054.0,584.0,448.0,681.0,401.0,174.0,370.0,1652.0,602.0,392.0,422.0,227.0,171.0,458.0,150.0,219.0,1706.0,578.0,597.0,332.0,689.0,918.0,627.0,365.0,135.0,89.0,713.0,313.0,75.0,251.0,254.0,216.0,53.0,904.0,945.0,641.0,77.0,794.0,280.0,482.0,54.0,2675.0,750.0,182.0,2153.0,1379.0,553.0,491.0,217.0,310.0,40578.0,4457.0,790.0,783.0,4158.0,1573.0,11512.0,4309.0,2153.0,3537.0,2709.0,1438.0,846.0,646.0,6427.0,2595.0,425.0,4693.0,2840.0,932.0,911.0,2080.0,20231.0,4404.0,608.0,8979.0,713.0,343.0,3892.0,5857.0,3184.0,1545.0,688.0,639.0,723.0,850.0,450.0,442.0,4075.0,972.0,540.0,677.0,536.0,288.0,625.0,303.0,346.0,2787.0,602.0,958.0,544.0,1565.0,1134.0,618.0,426.0,220.0,105.0,1041.0,254.0,62.0,245.0,325.0,148.0,92.0,1395.0,1044.0,413.0,103.0,1013.0,299.0,317.0,17.0,4121.0,772.0,409.0,3647.0,2464.0,1006.0,526.0,152.0,358.0,3248.1,2429.0,2368.0,,2460.5,2668.5,3018.3,4280.4,3480.9,,2330.0,3481.3,3430.4,3146.0,2353.0,,2189.0,2066.5,,2625.0,2571.0,3231.5,3214.0,1987.5,2167.5,3121.5,2363.7,2222.0,3218.4,2398.5,2760.0,1818.0,2999.8,2129.0,,,2206.1,,3125.0,6893.9,4728.8,2345.0,2212.0,,2522.5,2681.6,2286.0,2018.5,2708.0,2091.0,2827.1,2596.6,2254.0,2465.7,2899.2,2702.9,1501.5,2633.5,7577.1,,2692.5,1812.0,2642.8,2250.0,3134.0,2795.0,2583.8,1921.0,2697.5,,2098.0,2803.3,2459.0,2680.0,,2028.4,2368.0,,2963.5,2000.0,2749.5,12.31,8.0,8.44,,7.52,8.43,16.29,,8.0,13.16,13.0,9.9,9.74,,9.0,,,9.36,9.22,13.26,12.26,7.0,7.32,10.95,9.17,9.0,13.06,10.0,9.5,7.16,11.2,14.0,8.0,,,8.83,,11.0,9.63,9.0,8.0,,8.0,9.07,10.71,8.48,10.0,6.92,11.12,9.97,8.0,8.72,11.25,5.91,10.88,28.27,,10.0,6.15,9.25,8.16,10.0,11.0,9.35,8.97,7.52,10.0,,7.19,11.39,8.41,8.95,,8.0,,12.0,7.0,10.29,16.3,17.35,16.6,18.1,17.95,16.09,16.99,14.99,16.06,18.28,19.76,17.21,17.07,19.84,20.73,18.95,18.67,17.72,17.61,19.07,20.05,18.86,19.86,19.0,17.36,16.45,18.06,15.97,18.42,18.85,20.53,18.82,18.51,21.56,23.53,21.13
2021Q2,63570.0,7275.0,1442.0,1319.0,7406.0,2564.0,17546.0,6722.0,3201.0,5670.0,4454.0,2118.0,1597.0,1167.0,11598.0,4116.0,776.0,8912.0,4944.0,1576.0,1502.0,3043.0,29137.0,7649.0,838.0,12826.0,1340.0,673.0,6333.0,9444.0,5246.0,2891.0,1512.0,1209.0,1451.0,1640.0,665.0,819.0,6358.0,1650.0,954.0,1219.0,936.0,496.0,1192.0,486.0,649.0,4720.0,1293.0,1793.0,989.0,2226.0,2039.0,1329.0,739.0,328.0,205.0,1934.0,803.0,185.0,417.0,454.0,298.0,123.0,2692.0,2183.0,908.0,185.0,1549.0,443.0,697.0,37.0,7479.0,1745.0,649.0,5665.0,4779.0,1777.0,1166.0,339.0,664.0,13739.0,1803.0,350.0,299.0,1282.0,443.0,4002.0,1212.0,797.0,1032.0,1138.0,347.0,234.0,201.0,2510.0,799.0,206.0,1895.0,845.0,233.0,239.0,312.0,7754.0,892.0,109.0,1975.0,169.0,91.0,1309.0,1832.0,797.0,501.0,267.0,230.0,163.0,195.0,82.0,112.0,1002.0,218.0,146.0,263.0,228.0,113.0,199.0,75.0,147.0,832.0,253.0,326.0,215.0,257.0,435.0,231.0,95.0,88.0,37.0,306.0,74.0,12.0,31.0,80.0,58.0,19.0,379.0,170.0,26.0,23.0,220.0,25.0,84.0,,1309.0,267.0,70.0,580.0,957.0,183.0,139.0,,83.0,18093.0,2182.0,508.0,497.0,2475.0,769.0,4995.0,1856.0,938.0,1938.0,1644.0,562.0,575.0,470.0,4180.0,1017.0,315.0,3208.0,1774.0,682.0,447.0,615.0,6418.0,2729.0,196.0,3746.0,446.0,315.0,1886.0,2639.0,1764.0,1112.0,687.0,472.0,685.0,635.0,167.0,368.0,2037.0,589.0,412.0,420.0,243.0,157.0,503.0,172.0,228.0,1796.0,596.0,810.0,426.0,691.0,975.0,721.0,372.0,121.0,119.0,734.0,426.0,107.0,162.0,195.0,162.0,44.0,1077.0,1127.0,474.0,83.0,556.0,149.0,341.0,21.0,2620.0,885.0,147.0,2005.0,1848.0,669.0,497.0,191.0,338.0,45477.0,5093.0,934.0,822.0,4931.0,1795.0,12551.0,4866.0,2263.0,3732.0,2810.0,1556.0,1022.0,697.0,7418.0,3099.0,461.0,5704.0,3170.0,894.0,1055.0,2428.0,22719.0,4920.0,642.0,9080.0,894.0,358.0,4447.0,6805.0,3482.0,1779.0,825.0,737.0,766.0,1005.0,498.0,451.0,4321.0,1061.0,542.0,799.0,693.0,339.0,689.0,314.0,421.0,2924.0,697.0,983.0,563.0,1535.0,1064.0,608.0,367.0,207.0,86.0,1200.0,377.0,78.0,255.0,259.0,136.0,79.0,1615.0,1056.0,434.0,102.0,993.0,294.0,356.0,16.0,4859.0,860.0,502.0,3660.0,2931.0,1108.0,669.0,148.0,326.0,3427.9,2628.5,2625.5,,2616.0,2807.7,3345.3,4880.5,3793.0,,2610.0,3842.2,4047.5,3333.0,2692.0,,2466.0,2214.5,,2857.0,2826.0,3447.8,3696.5,2099.0,2347.5,3289.9,2597.6,2391.0,3477.9,2438.0,2938.5,2000.0,3223.3,2446.0,,,2450.0,,3571.0,7324.4,5016.4,2614.5,2510.0,,2803.0,2783.2,2555.5,2200.0,2881.1,2315.0,3039.5,2851.3,2409.0,2665.5,3195.1,2962.7,1856.0,2937.3,9512.8,,2826.0,2114.0,2812.5,2324.0,3056.0,3023.0,2776.6,2078.0,3000.0,,2227.0,2952.2,2634.0,2786.0,,2183.8,2514.0,,3261.0,2099.0,2851.0,13.37,9.0,9.7,,8.0,8.61,18.22,,9.0,14.56,14.6,10.0,10.24,,9.33,,,10.0,10.0,13.88,13.93,7.1,7.69,11.5,10.41,10.0,12.9,9.52,9.96,8.0,12.04,15.0,9.0,,,10.18,,12.68,10.08,8.14,8.2,,9.26,9.24,10.86,8.8,10.21,7.31,11.8,10.86,7.78,9.0,12.07,6.63,12.07,33.89,,9.38,6.75,10.15,9.0,10.57,11.8,9.9,9.55,8.72,11.06,,7.36,12.16,8.5,9.0,,8.75,,13.02,7.0,10.37,17.47,19.38,19.2,19.61,19.51,17.5,18.6,16.64,17.62,19.88,20.79,18.64,18.76,20.72,21.69,21.24,20.04,18.98,18.66,20.25,21.6,21.69,20.99,20.56,18.49,17.64,19.43,17.52,20.08,20.37,21.18,19.51,20.0,21.8,24.06,23.31
2021Q3,80409.0,9987.0,2115.0,2106.0,9847.0,3449.0,23638.0,9384.0,4653.0,6259.0,5694.0,2970.0,2470.0,1730.0,14522.0,5899.0,1033.0,11168.0,6729.0,2058.0,1993.0,4280.0,39555.0,11597.0,1426.0,17377.0,2201.0,963.0,8279.0,11677.0,6748.0,4489.0,1906.0,1631.0,2583.0,2469.0,1212.0,1379.0,9459.0,2724.0,1903.0,1878.0,1003.0,796.0,1798.0,874.0,1006.0,7115.0,1902.0,2403.0,1414.0,3441.0,2783.0,1990.0,910.0,424.0,476.0,2664.0,1109.0,303.0,935.0,858.0,496.0,194.0,4131.0,3129.0,1098.0,414.0,2406.0,628.0,1134.0,60.0,10190.0,2245.0,883.0,7714.0,6419.0,2326.0,1494.0,296.0,806.0,18864.0,2644.0,538.0,474.0,1700.0,679.0,5280.0,1578.0,1081.0,1068.0,1376.0,432.0,355.0,231.0,3187.0,1180.0,280.0,2762.0,1199.0,315.0,320.0,396.0,9992.0,1282.0,201.0,2779.0,245.0,159.0,1912.0,2303.0,1048.0,777.0,383.0,286.0,234.0,267.0,175.0,152.0,1392.0,385.0,229.0,349.0,192.0,186.0,303.0,109.0,176.0,1118.0,345.0,421.0,296.0,383.0,501.0,314.0,144.0,95.0,34.0,434.0,125.0,32.0,97.0,166.0,76.0,42.0,618.0,254.0,45.0,50.0,322.0,30.0,135.0,3.0,1802.0,354.0,130.0,839.0,1271.0,250.0,208.0,18.0,79.0,22331.0,3137.0,886.0,838.0,2997.0,1055.0,6200.0,2476.0,1407.0,2105.0,2092.0,769.0,870.0,693.0,4810.0,1492.0,422.0,3771.0,2291.0,665.0,681.0,912.0,9131.0,4008.0,314.0,4919.0,745.0,386.0,2404.0,3092.0,2164.0,1954.0,857.0,595.0,1326.0,1168.0,436.0,566.0,2762.0,1028.0,857.0,567.0,136.0,226.0,808.0,378.0,100.0,2724.0,913.0,1016.0,610.0,992.0,1248.0,1018.0,362.0,150.0,262.0,1070.0,609.0,132.0,505.0,441.0,246.0,89.0,1604.0,1621.0,531.0,218.0,838.0,211.0,459.0,43.0,3657.0,1120.0,301.0,2571.0,2274.0,777.0,615.0,157.0,378.0,58078.0,6850.0,1229.0,1268.0,6850.0,2394.0,17438.0,6908.0,3246.0,4154.0,3602.0,2201.0,1600.0,1037.0,9712.0,4407.0,611.0,7397.0,4438.0,1393.0,1312.0,3368.0,30424.0,7589.0,1112.0,12458.0,1456.0,577.0,5875.0,8585.0,4584.0,2535.0,1049.0,1036.0,1257.0,1301.0,776.0,813.0,6697.0,1696.0,1046.0,1311.0,867.0,570.0,990.0,496.0,906.0,4391.0,989.0,1387.0,804.0,2449.0,1535.0,972.0,548.0,274.0,214.0,1594.0,500.0,171.0,430.0,417.0,250.0,105.0,2527.0,1508.0,567.0,196.0,1568.0,417.0,675.0,17.0,6533.0,1125.0,582.0,5143.0,4145.0,1549.0,879.0,139.0,428.0,3846.5,2857.0,2872.0,,2913.0,3168.4,3561.8,5347.6,4149.3,,2672.0,4542.6,4387.7,3896.0,2909.0,,2670.0,2378.0,,3185.0,3115.0,3764.5,4250.0,2381.0,2583.0,3459.4,2937.8,2841.0,3849.4,2754.5,3176.0,2222.0,3518.8,2615.0,,,2683.1,,3692.0,7860.7,5622.5,2893.0,2679.0,,3108.0,3002.8,2874.0,2306.0,3176.4,2478.0,3300.2,3181.3,2625.0,2854.2,3494.1,3295.0,2032.0,3322.6,10561.2,,3171.5,2204.0,3124.7,2564.0,3233.0,3500.0,3167.3,2252.0,3216.5,,2439.0,3281.9,2848.0,2964.5,,2521.2,2679.0,,3500.0,2365.0,3283.0,14.71,10.0,10.0,,9.0,9.86,19.77,,9.0,16.79,16.03,10.0,11.16,,10.0,,,10.78,11.0,15.26,15.98,7.98,8.0,11.63,12.52,11.21,14.51,10.0,10.0,8.39,13.18,16.32,9.39,,,10.51,,12.0,11.41,10.0,9.09,,9.36,10.31,12.0,9.0,11.36,8.0,13.11,11.72,8.21,10.0,13.22,7.0,13.45,37.81,,11.0,7.0,10.85,9.77,12.0,13.88,11.49,10.99,9.28,12.0,,8.0,13.5,9.56,9.87,,10.0,,14.86,8.0,12.0,19.01,20.76,20.95,21.93,21.67,19.05,20.76,18.26,19.92,22.37,23.05,20.92,20.55,22.89,23.72,24.07,22.24,21.3,20.57,22.32,23.22,23.47,23.3,22.89,20.55,19.46,21.64,19.3,22.67,21.96,24.14,21.69,21.92,24.85,26.75,25.99
2021Q4,110579.0,13444.0,3121.0,3028.0,12662.0,4772.0,34855.0,12399.0,6647.0,8548.0,9032.0,4268.0,3318.0,2368.0,20740.0,8591.0,1476.0,16106.0,9079.0,3228.0,3017.0,5162.0,54072.0,14526.0,1648.0,25997.0,2848.0,1444.0,10470.0,14724.0,8103.0,5572.0,2762.0,2515.0,3385.0,3024.0,1828.0,1719.0,11869.0,3543.0,2449.0,2591.0,1591.0,1032.0,2455.0,1056.0,1109.0,10069.0,2777.0,3468.0,1974.0,4289.0,4507.0,2962.0,1684.0,655.0,627.0,4484.0,1944.0,333.0,1096.0,1559.0,746.0,329.0,5393.0,4981.0,2004.0,850.0,3955.0,1113.0,2166.0,115.0,13500.0,4289.0,1323.0,10782.0,7503.0,3684.0,2623.0,457.0,1431.0,25379.0,3606.0,720.0,789.0,2512.0,1105.0,8163.0,2204.0,1845.0,1707.0,2396.0,703.0,548.0,434.0,4663.0,1989.0,419.0,4213.0,1460.0,614.0,475.0,477.0,13953.0,1780.0,292.0,4429.0,447.0,212.0,2493.0,2885.0,1468.0,1023.0,589.0,453.0,437.0,373.0,248.0,290.0,2115.0,555.0,381.0,643.0,353.0,265.0,479.0,206.0,233.0,1815.0,641.0,706.0,412.0,505.0,962.0,540.0,260.0,153.0,54.0,854.0,307.0,34.0,179.0,362.0,165.0,94.0,857.0,524.0,112.0,83.0,660.0,73.0,345.0,16.0,2337.0,509.0,206.0,1107.0,1483.0,407.0,327.0,30.0,201.0,32484.0,4254.0,1340.0,1204.0,4356.0,1695.0,9404.0,3231.0,2153.0,3055.0,3313.0,1224.0,1252.0,1045.0,7282.0,2169.0,706.0,5556.0,3069.0,1090.0,1070.0,1173.0,13471.0,5777.0,471.0,7624.0,1094.0,636.0,3320.0,4458.0,2837.0,2679.0,1088.0,848.0,1901.0,1339.0,786.0,809.0,3826.0,1558.0,1343.0,878.0,288.0,400.0,1233.0,410.0,146.0,3809.0,1373.0,1597.0,893.0,1371.0,2036.0,1084.0,831.0,205.0,320.0,2467.0,1124.0,77.0,632.0,967.0,434.0,148.0,2145.0,2813.0,1244.0,657.0,1480.0,588.0,1276.0,78.0,5653.0,2758.0,516.0,4387.0,3274.0,1362.0,1115.0,227.0,793.0,78095.0,9190.0,1781.0,1824.0,8306.0,3077.0,25451.0,9168.0,4494.0,5493.0,5719.0,3044.0,2066.0,1323.0,13458.0,6422.0,770.0,10550.0,6010.0,2138.0,1947.0,3989.0,40601.0,8749.0,1177.0,18373.0,1754.0,808.0,7150.0,10266.0,5266.0,2893.0,1674.0,1667.0,1484.0,1685.0,1042.0,910.0,8043.0,1985.0,1106.0,1713.0,1303.0,632.0,1222.0,646.0,963.0,6260.0,1404.0,1871.0,1081.0,2918.0,2471.0,1878.0,853.0,450.0,307.0,2017.0,820.0,256.0,464.0,592.0,312.0,181.0,3248.0,2168.0,760.0,193.0,2475.0,525.0,890.0,37.0,7847.0,1531.0,807.0,6395.0,4229.0,2322.0,1508.0,230.0,638.0,4615.8,3320.0,3294.5,,3562.0,3839.9,4268.9,6492.4,4939.8,,3294.0,5229.9,5277.3,4583.0,3460.0,,3178.5,2673.0,,3763.0,3985.5,4388.3,5000.0,2899.0,3000.0,4045.3,3726.8,3274.0,4803.3,3053.0,3553.5,2721.0,4114.5,3000.0,,,3183.6,,4412.0,9916.9,6456.3,3222.0,3093.0,,3602.5,3498.9,3369.0,2816.0,3614.9,2910.0,3936.9,3965.9,3182.0,3347.3,4079.9,3931.1,2419.0,4105.9,11496.3,,3942.5,2771.5,3749.5,3000.0,3814.0,4000.0,3680.7,2500.0,3790.0,,2941.0,3825.8,3259.5,3519.0,,3085.3,3230.5,,4486.5,2832.0,3795.0,17.27,10.93,12.0,,11.0,11.75,24.05,,11.0,18.81,18.65,13.7,12.84,,12.0,,,12.88,14.44,17.69,18.81,9.25,9.22,14.26,14.95,12.94,16.92,10.95,11.14,10.23,15.46,18.4,11.0,,,11.9,,15.0,13.89,10.6,10.29,,11.68,11.8,14.0,10.41,13.98,9.02,15.38,14.33,9.89,12.0,15.04,8.33,16.16,38.62,,14.81,8.2,12.37,11.36,12.68,15.0,13.16,12.94,10.0,13.57,,9.0,15.62,10.74,10.78,,10.75,,18.54,10.0,13.0,23.91,26.22,25.46,27.1,27.02,24.06,26.61,24.22,26.33,27.97,28.7,25.64,25.34,27.29,28.43,30.57,27.37,27.8,25.55,26.81,28.7,27.39,27.84,27.56,25.32,23.84,25.97,24.93,28.52,26.63,28.7,25.83,25.68,28.14,30.33,30.68
2022Q1,64810.0,8251.0,1819.0,1696.0,7257.0,2620.0,20269.0,7617.0,4589.0,5266.0,5247.0,2574.0,2137.0,1268.0,12545.0,4668.0,876.0,10624.0,5794.0,1819.0,1660.0,3663.0,30157.0,7015.0,782.0,15804.0,1662.0,787.0,5948.0,9234.0,5706.0,3264.0,1928.0,1785.0,2006.0,1427.0,845.0,965.0,6507.0,1685.0,1290.0,1417.0,865.0,593.0,1302.0,601.0,652.0,5631.0,1494.0,2096.0,1069.0,2902.0,2630.0,1824.0,938.0,431.0,338.0,2533.0,957.0,187.0,556.0,694.0,464.0,146.0,2599.0,2976.0,1060.0,274.0,2217.0,654.0,1075.0,579.0,7363.0,1563.0,791.0,5895.0,3990.0,2266.0,1484.0,341.0,940.0,13621.0,2079.0,498.0,480.0,1499.0,610.0,4654.0,1517.0,1299.0,1035.0,1466.0,502.0,362.0,287.0,2980.0,1237.0,282.0,2930.0,1029.0,413.0,265.0,335.0,8165.0,999.0,178.0,2224.0,349.0,154.0,1405.0,1840.0,1084.0,718.0,463.0,426.0,271.0,236.0,134.0,173.0,1300.0,355.0,235.0,405.0,243.0,151.0,318.0,132.0,126.0,1085.0,391.0,502.0,272.0,380.0,662.0,410.0,213.0,144.0,52.0,624.0,181.0,27.0,92.0,219.0,125.0,58.0,518.0,335.0,71.0,43.0,436.0,53.0,242.0,8.0,1277.0,368.0,153.0,670.0,914.0,349.0,270.0,28.0,171.0,18634.0,2201.0,716.0,650.0,2152.0,855.0,5649.0,1873.0,1296.0,1829.0,1663.0,532.0,735.0,446.0,4253.0,1154.0,336.0,4214.0,1950.0,614.0,437.0,759.0,6426.0,2443.0,175.0,4599.0,573.0,290.0,1905.0,2748.0,1933.0,1308.0,687.0,537.0,1027.0,244.0,250.0,422.0,1898.0,580.0,575.0,452.0,189.0,135.0,539.0,244.0,146.0,1959.0,658.0,784.0,379.0,949.0,1111.0,498.0,375.0,104.0,138.0,1054.0,441.0,51.0,201.0,253.0,234.0,55.0,909.0,1528.0,530.0,127.0,763.0,314.0,539.0,62.0,2749.0,700.0,243.0,1984.0,1220.0,771.0,611.0,148.0,531.0,46176.0,6050.0,1103.0,1046.0,5105.0,1765.0,14620.0,5744.0,3293.0,3437.0,3584.0,2042.0,1402.0,822.0,8292.0,3514.0,540.0,6410.0,3844.0,1205.0,1223.0,2904.0,23731.0,4572.0,607.0,11205.0,1089.0,497.0,4043.0,6486.0,3773.0,1956.0,1241.0,1248.0,979.0,1183.0,595.0,543.0,4609.0,1105.0,715.0,965.0,676.0,458.0,763.0,357.0,506.0,3672.0,836.0,1312.0,690.0,1953.0,1519.0,1326.0,563.0,327.0,200.0,1479.0,516.0,136.0,355.0,441.0,230.0,91.0,1690.0,1448.0,530.0,147.0,1454.0,340.0,536.0,517.0,4614.0,863.0,548.0,3911.0,2770.0,1495.0,873.0,193.0,409.0,6423.4,4305.0,4101.0,,4762.0,4685.1,6280.5,9393.1,6691.9,,4022.5,7593.5,7014.3,5936.0,4099.0,,3892.0,3289.0,,4897.5,5072.0,6025.5,6878.5,3863.5,3703.0,5332.7,5071.0,4368.5,5873.0,3571.0,4483.5,3200.0,5503.9,3703.0,,,4209.2,,5788.0,14714.6,9035.7,4038.5,3875.0,,4391.0,4851.8,4328.0,3167.5,4731.5,3605.5,5325.6,5366.3,4053.0,4495.9,5321.3,5205.3,3205.5,5775.7,18540.4,,5000.0,3815.0,4712.4,3918.0,4895.0,5485.0,4992.7,2969.0,4753.0,2739.0,3767.0,5312.6,4167.0,4615.0,,4330.6,4219.0,,5887.0,3543.0,4679.0,22.67,13.8,14.32,,13.0,13.13,32.68,,10.41,25.11,22.06,15.95,14.35,,14.0,,,15.0,17.71,22.56,24.0,11.22,10.3,17.4,17.23,15.68,19.67,11.4,12.46,11.24,19.38,22.37,12.72,,,14.81,,17.83,15.88,12.0,11.0,,12.3,14.92,16.0,12.19,18.1,10.0,19.54,17.02,11.6,13.09,18.52,10.0,20.67,54.61,,18.18,10.24,14.32,13.39,14.76,19.91,16.28,15.75,11.66,15.61,,10.88,20.64,12.5,13.04,,13.33,,21.62,10.81,15.0,32.77,34.08,34.39,34.38,35.52,31.97,35.31,33.49,34.68,35.21,36.89,32.66,32.02,34.77,35.77,40.14,33.81,36.34,32.41,31.69,34.6,33.84,32.76,33.39,31.5,30.4,30.23,33.62,34.78,31.27,33.85,30.35,30.33,32.58,33.94,35.89
2022Q2,86356.0,10721.0,2353.0,2345.0,9896.0,3515.0,25499.0,9553.0,6022.0,6957.0,6406.0,3390.0,2602.0,1919.0,15394.0,6324.0,1110.0,12761.0,7550.0,2480.0,2304.0,4530.0,39154.0,9428.0,1171.0,23459.0,2310.0,963.0,8374.0,11454.0,6928.0,4353.0,2387.0,2561.0,2230.0,2271.0,1241.0,1130.0,8292.0,2309.0,1770.0,2171.0,1238.0,704.0,1615.0,899.0,843.0,7363.0,1835.0,2489.0,1564.0,3120.0,3067.0,2122.0,1146.0,401.0,324.0,2809.0,1323.0,229.0,745.0,800.0,420.0,215.0,3477.0,3214.0,1088.0,322.0,2837.0,631.0,1287.0,93.0,10771.0,2051.0,1010.0,7402.0,5725.0,2608.0,1932.0,344.0,941.0,21163.0,2899.0,730.0,749.0,2165.0,874.0,6874.0,2074.0,1824.0,1503.0,2040.0,786.0,570.0,425.0,4053.0,2130.0,410.0,3901.0,1666.0,609.0,502.0,497.0,12907.0,1733.0,289.0,3420.0,497.0,244.0,2339.0,2391.0,1621.0,1158.0,728.0,742.0,426.0,384.0,268.0,259.0,2088.0,582.0,369.0,733.0,396.0,207.0,448.0,192.0,233.0,1835.0,533.0,713.0,469.0,619.0,913.0,609.0,279.0,136.0,57.0,784.0,255.0,41.0,144.0,246.0,109.0,56.0,760.0,559.0,101.0,49.0,719.0,106.0,328.0,23.0,2121.0,534.0,202.0,1093.0,1394.0,445.0,428.0,42.0,180.0,23349.0,2877.0,815.0,907.0,3031.0,1091.0,6930.0,2341.0,1785.0,2414.0,2260.0,783.0,1019.0,812.0,4863.0,1567.0,462.0,4439.0,2420.0,927.0,701.0,989.0,8578.0,3483.0,323.0,7314.0,810.0,255.0,2665.0,3500.0,2222.0,1796.0,693.0,738.0,1130.0,295.0,403.0,442.0,2685.0,945.0,789.0,844.0,250.0,189.0,703.0,395.0,208.0,2724.0,843.0,1045.0,631.0,904.0,1463.0,669.0,480.0,144.0,119.0,1061.0,657.0,64.0,304.0,253.0,186.0,59.0,1195.0,1393.0,513.0,148.0,882.0,205.0,570.0,19.0,4235.0,892.0,327.0,2790.0,1888.0,894.0,806.0,121.0,373.0,63007.0,7844.0,1538.0,1438.0,6865.0,2424.0,18569.0,7212.0,4237.0,4543.0,4146.0,2607.0,1583.0,1107.0,10531.0,4757.0,648.0,8322.0,5130.0,1553.0,1603.0,3541.0,30576.0,5945.0,848.0,16145.0,1500.0,708.0,5709.0,7954.0,4706.0,2557.0,1694.0,1823.0,1100.0,1976.0,838.0,688.0,5607.0,1364.0,981.0,1327.0,988.0,515.0,912.0,504.0,635.0,4639.0,992.0,1444.0,933.0,2216.0,1604.0,1453.0,666.0,257.0,205.0,1748.0,666.0,165.0,441.0,547.0,234.0,156.0,2282.0,1821.0,575.0,174.0,1955.0,426.0,717.0,74.0,6536.0,1159.0,683.0,4612.0,3837.0,1714.0,1126.0,223.0,568.0,8590.9,5460.0,5814.0,,6000.0,6315.1,8495.0,14116.3,8498.4,,5474.0,10272.4,9755.0,7846.0,5390.5,,5224.0,4545.0,,6425.5,6527.5,8066.1,9340.0,5182.0,5000.0,7393.7,6718.1,6207.0,7580.4,4762.0,5728.0,4297.0,7522.4,5078.5,,,5549.9,,7500.0,20873.7,12451.8,5508.5,5488.0,,6338.5,6253.0,5556.0,4286.0,6455.0,4761.0,7413.5,7152.3,5446.0,5705.9,7100.6,7039.1,4353.0,8057.4,24268.9,,6993.0,5097.0,6479.0,5069.5,6707.0,7522.0,6769.9,4000.0,6613.5,3236.0,5344.0,7411.1,5905.5,6348.0,,5850.3,5435.0,,8140.0,4697.0,6333.0,27.51,16.06,20.0,,17.0,16.33,46.45,,15.0,30.59,28.14,21.18,16.0,,17.0,,,19.8,19.73,27.94,29.18,15.0,13.63,22.8,20.96,21.58,24.62,14.5,15.04,14.7,25.51,25.92,16.0,,,19.31,,22.48,19.23,16.66,15.0,,16.25,18.79,19.0,15.16,22.52,12.04,25.17,21.72,15.0,15.61,22.53,12.9,27.27,70.69,,21.15,13.0,18.01,16.39,19.2,25.0,20.89,19.11,15.0,20.0,,14.74,27.1,15.62,17.0,,16.0,,27.18,12.65,19.04,45.61,48.43,47.43,46.28,48.3,46.34,47.31,47.58,50.04,48.62,50.27,44.91,43.87,46.51,47.68,53.97,44.65,50.01,43.64,42.49,45.37,44.23,41.01,43.16,42.38,40.88,39.51,46.65,46.42,38.55,43.9,39.02,38.08,39.96,41.07,44.48
2022Q3,57836.0,7870.0,2071.0,1732.0,8002.0,2958.0,18618.0,7667.0,4386.0,5236.0,5414.0,2965.0,2123.0,1668.0,12740.0,5681.0,879.0,9159.0,5764.0,2231.0,1706.0,3868.0,26943.0,8519.0,1177.0,17241.0,2038.0,966.0,6659.0,9224.0,5970.0,4256.0,1915.0,2028.0,2525.0,1842.0,1238.0,1411.0,8255.0,2509.0,2137.0,1917.0,946.0,613.0,1716.0,737.0,1030.0,5952.0,1663.0,2423.0,1550.0,2889.0,2544.0,2147.0,1029.0,551.0,368.0,2549.0,1220.0,333.0,890.0,919.0,432.0,313.0,3664.0,3825.0,1224.0,449.0,2729.0,880.0,1423.0,115.0,9690.0,2027.0,847.0,6140.0,4569.0,2479.0,1829.0,573.0,768.0,9562.0,1770.0,480.0,457.0,1319.0,608.0,3601.0,1165.0,1066.0,761.0,1406.0,502.0,429.0,320.0,2456.0,1399.0,278.0,2009.0,1005.0,449.0,287.0,346.0,6265.0,1078.0,199.0,1429.0,383.0,176.0,994.0,1246.0,979.0,800.0,470.0,555.0,272.0,225.0,162.0,215.0,1347.0,398.0,248.0,458.0,226.0,146.0,389.0,140.0,183.0,1171.0,377.0,521.0,360.0,367.0,570.0,454.0,214.0,144.0,44.0,550.0,252.0,47.0,106.0,173.0,68.0,89.0,586.0,448.0,99.0,45.0,442.0,83.0,261.0,14.0,1157.0,433.0,134.0,514.0,705.0,236.0,266.0,35.0,154.0,16850.0,2366.0,740.0,654.0,2458.0,1024.0,5422.0,2111.0,1414.0,1836.0,2323.0,743.0,703.0,735.0,4405.0,1622.0,317.0,3339.0,1915.0,776.0,540.0,912.0,5894.0,3208.0,277.0,5918.0,541.0,285.0,2436.0,3063.0,1890.0,1890.0,728.0,534.0,1201.0,231.0,479.0,545.0,2912.0,1032.0,939.0,733.0,220.0,173.0,749.0,272.0,339.0,2157.0,738.0,952.0,683.0,826.0,1179.0,684.0,356.0,163.0,167.0,1065.0,666.0,137.0,316.0,408.0,166.0,120.0,1437.0,1971.0,572.0,208.0,836.0,340.0,633.0,27.0,3929.0,911.0,315.0,2342.0,1463.0,890.0,918.0,333.0,311.0,40986.0,5504.0,1331.0,1078.0,5544.0,1934.0,13196.0,5556.0,2972.0,3400.0,3091.0,2222.0,1420.0,933.0,8335.0,4059.0,562.0,5820.0,3849.0,1455.0,1166.0,2956.0,21049.0,5311.0,900.0,11323.0,1497.0,681.0,4223.0,6161.0,4080.0,2366.0,1187.0,1494.0,1324.0,1611.0,759.0,866.0,5343.0,1477.0,1198.0,1184.0,726.0,440.0,967.0,465.0,691.0,3795.0,925.0,1471.0,867.0,2063.0,1365.0,1463.0,673.0,388.0,201.0,1484.0,554.0,196.0,574.0,511.0,266.0,193.0,2227.0,1854.0,652.0,241.0,1893.0,540.0,790.0,88.0,5761.0,1116.0,532.0,3798.0,3106.0,1589.0,911.0,240.0,457.0,10874.1,6993.0,7443.0,,7442.5,8180.9,10861.9,18214.3,10223.0,,6476.0,13741.4,12053.6,10000.0,6316.0,,6911.0,5215.0,,8148.0,8559.5,10131.7,11905.0,6127.0,6202.0,9357.4,8212.5,8152.0,9787.2,5733.0,7130.0,5227.0,9292.9,6538.0,,,7057.3,,9477.0,26056.6,15735.6,7125.0,6557.0,,7720.0,7690.4,6579.0,5325.0,8903.2,5725.0,9639.1,8575.9,6920.0,6938.9,8777.0,8185.4,5653.0,10513.8,31878.6,,8485.0,6395.5,8075.0,6215.0,8187.5,9596.0,8277.7,4684.0,8050.5,4417.0,6356.0,10072.6,7200.0,7778.0,,6955.4,6911.0,,10000.0,6078.5,8407.0,33.35,18.75,21.68,,20.0,21.67,59.88,,18.0,39.3,34.07,27.01,17.52,,21.0,,,25.12,25.0,34.59,35.61,16.33,17.0,26.78,24.89,28.0,29.83,14.74,19.68,17.6,31.67,31.47,19.62,,,24.21,,27.0,23.66,20.0,17.86,,20.62,24.02,20.0,18.18,30.99,15.03,32.17,27.2,18.38,20.0,26.86,16.0,34.61,95.91,,25.0,15.62,22.24,19.0,22.98,31.0,25.03,21.93,16.0,21.42,,16.82,35.62,20.0,20.0,,20.0,,36.11,14.86,25.0,54.39,56.58,58.04,56.52,58.45,56.51,57.19,58.15,60.69,57.18,59.15,54.3,52.46,55.04,58.75,62.98,54.02,59.38,52.18,50.09,55.57,53.37,51.13,54.01,52.61,49.42,51.59,55.43,56.26,47.44,52.64,49.72,45.9,49.05,49.65,52.81
2022Q4,83588.0,9285.0,2482.0,2194.0,9627.0,3565.0,24671.0,8478.0,6180.0,7305.0,7432.0,4052.0,3149.0,2159.0,17160.0,6802.0,1183.0,11284.0,7202.0,2901.0,2875.0,4463.0,38405.0,12400.0,1446.0,26159.0,2597.0,1151.0,8361.0,12998.0,7282.0,5084.0,2309.0,2098.0,3112.0,2666.0,1830.0,1605.0,10252.0,3001.0,2307.0,2577.0,1516.0,724.0,2158.0,1290.0,909.0,8030.0,2214.0,3459.0,2086.0,4061.0,3606.0,2646.0,1420.0,713.0,554.0,3817.0,2002.0,286.0,1211.0,1370.0,495.0,352.0,4731.0,3855.0,1573.0,465.0,3489.0,1151.0,2431.0,140.0,14218.0,3038.0,1115.0,9970.0,7195.0,3578.0,3311.0,881.0,1448.0,10210.0,1533.0,420.0,410.0,1164.0,493.0,3282.0,877.0,1296.0,707.0,1653.0,538.0,417.0,327.0,2402.0,1258.0,244.0,1743.0,849.0,340.0,340.0,252.0,6536.0,988.0,156.0,1609.0,385.0,158.0,1174.0,1049.0,808.0,652.0,398.0,416.0,266.0,261.0,153.0,199.0,1346.0,428.0,261.0,476.0,330.0,130.0,295.0,126.0,131.0,1203.0,353.0,517.0,415.0,382.0,568.0,393.0,157.0,106.0,70.0,581.0,206.0,17.0,118.0,205.0,67.0,63.0,489.0,393.0,66.0,56.0,360.0,63.0,261.0,16.0,1096.0,324.0,100.0,517.0,635.0,187.0,243.0,28.0,127.0,26497.0,3288.0,961.0,570.0,3264.0,1427.0,7727.0,2686.0,2380.0,2751.0,3378.0,1131.0,1500.0,1108.0,6674.0,2110.0,507.0,4036.0,2741.0,1376.0,1329.0,1090.0,12018.0,5991.0,575.0,9050.0,884.0,412.0,3204.0,4748.0,2996.0,2298.0,977.0,688.0,1826.0,627.0,793.0,799.0,4043.0,1483.0,1270.0,1178.0,703.0,281.0,1069.0,732.0,317.0,3371.0,1209.0,1875.0,1118.0,1400.0,1211.0,1008.0,692.0,313.0,324.0,1998.0,1157.0,128.0,549.0,721.0,251.0,156.0,2262.0,1916.0,660.0,247.0,1255.0,456.0,1555.0,67.0,7221.0,1677.0,499.0,5072.0,3320.0,1367.0,2063.0,251.0,743.0,57091.0,5997.0,1521.0,1624.0,6363.0,2138.0,16944.0,5792.0,3800.0,4554.0,4054.0,2921.0,1649.0,1051.0,10486.0,4692.0,676.0,7248.0,4461.0,1525.0,1546.0,3373.0,26387.0,6409.0,871.0,17109.0,1713.0,739.0,5157.0,8250.0,4286.0,2786.0,1332.0,1410.0,1286.0,2039.0,1037.0,806.0,6209.0,1518.0,1037.0,1399.0,813.0,443.0,1089.0,558.0,592.0,4659.0,1005.0,1584.0,968.0,2661.0,2395.0,1638.0,728.0,400.0,230.0,1819.0,845.0,158.0,662.0,649.0,244.0,196.0,2469.0,1939.0,913.0,218.0,2234.0,695.0,876.0,73.0,6997.0,1361.0,616.0,4898.0,3875.0,2211.0,1248.0,630.0,705.0,12733.6,8475.0,8661.0,,8667.0,9179.0,12562.5,21206.2,11178.7,,7129.0,16359.5,13859.8,12181.5,7270.0,,8049.0,6477.0,,9330.0,9225.5,11679.0,14286.0,7576.0,7020.0,10924.5,9247.3,9652.0,11949.4,6488.0,8116.5,5732.5,10559.4,7350.5,,,8178.0,,11127.0,28490.1,19089.7,8333.0,8229.0,,8878.0,8584.8,7718.5,6250.0,10347.6,6915.5,11243.3,10111.4,8131.5,8313.4,10307.2,9287.9,6333.0,12354.3,33249.9,,9741.0,7353.0,9334.0,7031.0,9167.0,10909.0,9725.8,5806.0,9292.0,5743.0,7042.0,11575.3,8261.0,9286.0,,7802.4,8211.0,,12500.0,7065.0,10353.5,39.87,23.52,26.79,,27.78,24.71,72.75,,20.0,49.82,42.19,35.4,21.88,,29.17,,,28.06,27.0,41.43,47.0,22.6,18.0,32.89,29.46,32.46,40.5,17.0,24.19,20.0,36.47,37.63,21.2,,,27.06,,33.95,27.85,27.27,25.0,,23.88,26.8,25.77,19.0,34.93,18.26,38.31,33.96,25.0,25.0,33.07,18.0,40.07,103.65,,30.0,20.0,25.9,22.0,26.0,35.3,30.84,23.03,18.05,27.01,,19.2,41.38,25.0,25.0,,24.0,,44.0,19.23,32.45,63.47,63.75,65.6,63.89,67.43,64.64,62.42,68.1,67.7,63.91,66.42,62.2,60.66,63.56,64.82,69.07,60.89,67.31,60.07,57.64,61.91,60.24,59.46,61.42,59.36,55.82,58.1,64.46,61.38,52.31,59.44,56.37,52.85,56.19,54.66,56.89
2023Q1,56255.0,6509.0,1624.0,1898.0,6452.0,2295.0,16715.0,6187.0,4159.0,4903.0,4525.0,2376.0,1502.0,1206.0,10826.0,4620.0,622.0,8312.0,5138.0,1645.0,1516.0,2993.0,29583.0,7388.0,764.0,17023.0,1632.0,770.0,4954.0,8321.0,2080.0,2095.0,780.0,1700.0,2037.0,1260.0,746.0,1017.0,6443.0,1462.0,1162.0,1479.0,709.0,478.0,1142.0,513.0,713.0,5292.0,1169.0,1714.0,1172.0,2447.0,2218.0,1650.0,762.0,435.0,270.0,2205.0,724.0,194.0,540.0,864.0,346.0,139.0,1604.0,3168.0,826.0,167.0,2236.0,481.0,819.0,96.0,5050.0,831.0,459.0,4327.0,3274.0,1766.0,1668.0,682.0,521.0,11749.0,1773.0,395.0,523.0,1217.0,516.0,3657.0,1141.0,1135.0,819.0,1221.0,471.0,388.0,288.0,2458.0,1469.0,201.0,2080.0,1073.0,395.0,344.0,280.0,9264.0,1242.0,156.0,1907.0,324.0,122.0,541.0,1210.0,263.0,236.0,113.0,540.0,340.0,198.0,112.0,231.0,1315.0,362.0,245.0,460.0,191.0,133.0,277.0,111.0,147.0,1318.0,298.0,454.0,345.0,422.0,635.0,431.0,206.0,107.0,51.0,692.0,186.0,38.0,80.0,158.0,104.0,38.0,177.0,356.0,78.0,28.0,343.0,56.0,174.0,14.0,488.0,,53.0,251.0,344.0,204.0,204.0,22.0,115.0,15395.0,2071.0,380.0,370.0,1977.0,696.0,4563.0,1582.0,1198.0,1670.0,1439.0,478.0,472.0,423.0,3658.0,1401.0,226.0,3044.0,1537.0,617.0,445.0,512.0,6298.0,2531.0,163.0,5976.0,421.0,288.0,1624.0,2775.0,691.0,946.0,258.0,466.0,966.0,171.0,201.0,409.0,2068.0,504.0,481.0,627.0,191.0,171.0,336.0,176.0,262.0,1949.0,532.0,641.0,525.0,734.0,628.0,562.0,260.0,149.0,134.0,935.0,320.0,85.0,150.0,294.0,168.0,35.0,470.0,1118.0,304.0,60.0,779.0,163.0,287.0,23.0,1678.0,367.0,132.0,1534.0,986.0,552.0,954.0,158.0,189.0,40860.0,4438.0,1244.0,1528.0,4475.0,1599.0,12152.0,4605.0,2961.0,3233.0,3086.0,1898.0,1030.0,783.0,7168.0,3219.0,396.0,5268.0,3601.0,1028.0,1071.0,2481.0,23285.0,4857.0,601.0,11047.0,1211.0,482.0,3330.0,5546.0,1389.0,1149.0,522.0,1234.0,1071.0,1089.0,545.0,608.0,4375.0,958.0,681.0,852.0,518.0,307.0,806.0,337.0,451.0,3343.0,637.0,1073.0,647.0,1713.0,1590.0,1088.0,502.0,286.0,136.0,1270.0,404.0,109.0,390.0,570.0,178.0,104.0,1134.0,2050.0,522.0,107.0,1457.0,318.0,532.0,73.0,3372.0,464.0,327.0,2793.0,2288.0,1214.0,714.0,524.0,332.0,15197.5,8795.0,10909.0,5690.0,10680.0,12264.7,15125.2,25495.4,12500.0,,9302.0,19996.8,17819.7,15000.0,8333.0,,9810.0,7022.0,6769.0,11944.0,11532.0,15149.3,17857.0,10182.0,9195.0,14777.6,10649.9,11475.0,15689.5,8140.0,9854.0,7267.0,12892.5,10066.0,,,9284.7,9745.0,13616.0,34243.9,22961.2,11035.0,10185.0,7206.0,11047.0,10171.8,8898.5,8162.0,13016.5,8503.0,14387.5,12217.0,9890.0,9468.4,12555.2,10425.9,7895.0,15678.7,39243.0,7566.0,11513.0,9045.0,12320.1,8265.0,12988.5,13889.0,12229.3,6500.0,11972.0,6724.0,9333.0,14711.6,10769.0,12000.0,,8939.8,10417.0,10948.0,15385.0,8182.0,14103.0,47.71,22.73,30.77,,29.0,29.42,86.82,,25.0,60.89,52.58,40.0,24.0,,33.33,,20.0,37.16,33.0,52.07,55.56,32.98,23.65,44.04,33.79,40.0,47.83,21.05,27.0,24.0,43.97,40.61,28.0,,,28.3,,40.0,27.56,35.46,28.0,21.12,28.35,31.6,31.0,25.0,43.56,21.7,49.59,39.49,29.76,27.62,37.89,21.21,51.63,122.0,20.0,34.21,24.0,33.16,26.0,36.35,44.47,35.52,25.96,20.0,35.0,,24.0,51.72,30.0,30.58,,30.0,29.41,55.0,21.0,40.0,83.66,83.53,83.18,83.61,83.12,82.15,81.04,85.07,88.77,70.78,82.32,82.26,80.29,79.29,81.81,87.2,76.73,83.08,76.87,75.74,79.58,74.93,72.46,76.43,75.48,72.28,71.96,79.84,84.08,57.36,72.3,71.55,69.06,66.02,69.25,72.97
2023Q2,52208.0,7325.0,1905.0,1505.0,6816.0,2565.0,16277.0,6613.0,4578.0,5108.0,5049.0,2627.0,1876.0,1425.0,11237.0,5078.0,730.0,9159.0,5623.0,1852.0,1671.0,2952.0,30262.0,8389.0,1036.0,16022.0,1780.0,1021.0,5384.0,8225.0,2617.0,2650.0,1102.0,1740.0,2129.0,1690.0,1110.0,1196.0,6803.0,1875.0,1488.0,1609.0,1089.0,480.0,1077.0,646.0,676.0,5219.0,1437.0,2011.0,1554.0,2263.0,2276.0,1629.0,773.0,470.0,312.0,2852.0,1101.0,196.0,607.0,1011.0,309.0,198.0,2026.0,2865.0,774.0,217.0,2104.0,591.0,927.0,95.0,8621.0,1376.0,697.0,5693.0,4399.0,2209.0,1627.0,608.0,690.0,11544.0,2187.0,342.0,399.0,1399.0,614.0,3747.0,1283.0,1482.0,930.0,1408.0,565.0,453.0,383.0,2923.0,1715.0,259.0,2659.0,1299.0,408.0,356.0,355.0,9531.0,1347.0,191.0,1661.0,378.0,193.0,830.0,1264.0,113.0,154.0,150.0,545.0,305.0,277.0,158.0,238.0,1645.0,496.0,299.0,449.0,306.0,172.0,275.0,122.0,127.0,1381.0,347.0,522.0,480.0,434.0,749.0,480.0,172.0,198.0,56.0,808.0,151.0,26.0,73.0,180.0,101.0,33.0,35.0,410.0,99.0,39.0,364.0,73.0,173.0,15.0,1162.0,44.0,103.0,379.0,716.0,224.0,222.0,30.0,133.0,15397.0,2664.0,680.0,359.0,2193.0,884.0,4886.0,1870.0,1683.0,1788.0,1969.0,631.0,697.0,579.0,4003.0,1392.0,311.0,3297.0,1795.0,724.0,577.0,700.0,8348.0,3628.0,410.0,6635.0,608.0,462.0,1994.0,3193.0,791.0,1007.0,369.0,545.0,1037.0,281.0,428.0,428.0,2464.0,804.0,718.0,701.0,421.0,185.0,398.0,318.0,213.0,2058.0,706.0,984.0,839.0,700.0,756.0,663.0,285.0,173.0,159.0,1151.0,555.0,80.0,209.0,578.0,126.0,69.0,717.0,1212.0,170.0,94.0,610.0,204.0,395.0,50.0,3683.0,546.0,216.0,2234.0,1711.0,795.0,912.0,177.0,286.0,36811.0,4661.0,1225.0,1146.0,4623.0,1681.0,11391.0,4743.0,2895.0,3320.0,3080.0,1996.0,1179.0,846.0,7234.0,3686.0,419.0,5862.0,3828.0,1128.0,1094.0,2252.0,21914.0,4761.0,626.0,9387.0,1172.0,559.0,3390.0,5032.0,1826.0,1643.0,733.0,1195.0,1092.0,1409.0,682.0,768.0,4339.0,1071.0,770.0,908.0,668.0,295.0,679.0,328.0,463.0,3161.0,731.0,1027.0,715.0,1563.0,1520.0,966.0,488.0,297.0,153.0,1701.0,546.0,116.0,398.0,433.0,183.0,129.0,1309.0,1653.0,604.0,123.0,1494.0,387.0,532.0,45.0,4938.0,830.0,481.0,3459.0,2688.0,1414.0,715.0,431.0,404.0,17987.1,10000.0,12381.0,6250.0,12742.5,13838.7,17786.7,29584.6,14372.1,,11282.0,22685.4,20664.5,18135.0,10000.0,,12500.0,8511.0,7285.0,13797.0,14493.5,17140.7,20000.0,12148.0,10595.0,17004.4,12016.0,13000.0,19316.6,8989.0,11111.0,9333.0,15356.4,11916.0,,,12872.0,10370.5,14446.0,38869.1,25977.3,12891.0,12500.0,8571.0,13291.0,11303.6,9225.0,9249.0,17154.7,9667.0,17030.6,14212.4,11189.0,12944.1,15258.9,13179.1,8951.0,18095.4,47475.1,8533.5,13605.0,10236.5,14660.8,10000.0,14583.0,16216.0,13854.9,8204.5,13672.0,8611.0,10417.0,17533.3,12254.0,13600.0,,10519.0,11818.0,12942.0,17241.0,9435.0,15669.5,56.76,30.0,37.26,,38.46,34.94,102.23,,31.0,74.2,63.59,52.63,33.0,,40.11,,20.76,43.96,37.0,59.98,69.6,37.0,27.0,48.85,44.27,45.0,62.59,29.41,35.0,28.99,53.98,52.06,30.0,,,43.06,,41.34,50.34,39.25,30.68,22.0,34.0,36.11,32.97,30.0,56.85,25.0,59.57,47.31,32.44,50.0,49.69,25.0,61.42,149.38,23.81,45.6,28.44,42.0,32.26,39.37,52.63,40.85,36.05,25.0,44.0,,30.0,62.42,38.0,35.0,,35.0,38.0,62.5,25.9,45.66,95.59,92.59,96.5,95.1,94.64,94.33,96.42,98.12,98.09,95.6,92.45,93.32,94.89,91.53,95.08,94.47,93.45,95.3,92.52,88.18,95.34,96.91,91.48,92.93,91.56,94.72,89.17,97.86,96.68,95.68,89.53,89.45,88.64,84.61,87.19,90.85
2023Q3,54883.0,8005.0,1825.0,1443.0,8532.0,3312.0,18424.0,7494.0,4515.0,5510.0,4964.0,3094.0,1958.0,1701.0,13551.0,5646.0,849.0,8743.0,6177.0,2037.0,1855.0,3615.0,30549.0,9920.0,1105.0,16320.0,2103.0,909.0,6016.0,10470.0,3512.0,2658.0,1340.0,2337.0,3229.0,1756.0,1149.0,1340.0,9015.0,2485.0,2018.0,1752.0,1026.0,606.0,1630.0,659.0,901.0,6421.0,1786.0,2369.0,1539.0,2983.0,2541.0,1898.0,857.0,381.0,467.0,3142.0,1152.0,341.0,926.0,1148.0,414.0,262.0,2260.0,3835.0,1201.0,527.0,2944.0,815.0,1786.0,162.0,10848.0,1330.0,1045.0,7826.0,6209.0,2932.0,2836.0,967.0,904.0,7515.0,1284.0,265.0,218.0,941.0,421.0,2236.0,739.0,802.0,486.0,832.0,297.0,230.0,162.0,1722.0,966.0,152.0,1352.0,665.0,268.0,250.0,185.0,5673.0,830.0,107.0,960.0,190.0,102.0,618.0,959.0,123.0,160.0,108.0,348.0,166.0,144.0,83.0,132.0,1065.0,280.0,143.0,217.0,165.0,72.0,204.0,79.0,84.0,888.0,243.0,297.0,266.0,229.0,355.0,225.0,73.0,65.0,29.0,390.0,152.0,20.0,79.0,116.0,40.0,24.0,52.0,254.0,70.0,24.0,280.0,38.0,164.0,6.0,790.0,25.0,107.0,376.0,726.0,146.0,220.0,28.0,82.0,14953.0,2589.0,563.0,334.0,2517.0,1057.0,4522.0,1907.0,1378.0,1874.0,1522.0,619.0,611.0,748.0,4360.0,1514.0,330.0,2849.0,1858.0,722.0,529.0,806.0,6815.0,3526.0,274.0,6399.0,525.0,353.0,2039.0,3824.0,972.0,761.0,376.0,806.0,1535.0,230.0,415.0,526.0,2576.0,954.0,850.0,680.0,298.0,186.0,600.0,168.0,273.0,2432.0,715.0,824.0,655.0,907.0,782.0,729.0,228.0,98.0,230.0,966.0,518.0,165.0,285.0,537.0,129.0,108.0,823.0,1474.0,252.0,284.0,863.0,246.0,826.0,85.0,3795.0,517.0,303.0,2845.0,1973.0,888.0,1596.0,165.0,296.0,39930.0,5416.0,1262.0,1109.0,6015.0,2255.0,13902.0,5587.0,3137.0,3636.0,3442.0,2475.0,1347.0,953.0,9191.0,4132.0,519.0,5894.0,4319.0,1315.0,1326.0,2809.0,23734.0,6394.0,831.0,9921.0,1578.0,556.0,3977.0,6646.0,2540.0,1897.0,964.0,1531.0,1694.0,1526.0,734.0,814.0,6439.0,1531.0,1168.0,1072.0,728.0,420.0,1030.0,491.0,628.0,3989.0,1071.0,1545.0,884.0,2076.0,1759.0,1169.0,629.0,283.0,237.0,2176.0,634.0,176.0,641.0,611.0,285.0,154.0,1437.0,2361.0,949.0,243.0,2081.0,569.0,960.0,77.0,7053.0,813.0,742.0,4981.0,4236.0,2044.0,1240.0,802.0,608.0,20091.8,12879.0,14700.0,8929.0,15000.0,16558.2,21128.2,34743.3,17090.6,,14440.5,26971.2,25180.7,19839.0,11364.0,,14437.0,10112.0,9310.0,16667.0,16667.0,19718.2,23026.0,13636.0,12359.5,19050.6,14030.4,15122.0,21493.3,10500.0,13603.0,10265.0,19207.8,13250.0,,,17104.9,12552.5,18286.0,45308.8,30095.5,15747.5,14286.0,11056.0,17984.0,12795.7,12015.0,11458.0,20170.9,11905.0,20341.7,17091.7,14123.5,13974.9,17441.6,15897.4,10625.0,21009.8,58708.1,10361.0,16216.0,12632.0,17468.5,11647.5,18063.0,20000.0,15614.2,9639.0,18257.5,11594.0,12646.5,19849.5,15179.0,17544.0,,12829.9,14277.5,15076.5,20000.0,13270.5,18500.0,70.6,50.0,52.94,,50.0,55.93,126.83,,48.0,92.81,88.77,67.12,42.16,,55.04,,32.34,61.0,49.69,77.09,87.0,45.03,40.0,65.82,60.58,56.0,80.36,40.0,54.0,40.0,78.26,69.33,41.67,,,55.08,,63.49,62.3,56.3,46.94,35.0,51.43,47.99,46.15,42.91,77.25,40.0,77.74,67.07,48.04,61.12,65.29,35.29,78.71,185.7,33.78,57.69,41.24,59.18,49.18,60.0,70.0,55.99,48.35,32.0,61.54,,44.89,78.76,55.0,56.0,,45.0,54.0,77.27,47.05,66.11,117.0,117.11,115.85,115.94,116.34,117.09,118.02,115.77,114.23,126.18,117.66,117.34,121.29,120.68,119.09,118.54,121.42,115.32,123.93,123.37,119.09,120.83,122.73,123.19,121.3,127.1,129.86,117.93,118.99,129.21,124.2,123.13,129.12,124.2,134.35,126.7
2023Q4,60297.0,7020.0,1897.0,1548.0,7672.0,2928.0,18621.0,6481.0,4478.0,5198.0,5117.0,2695.0,1922.0,1417.0,12785.0,4750.0,917.0,8795.0,5860.0,2057.0,1852.0,3142.0,27706.0,9327.0,1087.0,16906.0,1900.0,1000.0,6380.0,10924.0,4041.0,2754.0,1548.0,1648.0,2521.0,1599.0,1359.0,1360.0,7631.0,2104.0,1815.0,1922.0,1008.0,534.0,1497.0,765.0,752.0,6207.0,1880.0,2306.0,1318.0,3139.0,2997.0,1973.0,1067.0,492.0,417.0,3016.0,1742.0,305.0,1085.0,1428.0,369.0,349.0,2410.0,3354.0,1187.0,396.0,2864.0,1199.0,1677.0,154.0,10245.0,1713.0,764.0,7944.0,6026.0,2957.0,2779.0,1186.0,1004.0,4130.0,532.0,85.0,76.0,343.0,175.0,1193.0,286.0,400.0,188.0,416.0,100.0,76.0,64.0,831.0,310.0,72.0,591.0,231.0,115.0,90.0,83.0,2374.0,284.0,40.0,485.0,92.0,44.0,279.0,358.0,36.0,46.0,46.0,104.0,64.0,56.0,47.0,54.0,461.0,80.0,60.0,114.0,52.0,38.0,65.0,21.0,34.0,397.0,103.0,112.0,89.0,122.0,171.0,78.0,34.0,28.0,13.0,128.0,57.0,,38.0,51.0,7.0,16.0,17.0,76.0,24.0,14.0,94.0,18.0,66.0,,315.0,12.0,31.0,119.0,277.0,44.0,72.0,5.0,35.0,20438.0,2715.0,621.0,577.0,2373.0,1028.0,5579.0,1863.0,1395.0,1991.0,1864.0,636.0,721.0,621.0,4690.0,1659.0,427.0,3160.0,2149.0,807.0,640.0,696.0,7704.0,4124.0,428.0,7056.0,679.0,417.0,2373.0,4881.0,1076.0,1021.0,672.0,536.0,1368.0,291.0,591.0,615.0,2666.0,899.0,954.0,779.0,333.0,183.0,469.0,292.0,302.0,2621.0,1060.0,1022.0,542.0,1181.0,977.0,865.0,316.0,169.0,250.0,1113.0,1100.0,168.0,560.0,862.0,137.0,207.0,964.0,1253.0,244.0,217.0,1169.0,581.0,987.0,50.0,4209.0,740.0,270.0,3562.0,2429.0,1037.0,1498.0,163.0,363.0,39859.0,4305.0,1276.0,971.0,5299.0,1900.0,13042.0,4618.0,3083.0,3207.0,3253.0,2059.0,1201.0,796.0,8095.0,3091.0,490.0,5635.0,3711.0,1250.0,1212.0,2446.0,20002.0,5203.0,659.0,9850.0,1221.0,583.0,4007.0,6043.0,2965.0,1733.0,876.0,1112.0,1153.0,1308.0,768.0,745.0,4965.0,1205.0,861.0,1143.0,675.0,351.0,1028.0,473.0,450.0,3586.0,820.0,1284.0,776.0,1958.0,2020.0,1108.0,751.0,323.0,167.0,1903.0,642.0,137.0,525.0,566.0,232.0,142.0,1446.0,2101.0,943.0,179.0,1695.0,618.0,690.0,104.0,6036.0,973.0,494.0,4382.0,3597.0,1920.0,1281.0,1023.0,641.0,21658.5,14706.0,16800.0,11988.0,16438.0,21142.4,23466.4,36687.4,18556.0,,17742.0,29330.3,27527.7,24837.0,12573.5,,16667.0,10867.0,11726.0,19512.0,19254.0,22356.5,26073.5,14545.0,14602.0,21877.3,15658.3,16912.0,26493.7,12034.5,16561.0,12733.5,21043.1,15041.0,,,18175.3,12890.0,20150.0,48897.8,33831.4,18750.0,16887.0,12772.0,19672.0,14488.9,12373.0,13600.0,22795.1,15385.0,22941.7,21527.9,16011.0,16124.7,20155.7,17776.9,12093.0,22589.1,63115.6,12171.0,21520.5,13444.0,17908.7,13559.5,21200.0,22767.0,18279.2,10214.0,20765.0,11765.0,14623.0,22394.7,18242.5,21364.0,,14290.0,16129.0,17022.5,23013.0,14545.0,22051.5,78.68,65.0,66.3,,51.76,71.08,132.59,,59.0,106.07,102.1,90.0,58.0,,69.57,,43.86,77.46,68.0,88.85,105.26,63.08,50.39,78.48,73.89,68.45,102.39,54.35,80.0,50.0,91.62,84.54,53.33,,,65.42,,80.0,68.93,70.0,63.47,44.22,71.0,57.01,64.35,55.78,81.37,58.03,92.68,79.57,56.0,64.93,78.91,42.5,87.4,185.34,36.52,82.5,47.0,70.32,56.0,76.0,85.0,71.9,57.93,44.72,74.34,,53.0,96.2,70.0,71.0,,54.5,65.22,93.0,50.0,80.0,123.96,127.82,124.95,126.05,123.3,123.55,126.28,117.61,115.29,128.7,132.16,130.68,124.12,131.97,124.46,125.04,132.24,122.55,132.48,140.94,132.24,130.96,141.27,133.99,133.12,134.44,139.89,126.66,119.65,143.96,145.59,146.1,136.72,156.09,139.66,140.94
2024Q1,54166.0,6796.0,1484.0,1161.0,6335.0,2660.0,16667.0,5699.0,3678.0,4586.0,4721.0,2121.0,1482.0,1184.0,11145.0,4139.0,614.0,7889.0,4628.0,1525.0,1098.0,2850.0,24848.0,6932.0,702.0,16264.0,1572.0,618.0,6629.0,9608.0,3033.0,2217.0,1139.0,1291.0,2206.0,1213.0,926.0,832.0,6640.0,1474.0,1089.0,1312.0,578.0,388.0,1023.0,408.0,520.0,5265.0,1186.0,1440.0,1100.0,2048.0,2093.0,1327.0,746.0,392.0,279.0,2120.0,802.0,150.0,631.0,836.0,297.0,114.0,1485.0,2300.0,653.0,193.0,2118.0,588.0,1030.0,147.0,8168.0,1481.0,589.0,5838.0,4812.0,2040.0,1911.0,724.0,711.0,5946.0,878.0,116.0,114.0,583.0,226.0,1883.0,499.0,635.0,318.0,707.0,170.0,153.0,123.0,1306.0,621.0,88.0,1145.0,378.0,165.0,152.0,115.0,3908.0,405.0,45.0,895.0,113.0,41.0,632.0,687.0,84.0,116.0,97.0,169.0,101.0,68.0,40.0,47.0,670.0,124.0,76.0,212.0,74.0,73.0,100.0,21.0,63.0,535.0,163.0,138.0,134.0,178.0,256.0,123.0,45.0,51.0,24.0,206.0,69.0,7.0,38.0,72.0,23.0,9.0,45.0,121.0,23.0,17.0,154.0,27.0,35.0,5.0,576.0,19.0,44.0,205.0,501.0,71.0,138.0,11.0,68.0,16609.0,2767.0,449.0,338.0,1930.0,810.0,4508.0,1554.0,1109.0,1791.0,1551.0,383.0,532.0,483.0,3731.0,1214.0,244.0,2708.0,1459.0,547.0,280.0,815.0,6002.0,2479.0,187.0,6597.0,539.0,202.0,2451.0,3956.0,661.0,678.0,443.0,403.0,1014.0,162.0,358.0,343.0,1961.0,570.0,449.0,488.0,124.0,143.0,280.0,127.0,204.0,2072.0,488.0,466.0,485.0,612.0,775.0,525.0,154.0,157.0,59.0,735.0,403.0,51.0,264.0,359.0,82.0,56.0,447.0,583.0,69.0,74.0,690.0,190.0,491.0,77.0,2901.0,422.0,166.0,2081.0,1585.0,731.0,915.0,148.0,261.0,37557.0,4029.0,1035.0,823.0,4405.0,1850.0,12159.0,4145.0,2569.0,2795.0,3170.0,1738.0,950.0,701.0,7414.0,2925.0,370.0,5181.0,3169.0,978.0,818.0,2035.0,18846.0,4453.0,515.0,9667.0,1033.0,416.0,4178.0,5652.0,2372.0,1539.0,696.0,888.0,1192.0,1051.0,568.0,489.0,4679.0,904.0,640.0,824.0,454.0,245.0,743.0,281.0,316.0,3193.0,698.0,974.0,615.0,1436.0,1318.0,802.0,592.0,235.0,220.0,1385.0,399.0,99.0,367.0,477.0,215.0,58.0,1038.0,1717.0,584.0,119.0,1428.0,398.0,539.0,70.0,5267.0,1059.0,423.0,3757.0,3227.0,1309.0,996.0,576.0,450.0,22067.9,13533.5,19718.0,11647.0,16827.0,21056.8,24818.1,36581.6,19982.9,,18750.0,30288.1,28498.7,25786.0,14140.0,,19697.0,11814.0,12245.0,21690.5,22283.0,23835.1,28750.0,16892.0,15873.0,23176.8,16579.5,18446.5,26291.1,14286.0,18932.0,13343.0,23480.5,18033.0,,,17182.0,15873.0,21774.0,47465.7,33903.2,19503.0,18421.0,14655.0,21353.0,15706.4,16489.0,15000.0,25000.0,15198.0,23937.6,21477.9,18333.0,16848.0,22197.6,16743.0,12500.0,23824.1,61724.6,13092.0,20911.0,16667.0,21810.1,14583.0,20431.5,23548.0,20104.5,12653.5,22609.0,12692.0,15597.0,24581.4,19780.0,21199.0,,15692.0,18217.0,19113.5,26136.0,15894.0,23913.0,85.48,62.0,74.69,40.0,60.0,78.1,136.64,,70.0,115.9,112.57,100.0,63.29,,86.67,,47.0,88.5,80.0,98.64,125.0,70.5,59.5,85.39,82.77,79.0,101.62,60.77,80.35,59.0,100.66,93.02,71.72,,,76.32,58.0,80.96,74.0,72.82,63.0,52.32,80.35,60.99,71.22,65.13,101.64,55.06,100.47,88.38,71.0,80.0,91.03,46.0,96.73,194.34,48.18,81.65,60.0,83.72,60.0,81.5,91.7,78.65,67.18,50.0,90.0,,60.0,105.64,80.0,74.07,,67.31,80.0,104.26,65.0,92.02,134.68,138.27,132.83,141.56,133.21,134.25,137.19,125.63,122.3,140.1,134.34,142.14,142.52,151.97,143.66,131.13,147.68,135.1,151.39,157.77,145.88,149.51,161.44,149.98,150.47,151.09,155.04,133.31,135.4,154.23,150.52,167.46,163.31,172.44,166.59,155.98
2024Q2,49727.0,6297.0,1218.0,1122.0,6611.0,2441.0,15405.0,5542.0,3308.0,4431.0,4105.0,1988.0,1323.0,1137.0,10211.0,3947.0,580.0,7169.0,4699.0,1613.0,1176.0,3121.0,23441.0,7207.0,599.0,15354.0,1330.0,589.0,6712.0,9381.0,3018.0,2217.0,1176.0,1268.0,1861.0,1147.0,800.0,866.0,6020.0,1425.0,1257.0,1291.0,593.0,464.0,1186.0,404.0,533.0,4928.0,1342.0,1562.0,1218.0,1775.0,1923.0,1328.0,583.0,459.0,224.0,2216.0,816.0,154.0,633.0,731.0,298.0,144.0,1549.0,2467.0,640.0,176.0,2040.0,819.0,977.0,134.0,8142.0,1234.0,491.0,5639.0,4865.0,2264.0,1826.0,501.0,718.0,5498.0,814.0,102.0,102.0,450.0,221.0,1723.0,386.0,500.0,238.0,555.0,100.0,91.0,81.0,1138.0,516.0,86.0,910.0,317.0,132.0,120.0,139.0,3501.0,336.0,33.0,722.0,88.0,28.0,558.0,572.0,77.0,123.0,91.0,161.0,72.0,66.0,30.0,55.0,548.0,99.0,56.0,145.0,49.0,65.0,71.0,25.0,33.0,464.0,132.0,137.0,124.0,119.0,168.0,125.0,32.0,58.0,11.0,208.0,54.0,5.0,36.0,51.0,17.0,,54.0,97.0,19.0,7.0,121.0,25.0,30.0,,581.0,47.0,40.0,185.0,458.0,58.0,95.0,12.0,57.0,14266.0,2334.0,337.0,334.0,2047.0,737.0,4274.0,1571.0,1118.0,1555.0,1364.0,438.0,432.0,489.0,3453.0,1373.0,220.0,2580.0,1786.0,693.0,380.0,871.0,5942.0,3151.0,186.0,6211.0,457.0,212.0,2550.0,3659.0,701.0,719.0,400.0,395.0,875.0,207.0,247.0,398.0,1801.0,533.0,574.0,479.0,160.0,164.0,408.0,117.0,194.0,2038.0,697.0,556.0,512.0,479.0,697.0,571.0,163.0,162.0,70.0,686.0,380.0,53.0,208.0,358.0,117.0,70.0,562.0,661.0,79.0,50.0,689.0,326.0,393.0,49.0,2887.0,449.0,147.0,2146.0,1497.0,871.0,853.0,100.0,251.0,35461.0,3963.0,881.0,788.0,4564.0,1704.0,11131.0,3971.0,2190.0,2876.0,2741.0,1550.0,891.0,648.0,6758.0,2574.0,360.0,4589.0,2913.0,920.0,796.0,2250.0,17499.0,4056.0,413.0,9143.0,873.0,377.0,4162.0,5722.0,2317.0,1498.0,776.0,873.0,986.0,940.0,553.0,468.0,4219.0,892.0,683.0,812.0,433.0,300.0,778.0,287.0,339.0,2890.0,645.0,1006.0,706.0,1296.0,1226.0,757.0,420.0,297.0,154.0,1530.0,436.0,101.0,425.0,373.0,181.0,74.0,987.0,1806.0,561.0,126.0,1351.0,493.0,584.0,85.0,5255.0,785.0,344.0,3493.0,3368.0,1393.0,973.0,401.0,467.0,24906.3,17037.0,20710.5,12295.0,19667.0,23259.5,26718.5,37757.0,20986.4,,21645.5,32796.5,30634.0,26966.0,15345.0,,20978.0,14519.0,13489.0,23256.0,22004.0,26084.7,29703.0,18947.0,17607.0,24518.6,17552.4,20245.5,28178.3,14737.0,22500.0,14652.0,24299.8,19309.5,,,20000.0,18685.5,24074.0,49000.1,36796.2,21185.5,20000.0,15645.0,22513.0,16890.9,16542.0,16092.0,27172.9,18818.0,25777.2,24252.2,19048.0,17266.0,22701.7,18644.0,14523.0,26026.6,72072.5,15823.0,23196.5,16148.0,23140.1,17836.0,21731.5,26190.0,21351.5,13000.0,24519.0,15000.0,17600.0,25233.3,21307.5,23930.5,,15799.0,18803.0,19901.0,26448.0,16667.0,24476.0,96.6,69.59,87.5,50.0,75.0,93.37,140.92,,75.0,133.21,127.77,112.12,75.0,,95.0,,52.0,91.12,75.13,113.58,135.0,75.0,71.04,96.19,88.94,85.0,116.2,69.5,103.6,67.7,106.48,100.51,75.0,,,87.0,67.0,96.19,82.14,85.0,73.0,56.66,86.0,68.93,82.0,69.0,115.66,69.76,110.45,100.49,75.0,74.0,97.11,50.0,106.8,253.77,50.0,91.95,61.86,94.75,73.09,85.47,109.69,90.43,77.71,60.0,100.0,,69.93,113.19,90.0,87.0,,69.0,86.0,110.58,66.0,103.74,143.8,146.22,141.26,151.49,140.87,145.08,149.41,127.11,134.2,151.0,149.81,150.3,153.99,154.69,154.25,138.56,166.09,149.98,175.5,181.09,165.24,170.51,181.41,169.05,167.65,168.02,173.79,140.22,155.17,179.68,177.37,187.42,186.47,194.18,198.5,173.73
2024Q3,66428.0,9653.0,1877.0,1554.0,9534.0,3633.0,21736.0,8420.0,5157.0,6312.0,6147.0,3318.0,2312.0,1685.0,14257.0,6402.0,910.0,10354.0,6691.0,2330.0,1734.0,4160.0,37227.0,11670.0,1133.0,19742.0,2206.0,1046.0,9515.0,13622.0,4014.0,3502.0,1790.0,2052.0,3344.0,1783.0,1413.0,1586.0,10039.0,2533.0,2235.0,1888.0,1051.0,827.0,1824.0,843.0,960.0,7649.0,1933.0,2349.0,1877.0,2686.0,2714.0,2194.0,887.0,478.0,548.0,3491.0,1242.0,315.0,1072.0,1230.0,470.0,300.0,2403.0,4214.0,1230.0,383.0,3241.0,1094.0,1878.0,186.0,11780.0,1938.0,798.0,9141.0,8001.0,3745.0,2745.0,783.0,950.0,8772.0,1326.0,155.0,174.0,760.0,352.0,2724.0,630.0,784.0,404.0,874.0,234.0,197.0,137.0,1743.0,888.0,113.0,1477.0,561.0,234.0,204.0,220.0,6229.0,659.0,56.0,1341.0,161.0,54.0,1035.0,1033.0,178.0,240.0,147.0,249.0,98.0,126.0,55.0,94.0,1011.0,178.0,107.0,220.0,118.0,123.0,128.0,76.0,72.0,733.0,191.0,194.0,178.0,162.0,261.0,149.0,68.0,62.0,25.0,305.0,70.0,15.0,56.0,104.0,30.0,14.0,95.0,196.0,27.0,19.0,216.0,45.0,65.0,10.0,924.0,54.0,45.0,337.0,859.0,104.0,166.0,20.0,64.0,18028.0,3810.0,562.0,471.0,2949.0,1210.0,5435.0,2275.0,1741.0,2171.0,2033.0,911.0,869.0,649.0,4318.0,2039.0,342.0,3504.0,2492.0,869.0,502.0,1163.0,9742.0,4622.0,301.0,7397.0,630.0,400.0,2952.0,5353.0,891.0,1114.0,686.0,493.0,1637.0,333.0,503.0,712.0,2928.0,967.0,942.0,688.0,293.0,330.0,573.0,296.0,356.0,3277.0,851.0,820.0,823.0,661.0,1076.0,1067.0,233.0,131.0,270.0,1139.0,615.0,127.0,458.0,563.0,181.0,156.0,725.0,1261.0,208.0,135.0,1136.0,320.0,825.0,88.0,3779.0,650.0,240.0,3452.0,2465.0,1258.0,1318.0,158.0,326.0,48400.0,5843.0,1315.0,1083.0,6585.0,2423.0,16301.0,6145.0,3416.0,4141.0,4114.0,2407.0,1443.0,1036.0,9939.0,4363.0,568.0,6850.0,4199.0,1461.0,1232.0,2997.0,27485.0,7048.0,832.0,12345.0,1576.0,646.0,6563.0,8269.0,3123.0,2388.0,1104.0,1559.0,1707.0,1450.0,910.0,874.0,7111.0,1566.0,1293.0,1200.0,758.0,497.0,1251.0,547.0,604.0,4372.0,1082.0,1529.0,1054.0,2025.0,1638.0,1127.0,654.0,347.0,278.0,2352.0,627.0,188.0,614.0,667.0,289.0,144.0,1678.0,2953.0,1022.0,248.0,2105.0,774.0,1053.0,98.0,8001.0,1288.0,558.0,5689.0,5536.0,2487.0,1427.0,625.0,624.0,25291.7,16429.0,22002.5,14815.0,19802.0,24479.9,27996.0,39069.2,21906.3,,22182.5,35557.5,31628.4,28767.0,16405.5,,22176.5,14463.0,16393.0,24479.0,25526.5,26296.0,33333.0,19623.0,19643.0,27119.9,18816.2,21382.5,31150.5,17419.0,22144.5,16486.0,26099.1,20896.0,,,20000.0,18719.5,25345.5,51972.7,38176.3,22807.0,21132.5,16710.0,25229.0,17588.2,18750.0,17672.0,28405.7,18085.0,27246.2,23175.7,21512.0,18023.0,24602.9,19355.0,14857.0,26798.2,64775.5,13636.0,23214.0,19056.5,25314.0,18519.0,25316.0,27120.0,23313.9,14179.0,26084.0,16279.0,18750.0,27349.8,23333.0,24074.0,,16994.3,20116.5,21061.0,26667.0,17928.5,25962.0,104.24,72.82,100.0,62.5,82.76,108.99,156.17,,85.0,155.01,146.93,125.0,79.6,,108.0,,65.05,100.0,100.0,122.99,161.0,94.0,85.36,112.54,100.34,100.0,133.16,82.35,100.0,85.0,125.75,112.55,90.0,,,95.0,80.0,110.0,96.08,111.06,87.28,73.0,102.0,82.76,87.81,80.0,134.21,71.43,125.9,113.27,90.0,93.75,113.11,55.56,117.8,227.29,60.48,100.0,85.85,108.76,88.89,112.0,121.0,103.38,84.68,60.71,116.28,,83.66,127.27,103.85,98.0,,80.0,101.0,115.19,73.0,113.63,151.18,152.53,147.6,160.07,147.36,152.55,150.45,131.39,141.86,161.94,155.24,158.16,162.28,175.22,172.19,147.67,189.53,171.3,188.79,205.47,185.9,188.59,208.72,188.43,196.13,198.49,196.57,158.2,177.57,197.19,208.93,213.89,213.15,231.89,234.6,196.78
2024Q4,96150.0,12638.0,2462.0,2411.0,11781.0,4490.0,29964.0,9523.0,7433.0,7646.0,8785.0,4104.0,3568.0,2228.0,19668.0,8253.0,1309.0,14060.0,8222.0,3087.0,3081.0,4793.0,49879.0,14621.0,1567.0,27335.0,2420.0,1226.0,11306.0,17018.0,4718.0,4125.0,2011.0,2410.0,4105.0,2273.0,2051.0,1898.0,11740.0,3192.0,2657.0,2613.0,1445.0,883.0,2306.0,1099.0,1039.0,10168.0,2457.0,3084.0,2279.0,3802.0,4169.0,2902.0,1353.0,585.0,678.0,4242.0,2173.0,444.0,1653.0,2056.0,633.0,503.0,2998.0,4604.0,1412.0,414.0,4111.0,1399.0,2586.0,493.0,15129.0,2244.0,869.0,12259.0,9681.0,4297.0,3898.0,915.0,1453.0,15500.0,2222.0,284.0,285.0,1238.0,556.0,4689.0,1036.0,1287.0,734.0,1547.0,317.0,309.0,238.0,2940.0,1301.0,150.0,2359.0,743.0,379.0,324.0,327.0,9192.0,1031.0,114.0,2658.0,193.0,119.0,1464.0,1577.0,257.0,320.0,251.0,365.0,224.0,141.0,115.0,152.0,1401.0,295.0,134.0,397.0,155.0,187.0,204.0,109.0,89.0,1321.0,259.0,331.0,270.0,335.0,505.0,305.0,93.0,98.0,25.0,377.0,159.0,21.0,73.0,147.0,71.0,36.0,136.0,223.0,36.0,33.0,351.0,57.0,108.0,9.0,1719.0,93.0,76.0,551.0,993.0,165.0,229.0,29.0,105.0,27342.0,5119.0,779.0,853.0,3817.0,1634.0,8421.0,2434.0,2547.0,2551.0,3009.0,1363.0,1602.0,977.0,6944.0,2779.0,620.0,5100.0,3126.0,1093.0,897.0,1299.0,14183.0,6589.0,728.0,10355.0,767.0,485.0,3825.0,6927.0,1293.0,1513.0,733.0,728.0,2117.0,448.0,984.0,996.0,3913.0,1520.0,1404.0,1073.0,536.0,383.0,913.0,413.0,438.0,4364.0,1173.0,1257.0,942.0,1142.0,1618.0,1373.0,401.0,167.0,386.0,1875.0,1187.0,211.0,985.0,1220.0,282.0,325.0,1043.0,1725.0,273.0,123.0,1607.0,620.0,1475.0,118.0,5832.0,880.0,280.0,4942.0,3774.0,1719.0,2064.0,269.0,678.0,68808.0,7519.0,1683.0,1558.0,7964.0,2856.0,21543.0,7089.0,4886.0,5095.0,5776.0,2741.0,1966.0,1251.0,12724.0,5474.0,689.0,8960.0,5096.0,1994.0,2184.0,3494.0,35696.0,8032.0,839.0,16980.0,1653.0,741.0,7481.0,10091.0,3425.0,2612.0,1278.0,1682.0,1988.0,1825.0,1067.0,902.0,7827.0,1672.0,1253.0,1540.0,909.0,500.0,1393.0,686.0,601.0,5804.0,1284.0,1827.0,1337.0,2660.0,2551.0,1529.0,952.0,418.0,292.0,2367.0,986.0,233.0,668.0,836.0,351.0,178.0,1955.0,2879.0,1139.0,291.0,2504.0,779.0,1111.0,375.0,9297.0,1364.0,589.0,7317.0,5907.0,2578.0,1834.0,646.0,775.0,27568.1,17569.0,23256.0,14951.0,21875.0,25935.5,29763.8,39908.2,23343.9,,23337.0,36202.3,34151.3,30137.0,17949.0,,23464.5,18185.0,17433.5,26667.0,26087.0,28208.4,35714.0,22568.5,20105.5,28567.7,21533.6,22654.5,31871.6,18265.0,25000.0,18464.0,27819.8,21875.0,,,21255.0,19767.0,27187.0,55502.9,40595.1,25000.0,21429.0,18519.0,26719.5,18911.1,20115.0,18703.5,29820.3,18248.0,29196.9,25549.6,23529.0,19737.0,27752.7,21233.0,14803.0,27992.1,65482.9,16267.0,25735.0,20296.0,26996.7,18800.0,25990.0,27778.0,24910.8,16154.0,28182.0,18519.0,19810.5,29252.2,24256.5,25310.0,,18331.9,21635.0,24467.5,28750.0,19375.0,28736.0,121.05,82.0,116.27,70.0,95.24,122.04,171.49,,96.5,164.65,164.26,150.0,88.0,,120.0,,79.0,122.3,110.0,137.49,178.28,103.44,93.28,122.96,116.6,107.75,146.24,95.54,115.38,96.0,143.67,124.57,93.88,,,105.64,90.0,111.11,100.0,119.0,96.97,87.0,111.11,89.32,98.51,90.11,150.0,75.0,145.36,128.24,100.0,100.0,131.26,64.13,128.98,241.85,67.24,111.94,100.0,125.55,91.0,120.0,133.33,120.27,95.58,75.33,130.0,,93.75,145.7,110.58,108.0,,90.91,117.64,130.0,83.87,141.1,160.63,166.14,154.76,179.88,158.73,163.38,165.65,137.02,148.08,170.78,164.59,168.87,171.33,190.23,187.49,160.47,208.5,189.86,206.67,224.28,204.83,206.36,237.1,205.23,217.81,219.73,218.79,166.93,190.61,215.28,218.58,236.7,235.35,257.05,262.2,218.74
2025Q1,64612.0,8164.0,1603.0,1528.0,7788.0,2748.0,21762.0,6608.0,4366.0,5429.0,5781.0,2618.0,1711.0,1270.0,12231.0,5377.0,693.0,8990.0,5235.0,1707.0,1710.0,3260.0,31344.0,7793.0,791.0,19493.0,1768.0,660.0,7970.0,12009.0,3338.0,2654.0,1406.0,1424.0,2208.0,1137.0,1088.0,989.0,7170.0,1922.0,1256.0,1601.0,665.0,502.0,1110.0,535.0,603.0,6827.0,1621.0,1750.0,1340.0,2331.0,2472.0,1640.0,679.0,391.0,259.0,2209.0,806.0,170.0,780.0,960.0,337.0,170.0,1673.0,2654.0,719.0,213.0,2481.0,697.0,1069.0,262.0,8458.0,1604.0,546.0,7042.0,5503.0,2574.0,2249.0,603.0,683.0,11910.0,1733.0,235.0,245.0,1015.0,398.0,3907.0,924.0,1003.0,721.0,1078.0,299.0,205.0,185.0,2289.0,1042.0,130.0,1830.0,598.0,239.0,223.0,266.0,6763.0,758.0,88.0,2267.0,172.0,78.0,1231.0,1291.0,265.0,252.0,204.0,246.0,177.0,114.0,97.0,140.0,1134.0,268.0,121.0,358.0,121.0,118.0,167.0,63.0,85.0,921.0,276.0,294.0,196.0,274.0,386.0,237.0,95.0,89.0,27.0,257.0,95.0,16.0,58.0,106.0,44.0,10.0,124.0,181.0,24.0,27.0,309.0,32.0,85.0,10.0,1114.0,55.0,68.0,445.0,776.0,170.0,244.0,33.0,87.0,17269.0,2996.0,485.0,483.0,2595.0,885.0,5898.0,1443.0,1259.0,1648.0,1762.0,661.0,575.0,391.0,3684.0,1661.0,238.0,2880.0,1726.0,557.0,335.0,850.0,7589.0,2842.0,198.0,6881.0,685.0,164.0,2269.0,4474.0,753.0,810.0,445.0,372.0,876.0,190.0,398.0,332.0,2047.0,674.0,464.0,464.0,118.0,145.0,291.0,148.0,231.0,2839.0,631.0,515.0,542.0,637.0,884.0,647.0,121.0,84.0,66.0,806.0,300.0,92.0,254.0,431.0,136.0,70.0,355.0,804.0,152.0,77.0,904.0,233.0,463.0,38.0,2724.0,453.0,148.0,2359.0,1573.0,836.0,1058.0,220.0,166.0,47343.0,5168.0,1118.0,1045.0,5193.0,1863.0,15864.0,5165.0,3107.0,3781.0,4019.0,1957.0,1136.0,879.0,8547.0,3716.0,455.0,6110.0,3509.0,1150.0,1375.0,2410.0,23755.0,4951.0,593.0,12612.0,1083.0,496.0,5701.0,7535.0,2585.0,1844.0,961.0,1052.0,1332.0,947.0,690.0,657.0,5123.0,1248.0,792.0,1137.0,547.0,357.0,819.0,387.0,372.0,3988.0,990.0,1235.0,798.0,1694.0,1588.0,993.0,558.0,307.0,193.0,1403.0,506.0,78.0,526.0,529.0,201.0,100.0,1318.0,1850.0,567.0,136.0,1577.0,464.0,606.0,224.0,5734.0,1151.0,398.0,4683.0,3930.0,1738.0,1191.0,383.0,517.0,29769.0,19444.0,25058.0,15842.0,24359.0,27674.3,33273.9,43330.9,25233.2,,24786.0,39594.7,37232.5,32609.0,19820.0,,25000.0,21259.5,19802.0,28768.0,28125.0,30265.1,40070.0,22962.0,22472.0,31467.9,25308.9,23853.0,34849.8,20417.0,27559.5,20000.0,30179.9,23385.5,,,22320.5,22222.0,28571.0,60925.3,41764.7,27037.0,23986.5,20000.0,28000.0,20798.1,22064.5,20692.5,34838.6,20645.0,32178.4,27526.9,24675.0,21795.0,30470.4,22727.0,16194.0,29486.5,66547.4,20441.5,25806.0,22026.0,28414.9,19000.0,28996.0,30684.5,27020.4,17213.0,29452.0,18137.0,21555.5,31982.5,26316.0,26316.0,,20140.3,24000.0,26174.0,30917.0,19231.0,29878.0,135.34,95.82,123.0,72.9,106.67,128.39,190.85,,110.0,174.04,182.63,152.0,108.8,,125.0,,93.38,142.93,114.75,148.95,195.48,107.74,102.04,147.66,131.27,116.28,166.42,100.0,124.03,100.0,153.71,131.48,108.69,,,113.0,100.0,127.66,111.0,125.0,107.57,100.0,116.27,101.7,102.8,98.03,176.31,88.89,163.25,130.21,111.06,104.5,147.72,75.0,139.07,257.5,80.0,121.84,97.74,133.3,98.0,132.86,147.0,132.08,107.67,87.0,132.37,,100.0,163.61,121.48,115.0,,101.56,121.95,148.0,89.5,150.0,174.52,182.1,170.26,197.41,173.43,178.97,176.2,149.66,161.45,184.19,182.09,184.81,188.25,207.73,210.22,178.75,226.3,204.32,233.01,241.23,228.63,222.68,262.56,220.19,233.44,240.19,225.18,184.52,209.11,230.95,243.43,258.41,257.48,269.41,275.91,237.41
2025Q2,64942.0,9092.0,1703.0,1652.0,8351.0,3130.0,21461.0,7013.0,4147.0,5208.0,5745.0,2451.0,2035.0,1400.0,12655.0,5764.0,932.0,9958.0,6164.0,2183.0,1839.0,3307.0,32528.0,8998.0,808.0,18506.0,1508.0,730.0,8115.0,13228.0,4299.0,3317.0,1443.0,1674.0,2387.0,1338.0,1114.0,1118.0,8029.0,2200.0,1677.0,1760.0,807.0,588.0,1370.0,596.0,756.0,7254.0,1627.0,2067.0,1609.0,2350.0,2804.0,1851.0,764.0,485.0,336.0,2476.0,910.0,228.0,757.0,1077.0,407.0,181.0,2074.0,2942.0,640.0,285.0,2568.0,755.0,1328.0,295.0,10050.0,1777.0,591.0,7629.0,6421.0,3083.0,2290.0,584.0,908.0,11125.0,1728.0,235.0,295.0,977.0,402.0,3425.0,877.0,903.0,544.0,974.0,299.0,243.0,209.0,2165.0,1062.0,119.0,2035.0,749.0,272.0,245.0,268.0,6789.0,838.0,97.0,1908.0,170.0,89.0,1266.0,1463.0,262.0,304.0,218.0,267.0,174.0,125.0,90.0,119.0,1172.0,266.0,146.0,354.0,128.0,135.0,169.0,84.0,104.0,1004.0,212.0,276.0,240.0,271.0,412.0,230.0,93.0,93.0,27.0,312.0,112.0,23.0,65.0,109.0,50.0,23.0,138.0,194.0,26.0,24.0,321.0,55.0,108.0,12.0,1487.0,87.0,55.0,529.0,819.0,165.0,199.0,31.0,76.0,17111.0,3425.0,530.0,529.0,2660.0,1132.0,5730.0,1697.0,1240.0,1699.0,1812.0,654.0,656.0,493.0,3767.0,1813.0,364.0,3431.0,2098.0,837.0,412.0,944.0,8472.0,3367.0,205.0,6650.0,449.0,224.0,2295.0,4910.0,1033.0,819.0,406.0,439.0,925.0,279.0,396.0,457.0,2072.0,804.0,654.0,635.0,153.0,191.0,435.0,130.0,305.0,2983.0,596.0,693.0,638.0,621.0,1167.0,759.0,177.0,119.0,133.0,645.0,304.0,100.0,205.0,476.0,181.0,59.0,452.0,933.0,110.0,119.0,814.0,236.0,530.0,72.0,3038.0,500.0,212.0,2573.0,2142.0,1082.0,946.0,201.0,347.0,47831.0,5667.0,1173.0,1123.0,5691.0,1998.0,15731.0,5316.0,2907.0,3509.0,3933.0,1797.0,1379.0,907.0,8888.0,3951.0,568.0,6527.0,4066.0,1346.0,1427.0,2363.0,24056.0,5631.0,603.0,11856.0,1059.0,506.0,5820.0,8318.0,3266.0,2498.0,1037.0,1235.0,1462.0,1059.0,718.0,661.0,5957.0,1396.0,1023.0,1125.0,654.0,397.0,935.0,466.0,451.0,4271.0,1031.0,1374.0,971.0,1729.0,1637.0,1092.0,587.0,366.0,203.0,1831.0,606.0,128.0,552.0,601.0,226.0,122.0,1622.0,2009.0,530.0,166.0,1754.0,519.0,798.0,223.0,7012.0,1277.0,379.0,5056.0,4279.0,2001.0,1344.0,383.0,561.0,30582.1,19608.0,26937.5,16611.5,25313.5,29953.4,35689.9,46395.1,26359.3,,26071.0,39279.4,38312.5,33781.0,22059.0,,26667.0,23077.0,20000.0,31235.0,30392.0,32669.4,41950.5,23828.0,23228.0,32987.1,27692.4,25600.0,35302.8,21875.0,27423.0,21318.0,31405.1,25000.0,,,23810.0,23214.0,31250.0,63125.0,43970.4,25962.0,25658.5,20619.0,30488.0,22509.6,21875.0,22198.0,34508.4,22285.0,33666.1,28405.4,28037.5,20614.0,32481.5,24000.0,17500.0,30783.1,79077.4,20000.0,28571.0,23529.0,31258.8,20458.5,31469.0,33333.0,28377.2,20570.0,30000.0,20180.5,23188.0,33541.7,27273.0,28409.0,,20995.5,24637.5,26946.0,32759.0,20000.0,32609.0,144.81,119.0,125.0,83.33,110.0,144.06,209.65,,120.0,192.63,187.98,165.0,115.0,,141.0,,93.0,151.45,125.0,161.53,207.5,115.22,110.0,156.09,137.16,121.49,171.87,105.61,120.0,111.7,162.29,133.44,113.0,,,114.75,106.42,135.42,119.5,133.0,112.85,95.47,133.92,109.0,111.58,108.4,181.26,95.0,173.56,139.8,125.0,102.34,160.17,75.0,149.51,292.39,82.96,125.0,108.1,144.21,101.56,138.46,164.7,141.84,112.61,98.04,142.43,,108.33,180.17,126.0,125.0,,101.76,137.93,160.0,93.75,159.78,185.91,193.74,180.13,206.04,183.02,192.56,193.25,159.16,175.33,183.32,197.46,197.18,198.45,223.55,224.2,190.89,249.53,228.35,254.76,263.85,252.2,250.8,277.36,242.48,261.54,269.03,249.3,200.68,237.59,235.16,269.79,285.39,280.84,302.68,305.17,250.77
2025Q3,76731.0,11298.0,2105.0,1812.0,9762.0,3898.0,24788.0,8304.0,5297.0,5878.0,6701.0,3432.0,2608.0,1985.0,15458.0,7504.0,1142.0,11737.0,7449.0,2288.0,2119.0,4666.0,38613.0,12541.0,1262.0,21702.0,2158.0,1006.0,9658.0,15847.0,4162.0,3920.0,1739.0,2035.0,3302.0,1860.0,1642.0,1702.0,10722.0,3199.0,2325.0,2015.0,1095.0,756.0,1858.0,823.0,960.0,9096.0,2224.0,2548.0,2042.0,3100.0,3351.0,2632.0,882.0,558.0,505.0,3177.0,1265.0,322.0,1166.0,1466.0,607.0,256.0,2478.0,3896.0,874.0,386.0,3413.0,1117.0,1817.0,416.0,12378.0,2016.0,830.0,9558.0,8230.0,3970.0,3006.0,713.0,1138.0,13102.0,2072.0,320.0,260.0,991.0,483.0,3980.0,923.0,972.0,677.0,1114.0,361.0,293.0,286.0,2433.0,1238.0,180.0,2194.0,795.0,331.0,293.0,331.0,7453.0,1014.0,134.0,2387.0,232.0,118.0,1548.0,1659.0,333.0,388.0,258.0,347.0,202.0,177.0,129.0,138.0,1351.0,331.0,128.0,327.0,157.0,140.0,213.0,78.0,118.0,1160.0,301.0,406.0,267.0,279.0,426.0,290.0,89.0,117.0,28.0,342.0,145.0,15.0,77.0,133.0,70.0,27.0,174.0,243.0,47.0,33.0,427.0,53.0,131.0,23.0,1524.0,131.0,90.0,616.0,997.0,207.0,255.0,31.0,82.0,19065.0,4430.0,687.0,617.0,3229.0,1395.0,6937.0,1964.0,1604.0,1800.0,2164.0,955.0,978.0,842.0,4710.0,2488.0,503.0,4113.0,2657.0,690.0,563.0,1416.0,10493.0,5003.0,393.0,7122.0,628.0,298.0,2717.0,5495.0,1012.0,1069.0,550.0,484.0,1389.0,433.0,535.0,737.0,3072.0,1361.0,1030.0,693.0,246.0,227.0,636.0,265.0,366.0,3854.0,828.0,814.0,832.0,724.0,1338.0,1159.0,218.0,185.0,236.0,1055.0,560.0,152.0,549.0,694.0,317.0,113.0,688.0,1258.0,185.0,142.0,1135.0,484.0,737.0,52.0,3574.0,599.0,266.0,3293.0,3028.0,1447.0,1417.0,253.0,334.0,57666.0,6868.0,1418.0,1195.0,6533.0,2503.0,17851.0,6340.0,3693.0,4078.0,4537.0,2477.0,1630.0,1143.0,10748.0,5016.0,639.0,7624.0,4792.0,1598.0,1556.0,3250.0,28120.0,7538.0,869.0,14580.0,1530.0,708.0,6941.0,10352.0,3150.0,2851.0,1189.0,1551.0,1913.0,1427.0,1107.0,965.0,7650.0,1838.0,1295.0,1322.0,849.0,529.0,1222.0,558.0,594.0,5242.0,1396.0,1734.0,1210.0,2376.0,2013.0,1473.0,664.0,373.0,269.0,2122.0,705.0,170.0,617.0,772.0,290.0,143.0,1790.0,2638.0,689.0,244.0,2278.0,633.0,1080.0,364.0,8804.0,1417.0,564.0,6265.0,5202.0,2523.0,1589.0,460.0,804.0,33877.6,20000.0,28740.5,17442.5,27368.0,30209.7,38562.4,48203.5,28013.4,,27966.0,43482.4,40995.4,38397.5,23930.0,,28843.5,23622.0,22800.0,34884.0,31469.0,34477.6,44595.0,26489.0,25581.0,35773.3,30301.6,27273.0,39720.0,22581.5,30435.0,23810.0,33432.3,26811.0,,,25000.0,26450.0,34014.0,68722.3,47050.5,30488.0,28424.5,23026.0,33158.0,24382.4,21239.0,24180.5,35483.9,22887.0,36415.5,30212.9,29167.0,20385.0,34962.5,25564.0,18571.0,32830.2,74391.9,22581.0,29762.0,25984.0,33090.9,21622.0,32000.0,34594.5,30612.5,21481.0,33333.0,22176.0,25184.5,35931.3,28807.0,30063.0,,22201.6,26042.0,28571.0,35417.0,22917.0,33846.0,166.73,108.0,147.94,88.96,118.0,154.41,217.55,,142.85,207.19,202.97,191.0,120.0,,145.0,,108.0,169.49,141.5,172.93,214.29,136.43,125.0,167.79,152.78,132.65,191.63,114.29,138.63,122.28,177.21,145.04,125.0,,,120.0,120.48,150.0,135.0,150.0,135.21,117.44,153.43,117.51,105.82,121.98,189.36,104.15,193.32,155.55,142.85,113.22,172.86,84.0,163.3,297.98,97.08,142.93,120.0,155.3,111.11,153.43,170.94,156.04,121.33,104.0,173.96,,120.48,188.88,130.38,134.0,,114.5,148.14,174.41,108.0,178.57,189.53,201.78,188.7,218.78,194.35,202.12,199.56,167.58,181.33,198.75,211.18,207.72,207.93,237.83,230.65,201.38,270.85,248.31,265.62,278.1,272.74,264.72,311.15,262.62,281.59,296.98,275.07,220.57,258.07,257.77,297.02,309.4,300.37,334.53,321.33,271.72
2025Q4,104168.0,14452.0,2791.0,2373.0,11421.0,4763.0,32073.0,9533.0,7035.0,7732.0,9328.0,3980.0,3260.0,2383.0,20363.0,8755.0,1419.0,15858.0,9296.0,3065.0,3120.0,5482.0,50985.0,15998.0,1566.0,27938.0,2470.0,1302.0,11839.0,18835.0,4733.0,4153.0,2070.0,2232.0,3751.0,2417.0,2021.0,2148.0,11582.0,3843.0,2474.0,2796.0,1413.0,905.0,2010.0,1003.0,1054.0,10963.0,2815.0,3280.0,2448.0,4034.0,5053.0,3656.0,1343.0,664.0,647.0,4531.0,1818.0,562.0,2087.0,2318.0,884.0,485.0,3200.0,4295.0,1395.0,851.0,4963.0,1643.0,2807.0,583.0,14959.0,2255.0,1030.0,11601.0,9882.0,5100.0,4054.0,1148.0,1625.0,16692.0,2566.0,359.0,325.0,1178.0,586.0,5067.0,1171.0,1322.0,934.0,1404.0,448.0,363.0,304.0,3167.0,1415.0,262.0,2851.0,970.0,421.0,323.0,384.0,8784.0,1293.0,164.0,3209.0,271.0,143.0,1820.0,2088.0,400.0,426.0,323.0,363.0,289.0,173.0,163.0,232.0,1566.0,447.0,160.0,552.0,187.0,198.0,270.0,113.0,155.0,1429.0,340.0,486.0,304.0,403.0,666.0,385.0,135.0,114.0,47.0,457.0,182.0,33.0,122.0,192.0,92.0,35.0,216.0,275.0,42.0,36.0,505.0,74.0,176.0,28.0,1895.0,146.0,102.0,763.0,1077.0,236.0,349.0,36.0,132.0,28410.0,6338.0,1079.0,841.0,3946.0,1931.0,9538.0,2551.0,2460.0,2453.0,3522.0,1434.0,1477.0,971.0,6695.0,3356.0,744.0,6008.0,3857.0,1161.0,981.0,1938.0,16062.0,6971.0,660.0,9852.0,771.0,510.0,3531.0,7608.0,1363.0,1362.0,727.0,680.0,1853.0,929.0,897.0,1094.0,3603.0,1957.0,1219.0,1227.0,527.0,399.0,872.0,392.0,480.0,4883.0,1276.0,1481.0,1039.0,1194.0,2391.0,1884.0,391.0,196.0,361.0,2026.0,942.0,371.0,1312.0,1504.0,545.0,277.0,1029.0,1724.0,542.0,580.0,2255.0,900.0,1675.0,125.0,5053.0,773.0,431.0,4501.0,4006.0,2250.0,2301.0,416.0,699.0,75758.0,8114.0,1712.0,1532.0,7475.0,2832.0,22535.0,6982.0,4575.0,5279.0,5806.0,2546.0,1783.0,1412.0,13668.0,5399.0,675.0,9850.0,5439.0,1904.0,2139.0,3544.0,34923.0,9027.0,906.0,18086.0,1699.0,792.0,8308.0,11227.0,3370.0,2791.0,1343.0,1552.0,1898.0,1488.0,1124.0,1054.0,7979.0,1886.0,1255.0,1569.0,886.0,506.0,1138.0,611.0,574.0,6080.0,1539.0,1799.0,1409.0,2840.0,2662.0,1772.0,952.0,468.0,286.0,2505.0,876.0,191.0,775.0,814.0,339.0,208.0,2171.0,2571.0,853.0,271.0,2708.0,743.0,1132.0,458.0,9906.0,1482.0,599.0,7100.0,5876.0,2850.0,1753.0,732.0,926.0,36682.3,22293.0,30874.0,20205.0,29228.0,31784.7,41280.9,50363.0,29307.8,,28490.0,44305.6,42794.6,40361.0,26000.0,,31069.0,24898.0,23298.0,37500.0,30805.0,36404.0,47332.5,28474.5,27229.0,37903.5,32989.3,28488.0,41324.7,26169.0,31579.0,25000.0,36145.0,28571.0,,,27027.0,27778.0,35978.0,74100.7,49543.6,33591.0,28289.0,24264.0,33708.0,25998.2,24363.0,26000.0,39644.3,24489.5,39221.3,32322.6,30556.0,22581.0,37245.7,25557.5,20338.0,35476.4,76618.8,25806.0,32208.5,26860.0,35111.6,23418.5,35969.0,37366.0,33265.7,22727.0,35780.0,22500.0,27397.0,37561.1,30868.0,33333.0,,23695.8,27273.0,32381.0,37340.0,24549.5,35902.0,182.48,108.11,153.6,100.0,124.0,158.29,230.9,,143.5,216.18,206.5,195.0,125.79,,164.71,,112.78,190.84,136.36,185.4,235.5,136.0,136.0,183.17,168.52,148.15,209.37,124.38,145.0,125.0,185.71,150.41,135.64,,,133.0,124.23,154.0,131.38,165.29,133.33,114.0,150.0,123.02,121.84,136.0,199.26,115.19,209.1,167.45,147.88,123.76,185.9,94.0,174.89,325.82,100.0,150.0,129.0,164.78,118.7,166.67,188.0,165.56,129.76,112.9,182.46,,133.51,196.21,150.0,145.0,,127.0,159.44,188.74,110.0,188.5,196.05,211.86,194.22,228.89,203.04,210.86,203.75,170.19,190.74,216.29,219.13,217.77,219.65,247.8,245.81,210.39,283.65,262.53,279.38,289.32,282.65,276.94,323.18,277.81,296.62,305.99,279.49,220.88,265.9,290.99,308.28,327.69,322.53,340.36,342.17,282.19
2026Q1,65371.0,8965.0,1589.0,1625.0,6846.0,2978.0,21146.0,6575.0,4323.0,4793.0,5826.0,2166.0,1591.0,1362.0,11733.0,5845.0,831.0,9865.0,5571.0,1620.0,1437.0,2896.0,31850.0,8510.0,791.0,17435.0,1399.0,786.0,7812.0,11957.0,2989.0,2567.0,1549.0,1392.0,2040.0,1188.0,1008.0,1099.0,6812.0,1843.0,1298.0,1425.0,800.0,437.0,1313.0,580.0,677.0,6924.0,1405.0,2038.0,1576.0,2142.0,2640.0,1754.0,864.0,343.0,242.0,2261.0,817.0,310.0,906.0,970.0,492.0,183.0,2055.0,2775.0,688.0,175.0,2586.0,775.0,1246.0,126.0,8869.0,1316.0,567.0,6743.0,5322.0,2548.0,2093.0,460.0,674.0,14637.0,2277.0,331.0,319.0,973.0,554.0,4632.0,1183.0,1146.0,801.0,1304.0,379.0,330.0,313.0,2803.0,1378.0,236.0,2599.0,874.0,381.0,294.0,356.0,8195.0,1366.0,162.0,2909.0,263.0,131.0,1655.0,2094.0,401.0,446.0,355.0,336.0,264.0,184.0,171.0,186.0,1457.0,390.0,168.0,415.0,175.0,138.0,246.0,91.0,147.0,1266.0,309.0,393.0,329.0,419.0,542.0,329.0,154.0,93.0,41.0,437.0,171.0,21.0,123.0,159.0,98.0,30.0,246.0,265.0,42.0,30.0,481.0,86.0,196.0,18.0,1751.0,163.0,93.0,797.0,994.0,263.0,333.0,51.0,108.0,16933.0,3573.0,549.0,561.0,2211.0,1066.0,5652.0,1615.0,1363.0,1475.0,1933.0,647.0,548.0,472.0,3046.0,2079.0,349.0,3616.0,2027.0,479.0,406.0,816.0,8785.0,3154.0,226.0,5760.0,393.0,266.0,2274.0,3923.0,696.0,692.0,472.0,291.0,784.0,340.0,305.0,512.0,1619.0,719.0,449.0,551.0,246.0,160.0,479.0,219.0,297.0,2810.0,525.0,774.0,631.0,586.0,1000.0,717.0,265.0,70.0,97.0,797.0,326.0,160.0,490.0,482.0,266.0,90.0,633.0,960.0,173.0,61.0,870.0,401.0,557.0,39.0,2363.0,345.0,132.0,2053.0,1606.0,890.0,1023.0,122.0,237.0,48438.0,5392.0,1040.0,1064.0,4635.0,1912.0,15494.0,4960.0,2960.0,3318.0,3893.0,1519.0,1043.0,890.0,8687.0,3766.0,482.0,6249.0,3544.0,1141.0,1031.0,2080.0,23065.0,5356.0,565.0,11675.0,1006.0,520.0,5538.0,8034.0,2293.0,1875.0,1077.0,1101.0,1256.0,848.0,703.0,587.0,5193.0,1124.0,849.0,874.0,554.0,277.0,834.0,361.0,380.0,4114.0,880.0,1264.0,945.0,1556.0,1640.0,1037.0,599.0,273.0,145.0,1464.0,491.0,150.0,416.0,488.0,226.0,93.0,1422.0,1815.0,515.0,114.0,1716.0,374.0,689.0,87.0,6506.0,971.0,435.0,4690.0,3716.0,1658.0,1070.0,338.0,437.0,38368.8,22743.0,33333.0,19935.0,32258.0,34167.5,44035.5,54442.9,31169.8,,30242.0,46080.6,45903.7,44540.0,26836.5,,32500.0,28655.5,25000.0,40323.0,33962.0,39326.6,49164.5,28696.0,28951.0,40428.5,34276.9,30488.0,41361.2,28409.0,32258.0,26245.0,37465.3,30519.0,,,26923.0,28358.0,36207.0,79305.8,52456.3,35209.0,30327.5,25000.0,36364.0,27879.4,26056.0,28387.0,40530.0,25000.0,42338.4,34795.5,30857.0,24070.5,39554.8,27734.0,21154.0,37067.6,79109.6,26396.0,33721.0,30060.0,37238.7,24768.0,38462.0,39348.0,34373.7,25000.0,39091.0,23696.0,28169.0,38996.9,33173.0,34866.0,,25447.8,29596.0,34258.5,39338.0,25000.0,38413.5,193.68,117.19,164.84,102.74,139.7,165.52,250.95,,156.25,234.11,221.41,212.38,138.8,,170.46,,125.0,199.2,147.92,198.62,246.79,149.53,149.62,192.4,181.08,158.0,206.4,132.73,152.33,139.93,192.41,157.37,144.93,,,141.5,127.28,158.31,146.34,174.0,140.0,128.61,156.0,130.32,129.63,145.5,214.84,116.34,228.59,174.36,150.48,122.57,198.07,100.0,184.73,333.18,118.0,164.0,137.0,175.41,127.0,175.82,196.0,173.51,135.02,130.22,191.67,,136.0,208.35,158.5,156.0,,138.06,171.72,206.19,114.7,195.0,211.67,230.95,210.26,244.13,213.89,230.14,217.87,182.75,198.48,224.62,239.1,235.02,237.24,265.39,271.88,224.58,304.25,284.73,297.5,321.67,309.12,297.84,342.3,288.32,325.34,330.98,295.41,242.88,280.77,290.3,327.7,343.84,340.83,378.37,369.0,297.88
2026Q2,66133.0,9010.0,1525.0,1392.0,7428.0,2878.0,20704.0,5935.0,4150.0,4812.0,4974.0,2283.0,1771.0,1466.0,11842.0,5690.0,755.0,9872.0,6031.0,1700.0,1632.0,3322.0,31169.0,8040.0,760.0,17569.0,1594.0,818.0,7432.0,11933.0,3458.0,2628.0,1363.0,1299.0,1798.0,1201.0,1115.0,1097.0,7269.0,2044.0,1215.0,1686.0,828.0,486.0,1302.0,577.0,661.0,6693.0,1414.0,1888.0,1489.0,2148.0,2465.0,1665.0,641.0,392.0,280.0,2491.0,870.0,332.0,930.0,1017.0,568.0,158.0,2224.0,2894.0,658.0,275.0,2585.0,618.0,1225.0,178.0,9715.0,1279.0,652.0,6743.0,5129.0,2659.0,1930.0,454.0,814.0,15328.0,2270.0,288.0,298.0,1040.0,484.0,4558.0,1045.0,1014.0,695.0,1124.0,408.0,335.0,339.0,2817.0,1262.0,202.0,2662.0,1026.0,392.0,286.0,381.0,7948.0,1401.0,172.0,2655.0,301.0,139.0,1644.0,2055.0,472.0,475.0,319.0,330.0,241.0,210.0,153.0,171.0,1435.0,452.0,181.0,463.0,194.0,131.0,212.0,91.0,125.0,1209.0,318.0,410.0,302.0,410.0,513.0,310.0,146.0,118.0,34.0,452.0,163.0,35.0,103.0,162.0,97.0,26.0,301.0,310.0,51.0,35.0,531.0,67.0,209.0,22.0,1896.0,152.0,117.0,935.0,1036.0,276.0,350.0,49.0,149.0,17203.0,3712.0,542.0,475.0,2556.0,1140.0,6628.0,1554.0,1368.0,1423.0,1691.0,692.0,688.0,557.0,3159.0,2154.0,342.0,3664.0,2339.0,610.0,534.0,950.0,9414.0,3352.0,243.0,6050.0,498.0,339.0,2138.0,4173.0,909.0,714.0,441.0,311.0,713.0,409.0,415.0,466.0,2142.0,821.0,419.0,790.0,191.0,207.0,502.0,213.0,301.0,2982.0,547.0,744.0,626.0,599.0,1146.0,711.0,169.0,87.0,137.0,932.0,426.0,155.0,453.0,493.0,342.0,76.0,558.0,1012.0,191.0,124.0,990.0,238.0,542.0,38.0,2814.0,356.0,162.0,2348.0,1451.0,929.0,929.0,128.0,321.0,48930.0,5298.0,983.0,917.0,4872.0,1738.0,14076.0,4381.0,2782.0,3389.0,3283.0,1591.0,1083.0,909.0,8683.0,3536.0,413.0,6208.0,3692.0,1090.0,1098.0,2372.0,21755.0,4688.0,517.0,11519.0,1096.0,479.0,5294.0,7760.0,2549.0,1914.0,922.0,988.0,1085.0,792.0,700.0,631.0,5127.0,1223.0,796.0,896.0,637.0,279.0,800.0,364.0,360.0,3711.0,867.0,1144.0,863.0,1549.0,1319.0,954.0,472.0,305.0,143.0,1559.0,444.0,177.0,477.0,524.0,226.0,82.0,1666.0,1882.0,467.0,151.0,1595.0,380.0,683.0,140.0,6901.0,923.0,490.0,4395.0,3678.0,1730.0,1001.0,326.0,493.0,41161.4,25000.0,33636.0,21949.0,34066.0,36245.1,47262.7,57784.3,32461.8,,31804.0,49848.3,49432.3,45767.0,27296.0,,34669.5,33333.0,25806.0,44355.0,35989.0,41263.6,52581.0,31128.0,31341.0,42771.9,35081.3,32163.5,45338.1,27500.0,35294.0,27483.0,39305.3,31860.0,,,28912.0,30410.0,40074.0,87153.4,56466.2,35484.0,34667.0,25963.0,37394.0,29271.9,24174.5,28571.0,42011.1,25586.5,44144.4,36181.5,33913.0,24425.0,42079.6,28409.0,23101.0,38836.6,82290.3,27632.5,37056.0,31905.0,40278.7,25417.0,35599.0,41935.0,37326.0,26596.0,39510.5,24324.0,29968.0,42048.7,36008.5,36870.5,,25298.0,30526.5,35714.0,41196.0,26515.0,41111.0,202.48,126.87,166.67,111.97,145.63,184.93,263.4,,167.9,246.04,242.94,217.0,157.12,,184.0,,125.79,216.02,153.85,205.34,260.87,148.45,160.0,206.93,178.73,171.0,231.31,129.53,176.0,144.51,203.84,164.51,160.0,,,146.0,142.86,165.04,142.86,189.38,156.99,134.0,173.49,144.03,133.33,145.98,219.04,127.28,233.18,176.54,160.0,130.43,207.51,111.0,190.77,351.55,115.38,168.0,149.0,189.54,128.28,167.88,210.53,186.91,141.46,134.46,196.0,,148.15,223.78,170.94,165.14,,146.0,166.0,212.31,123.19,209.0,216.84,238.31,222.22,253.25,227.71,235.64,229.5,194.13,212.46,242.07,254.08,245.91,250.65,276.63,291.18,236.1,322.45,304.25,312.5,331.06,323.51,315.63,357.7,309.47,332.72,352.04,310.0,255.05,297.22,314.59,359.33,364.66,369.65,384.73,384.61,315.85
