target_period,TP_KKM_K1,TP_KKM_K2,TP_KKM_K4,TP_KM_E041
2020Q1,,,,710323454.0
2020Q2,,,,777193645.0
2020Q3,,,,756117388.0
2020Q4,,,,758009826.0
2021Q1,,,,841209860.0
2021Q2,,,,933542968.0
2021Q3,,,,1000252881.0
2021Q4,0.7,0.7,68.2,948251701.0
2022Q1,26.3,7.0,320.4,1143672042.0
2022Q2,33.2,12.2,540.9,1385182385.0
2022Q3,39.6,19.9,688.3,1736576348.0
2022Q4,51.8,30.5,487.3,2138953665.0
2023Q1,74.7,50.5,318.3,2731528114.0
2023Q2,94.3,63.7,853.9,3312778926.0
2023Q3,90.7,59.5,953.5,3958840088.0
2023Q4,86.6,59.0,282.5,4434436440.0
2024Q1,74.8,51.8,98.8,4470396715.0
2024Q2,64.0,45.3,25.1,5386346875.0
2024Q3,48.1,35.4,2.8,5812547627.0
2024Q4,32.5,25.9,0.0,6265988949.0
2025Q1,21.5,18.5,0.0,7012245384.0
2025Q2,14.0,13.7,0.0,7318061655.0
2025Q3,7.4,7.2,0.0,7558070259.0
2025Q4,0.2,0.2,0.0,7481172725.0
2026Q1,0.018,0.018,0.0,7577422615.0
2026Q2,0.007,0.007,0.0,8399416049.0
