month,first_time_housing_credit_users_thousand_person,housing_credit_average_balance_try,housing_credit_balance_billion_try,housing_credit_borrower_count_million_person,housing_credit_npl_ratio_pct,selected_source_publication_month,has_source_revision,housing_credit_balance_million_try_from_rounded_chart
2021-01,9.0,110444.0,285.4,2.6,0.3,2021-06,False,285400.0
2021-02,11.0,110974.0,285.1,2.6,0.3,2021-06,False,285100.0
2021-03,16.0,111919.0,285.9,2.6,0.3,2021-06,False,285900.0
2021-04,13.0,112401.0,285.4,2.5,0.3,2021-06,False,285400.0
2021-05,9.0,112776.0,284.4,2.5,0.3,2021-06,False,284400.0
2021-06,22.0,114005.0,286.6,2.5,0.3,2022-06,True,286600.0
2021-07,15.0,114613.0,287.2,2.5,0.3,2022-06,False,287200.0
2021-08,21.0,115682.0,289.2,2.5,0.3,2022-06,False,289200.0
2021-09,22.0,117149.0,292.2,2.5,0.3,2022-06,False,292200.0
2021-10,21.0,118564.0,294.9,2.5,0.3,2022-06,False,294900.0
2021-11,31.0,121046.0,301.1,2.5,0.3,2022-06,False,301100.0
2021-12,31.0,124042.0,308.7,2.5,0.3,2022-06,False,308700.0
2022-01,13.0,124945.0,310.3,2.5,0.3,2022-06,False,310300.0
2022-02,15.0,126543.0,313.5,2.5,0.3,2022-06,False,313500.0
2022-03,23.0,129628.0,320.9,2.5,0.3,2022-06,False,320900.0
2022-04,24.0,133602.0,330.9,2.5,0.3,2022-06,False,330900.0
2022-05,22.0,138201.0,341.9,2.5,0.2,2022-06,False,341900.0
2022-06,28.0,148882.0,350.2,2.4,0.2,2023-06,True,350200.0
2022-07,14.0,150676.0,353.3,2.3,0.2,2023-06,False,353300.0
2022-08,16.0,153106.0,357.0,2.3,0.2,2023-06,False,357000.0
2022-09,12.0,154648.0,358.0,2.3,0.2,2023-06,False,358000.0
2022-10,14.0,155928.0,359.2,2.3,0.2,2023-06,False,359200.0
2022-11,11.0,157793.0,360.6,2.3,0.2,2023-06,False,360600.0
2022-12,15.0,160643.0,364.4,2.3,0.2,2023-06,False,364400.0
2023-01,11.0,163120.0,366.8,2.2,0.2,2023-06,False,366800.0
2023-02,12.0,166504.0,372.1,2.2,0.2,2023-06,False,372100.0
2023-03,21.0,178346.0,396.3,2.2,0.2,2023-06,False,396300.0
2023-04,17.0,188763.0,415.4,2.2,0.2,2023-06,False,415400.0
2023-05,23.0,200295.0,438.2,2.2,0.1,2023-06,False,438200.0
2023-06,10.0,204835.0,443.8,2.2,0.1,2024-06,False,443800.0
2023-07,10.0,208492.0,447.4,2.1,0.1,2024-06,False,447400.0
2023-08,11.0,212729.0,452.6,2.1,0.1,2024-06,False,452600.0
2023-09,6.0,214339.0,451.0,2.1,0.1,2024-06,False,451000.0
2023-10,4.0,215235.0,448.1,2.1,0.1,2024-06,False,448100.0
2023-11,4.0,216434.0,445.6,2.1,0.1,2024-06,False,445600.0
2023-12,4.0,217746.0,443.3,2.0,0.1,2024-06,False,443300.0
2024-01,5.0,219284.0,442.1,2.0,0.1,2024-06,False,442100.0
2024-02,8.0,222041.0,443.8,2.0,0.1,2024-06,False,443800.0
2024-03,11.0,226579.0,449.9,2.0,0.1,2024-06,False,449900.0
2024-04,6.0,228504.0,450.1,2.0,0.1,2024-06,False,450100.0
2024-05,8.0,231780.0,452.4,2.0,0.1,2024-06,False,452400.0
2024-06,6.0,234055.0,452.0,1.9,0.1,2025-06,True,452000.0
2024-07,10.0,238558.0,456.0,1.9,0.1,2025-06,False,456000.0
2024-08,11.0,244393.0,462.0,1.9,0.1,2025-06,False,462000.0
2024-09,15.0,251698.0,471.0,1.9,0.1,2025-06,False,471000.0
2024-10,19.0,261744.0,486.0,1.9,0.1,2025-06,False,486000.0
2024-11,18.0,272509.0,502.0,1.8,0.1,2025-06,False,502000.0
2024-12,21.0,283563.0,518.0,1.8,0.1,2025-06,False,518000.0
2025-01,15.0,292136.0,530.0,1.8,0.1,2025-06,False,530000.0
2025-02,14.0,301355.0,541.0,1.8,0.1,2025-06,False,541000.0
2025-03,14.0,311889.0,555.0,1.8,0.1,2025-06,False,555000.0
2025-04,15.0,322469.0,569.0,1.8,0.1,2025-06,False,569000.0
2025-05,14.0,333422.0,583.0,1.7,0.1,2025-06,False,583000.0
2025-06,11.0,342125.0,591.0,1.7,0.1,2026-06,False,591000.0
2025-07,14.0,352653.0,602.0,1.7,0.1,2026-06,False,602000.0
2025-08,15.0,364649.0,617.0,1.7,0.1,2026-06,False,617000.0
2025-09,16.0,376602.0,632.0,1.7,0.1,2026-06,False,632000.0
2025-10,18.0,389883.0,650.0,1.7,0.1,2026-06,False,650000.0
2025-11,16.0,402342.0,666.0,1.7,0.1,2026-06,False,666000.0
2025-12,18.0,417619.0,687.0,1.6,0.1,2026-06,False,687000.0
2026-01,13.0,427985.0,700.0,1.6,0.1,2026-06,False,700000.0
2026-02,17.0,444870.0,724.0,1.6,0.1,2026-06,False,724000.0
2026-03,16.0,463281.0,751.0,1.6,0.1,2026-06,False,751000.0
2026-04,16.0,481198.0,776.0,1.6,0.1,2026-06,False,776000.0
2026-05,11.0,494043.0,792.0,1.6,0.1,2026-06,False,792000.0
2026-06,13.0,509549.0,810.0,1.6,0.1,2026-06,False,810000.0
