target_period,TP_ALTINPIYASA_HACM02,TP_ALTINPIYASA_MIKT02
2020-01,2200960993.41,7403.5599999999995
2020-02,3967675329.24,12569.57
2020-03,5139404457.209999,16059.340000000002
2020-04,3345318947.36,8958.32
2020-05,5460032837.32,14336.67
2020-06,4415101804.699999,11783.550000000001
2020-07,8889271991.17,21992.059999999998
2020-08,18357315250.449997,40116.86
2020-09,20864592825.32,45647.78000000001
2020-10,12859913025.39,26804.090000000004
2020-11,22773994606.6,47450.59
2020-12,8553452679.369999,18680.300000000003
2021-01,4859845412.35,10994.760000000002
2021-02,2651487921.88,6376.66
2021-03,1763744664.9799998,4105.29
2021-04,1873529788.49,4077.0499999999997
2021-05,2313633485.9700003,4596.59
2021-06,3231523466.8599997,6319.169999999999
2021-07,1078956157.71,2158.06
2021-08,1137321476.1899998,2343.27
2021-09,1301545190.9599998,2652.3
2021-10,1729865682.6399999,3294.46
2021-11,2331061559.6,3666.48
2021-12,5360975444.59,6749.750000000001
2022-01,2493282531.08,3153.34
2022-02,3615374585.41,4400.070000000001
2022-03,3869911738.73,4263.6
2022-04,2469820561.0399995,2677.56
2022-05,5241141327.719999,5530.99
2022-06,2803180714.0199995,2816.62
2022-07,6357361921.070001,6500.37
2022-08,8344686895.410001,8183.530000000001
2022-09,9831554366.5,9876.29
2022-10,15090401607.35,15241.25
2022-11,18791665905.61,18207.45
2022-12,35243793531.09,32537.54
2023-01,45536522556.90001,39614.909999999996
2023-02,33992737063.51,30085.359999999997
2023-03,20118406332.07,17187.329999999998
2023-04,28712913320.82,22499.06
2023-05,35391779588.84,26672.509999999995
2023-06,19502665569.7,13754.03
2023-07,31085953567.59,18587.69
2023-08,28025326440.759995,16749.03
2023-09,17372358904.19,10367.689999999999
2023-10,29540583235.63,17154.960000000003
2023-11,21579877535.53,11807.869999999999
2023-12,23810969618.190002,12553.629999999997
2024-01,18284657227.04,9074.309999999998
2024-02,15142319457.779999,7474.92
2024-03,35701849517.6,15086.580000000002
2024-04,17555077924.73,7064.450000000001
2024-05,21630851994.800003,8845.56
2024-06,10785626830.45,4409.66
2024-07,14790531347.06,5828.58
2024-08,12287778367.470001,4562.400000000001
2024-09,17377378679.489998,6074.460000000001
2024-10,20678428461.02,6814.500000000001
2024-11,30289742822.899998,10171.759999999998
2024-12,32323633600.000008,10729.16
2025-01,21782211954.84,7014.510000000001
2025-02,38535515846.35999,11330.61
2025-03,25231812203.050003,7149.539999999999
2025-04,45398693377.61,11570.250000000002
2025-05,33382456829.760002,8219.94
2025-06,22820006812.83,5334.499999999999
2025-07,10915998444.189999,2508.3999999999996
2025-08,22354875894.31,5063.02
2025-09,75164322278.45999,15271.23
2025-10,57378902300.64,10201.54
2025-11,70896148437.0,12688.229999999998
2025-12,64165450742.0,10723.820000000002
2026-01,93824682381.0,13836.98
2026-02,90534914196.0,12649.090000000002
2026-03,151349741325.0,22265.37
2026-04,57387242867.0,8461.69
2026-05,25683060773.0,3814.5
2026-06,78481244825.0,12431.32
