category_id,name_tr,name_en,level,parent_id,direct_group_count
400701,DIŞ TİCARET ENDEKSLERİ (TÜİK),FOREIGN TRADE INDICES (TURKSAT),3,4007,4
2002,GEÇİNME ENDEKSLERİ (İTO),COST OF LIVING INDICES (ICC),2,20,6
9992001,BİLEŞİK ÖNCÜ GÖSTERGELER ENDEKSİ (ARŞİV),COMPOSITE LEADING INDICATORS INDEX (ARCHIVE),3,99920,1
3001,MERKEZ BANKASI ANALİTİK BİLANÇOSU,CENTRAL BANK ANALYTICAL BALANCE SHEET,2,30,1
9991001,İKTİSADİ YÖNELİM ANKETİ (ARŞİV),BUSINESS TENDENCY SURVEY (ARCHIVE),3,99910,11
3501,ÇEK VE SENETLER (TCMB),CHEQUES AND BILLS (CBRT),2,35,1
99910,BEKLENTİ VE EĞİLİM ANKETLERİ (ARŞİV),EXPECTATION AND TENDENCY SURVEYS (ARCHIVE),2,0,0
0,ARŞİV,ARCHIVE,1,-1,1
4004,DIŞ BORÇ İSTATİSTİKLERİ,EXTERNAL DEBT STATISTICS,2,40,0
400401,KISA VADELİ DIŞ BORÇ İSTATİSTİKLERİ (TCMB),SHORT TERM EXTERNAL DEBT STATISTICS (CBRT),3,4004,6
5503,EKONOMİK İŞBİRLİĞİ VE KALKINMA ÖRGÜTÜ (OECD),ORGANISATION FOR ECONOMIC CO-OPERATION AND DEVELOPMENT (OECD),2,55,1
1001,BANKA KREDİLERİ EĞİLİM ANKETİ (TCMB),BANK LOANS TENDENCY SURVEY (CBRT),2,10,1
500401,BİLANÇO,BALANCE SHEET,3,5004,7
500601,BİLANÇO.,BALANCE SHEET.,3,5006,7
400501,DOĞRUDAN YATIRIMLAR (AKIM),DIRECT INVESTMENT (FLOW),3,4005,4
10,BEKLENTİ VE EĞİLİM ANKETLERİ,EXPECTATION AND TENDENCY SURVEYS,1,-1,0
5005,FİNANSAL KESİM DIŞINDAKİ FİRMALARIN DÖVİZ VARLIK VE YÜKÜMLÜLÜKLERİ (TCMB),FOREIGN CURRENCY ASSETS AND LIABILITIES OF COMPANIES OUTSIDE THE FINANCIAL SECTOR (CBRT),2,50,1
450102,BİLANÇOLAR,BALANCE SHEETS,3,4501,3
450306,"ÇEVRESEL, SOSYAL VE YÖNETİŞİMSEL BORÇLANMA SENETLERİ","ENVIRONMENTAL, SOCIAL AND GOVERNANCE DEBT SECURITIES",3,4503,2
4504,BANKA DIŞI FİNANSAL KURULUŞ İSTATİSTİKLERİ (TCMB),NON-BANK FINANCIAL INSTITUTION STATISTICS (CBRT),2,45,4
450701,"FİNANSAL VARLIK VE YÜKÜMLÜLÜKLER, KONSOLİDE OLMAYAN, STOK","FINANCIAL ASSETS AND LIABILITIES, NON-CONSOLIDATED, STOCK",3,4507,20
450501,FAİZ VE KÂR PAYI İSTATİSTİKLERİ (AKIM),INTEREST AND PROFIT RATE STATISTICS (FLOW),3,4505,4
9998002,FAİZ VE KAR PAYI İSTATİSİTKLERİ (ARŞİV),INTEREST RATE STATISTICS (ARCHIVE),3,99980,2
550201,KREDİ İSTATİSTİKLERİ,CREDIT STATISTICS,3,5502,3
150201,HARCAMA YÖNTEMİ İLE GAYRİSAFİ YURT İÇİ HASILA,GROSS DOMESTIC PRODUCT BY EXPENDITURE APPROACH,3,1502,10
9993001,ALTIN İSTATİSTİKLERİ (ARŞİV),GOLD STATISTICS (ARCHIVE),3,99930,1
1504,BİLEŞİK ÖNCÜ GÖSTERGELER ENDEKSİ (TCMB),COMPOSITE LEADING INDICATORS INDEX (CBRT),2,15,1
9999001,İMALAT SANAYİ KAPASİTE KULLANIM ORANI (ARŞİV),CAPACITY UTILIZATION RATE OF MANUFACTURING INDUSTRY (ARCHIVE),3,99990,3
2502,ALTIN İSTATİSTİKLERİ,GOLD STATISTICS,2,25,6
9997001,DIŞ TİCARET ENDEKSLERİ (ARŞİV),FOREIGN TRADE INDICES (ARCHIVE),3,99970,20
100301,REEL KESİM GÜVEN ENDEKSİ (TCMB),REAL SECTOR CONFIDENCE INDEX (CBRT),3,1003,2
150701,HARCAMA YÖNTEMİ İLE GAYRİSAFİ YURT İÇİ HASILA (YILLIK),ANNUAL GROSS DOMESTIC PRODUCT BY EXPENDITURE APPROACH,3,1507,2
9995001,MERKEZ BANKASI BİLANÇO VERİLERİ (ARŞİV),CENTRAL BANK BALANCE SHEET DATA (ARCHIVE),3,99950,8
500402,GELİR TABLOSU,INCOME STATEMENT,3,5004,9
450302,DEVLET İÇ BORÇLANMA SENETLERİ,GOVERNMENT DOMESTIC DEBT SECURITIES,3,4503,3
150202,GELİR YÖNTEMİ İLE GAYRİSAFİ YURT İÇİ HASILA,GROSS DOMESTIC PRODUCT BY INCOME APPROACH,3,1502,2
450106,DIŞ VARLIK YÜKÜMLÜLÜKLER,FOREIGN ASSETS AND LIABILITIES,3,4501,4
450702,"FİNANSAL VARLIK VE YÜKÜMLÜLÜKLER, KONSOLİDE OLMAYAN, AKIM","FINANCIAL ASSETS AND LIABILITIES, NON-CONSOLIDATED, FLOW",3,4507,20
450502,FAİZ VE KÂR PAYI İSTATİSTİKLERİ (STOK),INTEREST AND PROFIT RATE STATISTICS (STOCK),3,4505,4
550202,MERKEZ BANKALARI İSTATİSTİKLERİ,CENTRAL BANKS' STATISTICS,3,5502,4
5001,İMALAT SANAYİ KAPASİTE KULLANIM ORANI (TCMB),CAPACITY UTILIZATION RATE OF MANUFACTURING INDUSTRY (CBRT),2,50,2
3004,MERKEZ BANKASI HAFTALIK VAZİYET,CENTRAL BANK WEEKLY REPORT,2,30,2
500602,GELİR TABLOSU.,INCOME STATEMENT.,3,5006,9
2007,HİZMET ÜRETİCİ FİYAT ENDEKSİ (TÜİK),SERVICE PRODUCER PRICE INDEX (TURKSTAT),2,20,1
9997002,DIŞ TİCARET İSTATİSTİKLERİ (ARŞİV),FOREIGN TRADE STATISTICS (ARCHIVE),3,99970,2
9999002,KONUT VE İNŞAAT İSTATİSTİKLERİ (ARŞİV),HOUSING AND CONSTRUCTION STATISTICS (ARCHIVE),3,99990,4
5502,ULUSLARARASI ÖDEMELER BANKASI (BIS),BANK FOR INTERNATIONAL SETTLEMENTS (BIS),2,55,0
9998003,MENKUL KIYMET İSTATİSTİKLERİ (ARŞİV),SECURITIES STATISTICS (ARCHIVE),3,99980,20
9991002,PİYASA KATILIMCILARI ANKETİ (ARŞİV),SURVEY OF MARKET PARTICIPANTS (ARCHIVE),3,99910,2
9995002,PİYASA VERİLERİ (ARŞİV),MARKETS DATA (ARCHIVE),3,99950,2
99920,"BÜYÜME, İSTİHDAM KAMU MALİYESİ (ARŞİV)","GROWTH, EMPLOYMENT, PUBLIC FINANCE (ARCHIVE)",2,0,0
9992002,İŞGÜCÜ İSTATİSTİKLERİ (ARŞİV),LABOR FORCE STATISTICS (ARCHIVE),3,99920,19
9993002,TCMB DÖVİZ KURLARI (ARŞİV),CENTRAL BANK EXCHANGE RATES (ARCHIVE),3,99930,7
400502,DOĞRUDAN YATIRIMLAR (STOK),DIRECT INVESTMENT (STOCK),3,4005,5
4508,"BANKA VE KREDİ KARTI İSTATİSTİKLERİ (TCMB, BKM)","DEBIT AND CREDIT CARDS STATISTICS (CBRT, ICC)",2,45,3
1503,KAMU FİNANSMANI (HMB),PUBLIC FINANCE STATISTICS (MoFT),2,15,3
1002,FİNANSAL HİZMETLER ANKETİ (TCMB),FINANCIAL SERVICES SURVEY (CBRT),2,10,2
3503,ÖDEME SİSTEMLERİ İSTATİSTİKLERİ (TCMB),PAYMENT SYSTEMS STATISTICS (CBRT),2,35,4
15,"BÜYÜME, İSTİHDAM, KAMU MALİYESİ","GROWTH, EMPLOYMENT, PUBLIC FINANCE",1,-1,0
100302,İKTİSADİ YÖNELİM ANKETİ (TCMB),BUSINESS TENDENCY SURVEY (CBRT),3,1003,2
2503,DİĞER KIYMETLİ MADENLER VE EMTİA PİYASASI,OTHER PRECIOUS METALS AND COMMODITIES MARKET,2,25,4
400702,DIŞ TİCARET İSTATİSTİKLERİ (TÜİK),FOREIGN TRADE STATISTICS (TURKSTAT),3,4007,8
4007,DIŞ TİCARET VE İLGİLİ İSTATİSTİKLER,FOREIGN TRADE AND RELATED STATISTICS,2,40,0
4005,DOĞRUDAN YATIRIMLAR (TCMB),DIRECT INVESTMENT (CBRT),2,40,0
5002,"KONUT, İŞ YERİ VE İNŞAAT İSTATİSTİKLERİ (TÜİK)","HOUSE, COMMERCIAL PROPERTY SALES AND CONSTRUCTION STATISTICS (TURKSTAT)",2,50,6
400703,DIŞ TİCARET NAKLİYE ARAÇLARI İSTATİSTİKLERİ (UND),FOREIGN TRADE TRANSPORTATION VEHICLES STATISTICS (IFFA),3,4007,7
500603,ORANLAR.,RATIOS.,3,5006,18
9998004,PARA VE BANKA İSTATİSTİKLERİ (AYLIK) (ARŞİV),MONEY AND BANKING STATISTICS (MONTHLY) (ARCHIVE),3,99980,17
25,DÖVİZ KURLARI VE KIYMETLİ MADENLER,EXCHANGE RATES AND PRECIOUS METALS,1,-1,0
500403,ORANLAR,RATIOS,3,5004,18
9997003,DOĞRUDAN YATIRIMLAR (ARŞİV),DIRECT INVESTMENT (ARCHIVE),3,99970,1
400403,TÜRKİYE DIŞ BORÇ İSTATİSTİKLERİ (TCMB),EXTERNAL DEBT STATISTICS of TÜRKİYE (CBRT),3,4004,9
2504,REEL EFEKTİF DÖVİZ KURLARI (TCMB),REAL EFFECTIVE EXCHANGE RATES (CBRT),2,25,3
5501,ULUSLARARASI PARA FONU (IMF),INTERNATIONAL MONETARY FUND (IMF),2,55,8
3502,TEDAVÜLDEKİ BANKNOTLAR (TCMB),BANKNOTES IN CIRCULATION (CBRT),2,35,2
9991003,TÜKETİCİ EĞİLİM ANKETİ (ARŞİV),CONSUMER TENDENCY SURVEY (ARCHIVE),3,99910,2
99930,DÖVİZ KURLARI VE KIYMETLİ MADENLER (ARŞİV),EXCHANGE RATES AND PRECIOUS METALS (ARCHIVE),2,0,0
2003,KONUT FİYAT ENDEKSİ (TCMB),RESIDENTIAL PROPERTY PRICE INDEX (CBRT),2,20,6
9992003,KAMU MALİ İSTATİSTİKLERİ (ARŞİV),PUBLIC FINANCE STATISTICS (ARCHIVE),3,99920,9
1007,HANEHALKI BEKLENTİ ANKETİ (TCMB),HOUSEHOLD EXPECTATIONS SURVEY (CBRT),2,10,3
450305,GENEL YÖNETİM DIŞI SEKTÖRLERİN YURT DIŞI BORÇLANMA SENEDİ İHRAÇLARI,DEBT SECURITIES ISSUED ABROAD BY SECTORS OTHER THAN GENERAL GOVERNMENT,3,4503,3
150703,ÜRETİM YÖNTEMİ İLE GAYRİSAFİ YURT İÇİ HASILA (YILLIK),ANNUAL GROSS DOMESTIC PRODUCT BY PRODUCTION APPROACH,3,1507,3
150203,ÜRETİM YÖNTEMİ İLE GAYRİSAFİ YURT İÇİ HASILA,GROSS DOMESTIC PRODUCT BY PRODUCTION APPROACH,3,1502,4
100303,MAL GRUPLARI,MAIN INDUSTRY GROUPINGS,3,1003,6
450108,İŞTİRAKLER,PARTICIPATIONS AND SUBSIDIARIES,3,4501,1
3003,MERKEZ BANKASI BİLANÇOSU,CENTRAL BANK BALANCE SHEET,2,30,1
1505,İÇ BORÇ İSTATİSTİKLERİ (HMB),DOMESTIC DEBT STATISTICS (MoFT),2,15,1
450703,"FİNANSAL VARLIK VE YÜKÜMLÜLÜKLER, KONSOLİDE, STOK","FINANCIAL ASSETS AND LIABILITIES, CONSOLIDATED, STOCK",3,4507,20
9999003,ÜRETİME İLİŞKİN DİĞER VERİLER (ARŞİV),OTHER PRODUCTION-RELATED DATA (ARCHIVE),3,99990,25
4505,FAİZ VE KÂR PAYI İSTATİSTİKLERİ (TCMB),INTEREST AND PROFIT RATE STATISTICS,2,45,0
450503,MEVZUAT GEREĞİ YAYIMLANAN AZAMİ FAİZ ORANLARI,MAXIMUM INTEREST RATES PUBLISHED ON LEGAL REQUIREMENT,3,4505,3
20,FİYAT ENDEKSLERİ,PRICE INDICES,1,-1,0
100304,ÇALIŞAN SAYISI,NUMBER OF EMPLOYEES,3,1003,3
1003,İKTİSADİ YÖNELİM ANKETİ VE REEL KESİM GÜVEN ENDEKSİ (TCMB),BUSINESS TENDENCY SURVEY AND REAL SECTOR CONFIDENCE INDEX (CBRT),2,10,0
99940,FİYAT ENDEKSLERİ (ARŞİV),PRICE INDICES (ARCHIVE),2,0,22
2501,TCMB DÖVİZ KURLARI,CENTRAL BANK EXCHANGE RATES,2,25,3
9998006,PARA VE BANKA İSTATİSTİKLERİ (HAFTALIK) (ARŞİV),MONEY AND BANKING STATISTICS (WEEKLY) (ARCHIVE),3,99980,24
9991004,SEKTÖREL ENFLASYON BEKLENTİLERİ (ARŞİV),SECTORAL INFLATION EXPECTATIONS (ARCHIVE),3,99910,1
9997004,KISA VADELİ DIŞ BORÇ (ARŞİV),SHORT-TERM EXTERNAL DEBT (ARCHIVE),3,99970,2
450504,REESKONT VE AVANS FAİZ ORANLARI (TCMB),REDISCOUNT AND ADVANCE INTEREST RATES (CBRT),3,4505,1
2008,TARIM ÜRÜNLERİ ÜRETİCİ FİYAT ENDEKSİ (TÜİK),AGRICULTURAL PRODUCTS PRODUCER PRICE INDEX (TURKSTAT),2,20,1
1501,İŞGÜCÜ İSTATİSTİKLERİ (TÜİK),LABOR FORCE STATISTICS (TURKSTAT),2,15,2
450704,"FİNANSAL VARLIK VE YÜKÜMLÜLÜKLER, KONSOLİDE, AKIM","FINANCIAL ASSETS AND LIABILITIES, CONSOLIDATED, FLOW",3,4507,20
9992004,DÖNEMSEL GAYRİSAFİ YURT İÇİ HASILA (ARŞİV),QUATERLY GROSS DOMESTIC PRODUCT (ARCHIVE),3,99920,8
4507,FİNANSAL HESAPLAR (TCMB),FINANCIAL ACCOUNTS (CBRT),2,45,0
3002,PİYASA VERİLERİ,MARKETS DATA,2,30,14
450105,KREDİLER,LOANS,3,4501,4
4001,ÖDEMELER DENGESİ İSTATİSTİKLERİ (TCMB),BALANCE OF PAYMENTS STATISTICS (CBRT),2,40,11
450304,GENEL YÖNETİM DIŞI SEKTÖRLERİN YURT İÇİ BORÇLANMA SENEDİ İHRAÇLARI,DOMESTIC DEBT SECURITIES ISSUED BY SECTORS OTHER THAN GENERAL GOVERNMENT,3,4503,3
5006,SEKTÖR BİLANÇOLARI (2009 - 2023) (TCMB),COMPANY ACCOUNTS (2009 - 2023) (CBRT),2,50,0
500604,SEKTÖR RİSKİ.,SECTOR RISK.,3,5006,5
500404,SEKTÖR RİSKİ,SECTOR RISK,3,5004,5
2009,TARIMSAL GİRDİ FİYAT ENDEKSİ (TÜİK),AGRICULTURAL INPUT PRICE INDEX (TURKSTAT),2,20,1
450107,MENKUL DEĞERLER,SECURITIES,3,4501,2
4006,TURİZM İSTATİSTİKLERİ,TOURISM STATISTICS,2,40,4
1502,DÖNEMSEL GAYRİSAFİ YURT İÇİ HASILA (TÜİK),QUATERLY GROSS DOMESTIC PRODUCT (TURKSTAT),2,15,0
5004,SEKTÖR BİLANÇOLARI (2023 - 2024) (TCMB),COMPANY ACCOUNTS (2023 - 2024) (CBRT),2,50,0
1004,PİYASA KATILIMCILARI ANKETİ (TCMB),SURVEY OF MARKET PARTICIPANTS (CBRT),2,10,3
9997005,ÖDEMELER DENGESİ İSTATİSTİKLERİ (ARŞİV),BALANCE OF PAYMENTS STATISTICS (ARCHIVE),3,99970,5
450303,GENEL YÖNETİM YURT DIŞI BORÇLANMA SENEDİ İHRAÇLARI,DEBT SECURITIES ISSUED ABROAD BY GENERAL GOVERNMENT,3,4503,3
4503,MENKUL KIYMET İSTATİSTİKLERİ (TCMB),SECURITIES STATISTICS (CBRT),2,45,0
99950,MERKEZ BANKASI BİLANÇO VE PİYASA VERİLERİ (ARŞİV),CENTRAL BANK BALANCE SHEET AND MARKETS DATA (ARCHIVE),2,0,0
30,MERKEZ BANKASI BİLANÇO VE PİYASA VERİLERİ,CENTRAL BANK BALANCE SHEET AND MARKET DATA,1,-1,0
4002,ULUSLARARASI YATIRIM POZİSYONU (TCMB),INTERNATIONAL INVESTMENT POSITION (CBRT),2,40,4
4501,PARA VE BANKA İSTATİSTİKLERİ (AYLIK) (TCMB),MONEY AND BANKING STATISTICS (MONTHLY) (CBRT),2,45,0
450301,YURT DIŞI YERLEŞİKLER MENKUL KIYMET PORTFÖYÜ,SECURITIES PORTFOLIO HELD BY NON-RESIDENTS,3,4503,1
1507,YILLIK GAYRİSAFİ YURT İÇİ HASILA (TÜİK),ANNUAL GROSS DOMESTIC PRODUCT (TURKSTAT),2,15,0
450104,MEVDUAT,DEPOSITS,3,4501,7
1005,SEKTÖREL ENFLASYON BEKLENTİLERİ (TCMB),SECTORAL INFLATION EXPECTATIONS (CBRT),2,10,1
2004,TİCARİ GAYRİMENKUL FİYAT ENDEKSİ (TCMB),COMMERCIAL PROPERTY PRICE INDEX (CBRT),2,20,5
35,ÖDEME SİSTEMLERİ VE EMİSYON,PAYMENT SYSTEMS AND EMISSION,1,-1,0
99960,ÖDEME SİSTEMLERİ İSTATİSTİKLERİ (ARŞİV),PAYMENT SYSTEMS STATISTICS (ARCHIVE),2,0,2
9997006,SEYAHAT İSTATİSTİKLERİ (ARŞİV),TRAVEL STATISTICS (ARCHIVE),3,99970,1
5003,ÜRETİME İLİŞKİN DİĞER VERİLER,OTHER  PRODUCTION-RELATED DATA,2,50,4
1006,"TÜKETİCİ EĞİLİM ANKETİ (TÜİK, TCMB)","CONSUMER TENDENCY SURVEY (TURKSTAT, CBRT)",2,10,1
2005,TÜKETİCİ FİYAT ENDEKSİ (TÜİK),CONSUMER PRICE INDEX (TURKSTAT),2,20,3
450101,PARA ARZI,MONETARY AGGREGATES,3,4501,2
1506,ÖZELLEŞTİRME GELİRLERİ (ÖİB),PRIVATIZATION REVENUES (Department of Privatization Administration),2,15,1
9997007,TÜRKİYE BRÜT DIŞ BORÇ STOKU (HMB) (ARŞİV),GROSS EXTERNAL DEBT STOCK OF TÜRKİE (MoFT) (ARCHIVE),3,99970,1
4502,PARA VE BANKA İSTATİSTİKLERİ (HAFTALIK) (TCMB),MONEY AND BANKING STATISTICS (WEEKLY) (CBRT),2,45,9
5007,VERİMLİLİK İSTATİSTİKLERİ (STB),PRODUCTIVITY STATISTICS (MIT),2,50,2
4003,ULUSLARARASI REZERVLER (TCMB),INTERNATIONAL RESERVES (CBRT),2,40,4
40,ÖDEMELER DENGESİ VE DIŞ İSTATİSTİKLER,BALANCE OF PAYMENTS AND EXTERNAL STATISTICS,1,-1,0
99970,ÖDEMELER DENGESİ VE DIŞ İSTATİSTİKLER (ARŞİV),BALANCE OF PAYMENTS AND EXTERNAL STATISTICS (ARCHIVE),2,0,0
9997008,ÖZEL SEKTÖRÜN YURT DIŞINDAN SAĞLADIĞI KREDİ BORCU İSTATİSTİKLERİ (TCMB) (ARŞİV),OUTSTANDING SHORT TERM LOANS RECEIVED FROM ABROAD BY PRIVATE SECTOR (CBRT) (ARCHIVE),3,99970,5
45,PARASAL VE FİNANSAL İSTATİSTİKLER,MONETARY AND FINANCIAL STATISTICS,1,-1,0
99980,PARASAL VE FİNANSAL İSTATİSTİKLER (ARŞİV),MONETARY AND FINANCIAL STATISTICS (ARCHIVE),2,0,0
2006,YURT İÇİ ÜRETİCİ FİYAT ENDEKSİ (TÜİK),DOMESTIC PRODUCER PRICE INDEX (TURKSTAT),2,20,1
4506,ZORUNLU KARŞILIKLARA TABİ MEVDUAT VE KATILIM FONLARI (TCMB),DEPOSITS AND PARTICIPATION FUNDS SUBJECT TO REQUIRED RESERVES (CBRT),2,45,3
450103,SEKTÖREL BİLANÇO,SECTORAL BALANCE SHEET,3,4501,5
99990,REEL SEKTÖR İSTATİSTİKLERİ (ARŞİV),REAL SECTOR STATISTICS (ARCHIVE),2,0,0
50,REEL SEKTÖR İSTATİSTİKLERİ,REAL SECTOR STATISTICS,1,-1,0
2001,YURT DIŞI ÜRETİCİ FİYAT ENDEKSİ (TÜİK),FOREIGN PRODUCER PRICE INDEX (TURKSTAT),2,20,1
55,ULUSLARARASI İSTATİSTİKLER,INTERNATIONAL STATISTICS,1,-1,0
