asset_id,dataset_id,source_system,source_organization,competition_scope,status,data_kind,native_frequency,temporal_semantics,geography_grain,institution_grain,coverage_start,coverage_end,row_count,column_count,metric_count,missing_value_count,progress_completed,progress_expected,file_path,file_format,validation_file,source_url,description,searchable_text
bddk.finturk_all_groups_all_cities.measurements_long,bddk.finturk_all_groups_all_cities,BDDK_FINTURK,BDDK,explicit_required_source,passed,observations_long,quarterly,metric_defined,province_and_abroad,bank_group,2021-03,2026-06,936512,31.0,76.0,30892.0,154,154,data_pipeline/bddk/processed/finturk_all_groups_all_cities/measurements_long.parquet,parquet,data_pipeline/bddk/processed/finturk_all_groups_all_cities/validation.json,https://www.bddk.org.tr/BultenFinturk/,"All FinTurk tables, bank groups, provinces and abroad in generic long form.",BDDK FinTurk province city bank group measurements
bddk.finturk_all_groups_all_cities.missingness_audit,bddk.finturk_all_groups_all_cities,BDDK_FINTURK,BDDK,derived_quality_evidence,passed,missingness_audit,quarterly,source_missingness_classification,province_and_abroad,bank_group,2021-03,2026-06,47,9.0,0.0,0.0,30892,30892,data_pipeline/bddk/processed/finturk_all_groups_all_cities/missingness_audit.parquet,parquet,data_pipeline/bddk/processed/finturk_all_groups_all_cities/validation.json,https://www.bddk.org.tr/BultenFinturk/,Explicit classification of every FinTurk source null.,BDDK FinTurk missingness structural undefined not applicable source not reported
bddk.finturk_all_groups_all_cities.table_01,bddk.finturk_all_groups_all_cities,BDDK_FINTURK,BDDK,explicit_required_source,passed,source_table,quarterly,metric_defined,province_and_abroad,bank_group,2021-03,2026-06,12628,22.0,4.0,0.0,22,22,data_pipeline/bddk/processed/finturk_all_groups_all_cities/table_01.parquet,parquet,data_pipeline/bddk/processed/finturk_all_groups_all_cities/validation.json,https://www.bddk.org.tr/BultenFinturk/,BDDK FinTurk table: Krediler.,BDDK FinTurk Krediler province bank group
bddk.finturk_all_groups_all_cities.table_02,bddk.finturk_all_groups_all_cities,BDDK_FINTURK,BDDK,explicit_required_source,passed,source_table,quarterly,metric_defined,province_and_abroad,bank_group,2021-03,2026-06,10824,25.0,7.0,0.0,22,22,data_pipeline/bddk/processed/finturk_all_groups_all_cities/table_02.parquet,parquet,data_pipeline/bddk/processed/finturk_all_groups_all_cities/validation.json,https://www.bddk.org.tr/BultenFinturk/,BDDK FinTurk table: Mevduat.,BDDK FinTurk Mevduat province bank group
bddk.finturk_all_groups_all_cities.table_03,bddk.finturk_all_groups_all_cities,BDDK_FINTURK,BDDK,explicit_required_source,passed,source_table,quarterly,metric_defined,province_and_abroad,bank_group,2021-03,2026-06,12628,26.0,8.0,0.0,22,22,data_pipeline/bddk/processed/finturk_all_groups_all_cities/table_03.parquet,parquet,data_pipeline/bddk/processed/finturk_all_groups_all_cities/validation.json,https://www.bddk.org.tr/BultenFinturk/,BDDK FinTurk table: Bireysel Bankacilik.,BDDK FinTurk Bireysel Bankacilik province bank group
bddk.finturk_all_groups_all_cities.table_04,bddk.finturk_all_groups_all_cities,BDDK_FINTURK,BDDK,explicit_required_source,passed,source_table,quarterly,metric_defined,province_and_abroad,bank_group,2021-03,2026-06,12628,49.0,31.0,0.0,22,22,data_pipeline/bddk/processed/finturk_all_groups_all_cities/table_04.parquet,parquet,data_pipeline/bddk/processed/finturk_all_groups_all_cities/validation.json,https://www.bddk.org.tr/BultenFinturk/,BDDK FinTurk table: Secilmis Sektorel Krediler.,BDDK FinTurk Secilmis Sektorel Krediler province bank group
bddk.finturk_all_groups_all_cities.table_05,bddk.finturk_all_groups_all_cities,BDDK_FINTURK,BDDK,explicit_required_source,passed,source_table,quarterly,metric_defined,province_and_abroad,bank_group,2021-03,2026-06,12474,34.0,16.0,24672.0,22,22,data_pipeline/bddk/processed/finturk_all_groups_all_cities/table_05.parquet,parquet,data_pipeline/bddk/processed/finturk_all_groups_all_cities/validation.json,https://www.bddk.org.tr/BultenFinturk/,BDDK FinTurk table: Oranlar.,BDDK FinTurk Oranlar province bank group
bddk.finturk_all_groups_all_cities.table_06,bddk.finturk_all_groups_all_cities,BDDK_FINTURK,BDDK,explicit_required_source,passed,source_table,quarterly,metric_defined,province_and_abroad,bank_group,2021-03,2026-06,12474,24.0,6.0,6220.0,22,22,data_pipeline/bddk/processed/finturk_all_groups_all_cities/table_06.parquet,parquet,data_pipeline/bddk/processed/finturk_all_groups_all_cities/validation.json,https://www.bddk.org.tr/BultenFinturk/,BDDK FinTurk table: Subeler ve Nufusa Gore Dagilim.,BDDK FinTurk Subeler ve Nufusa Gore Dagilim province bank group
bddk.finturk_all_groups_all_cities.table_07,bddk.finturk_all_groups_all_cities,BDDK_FINTURK,BDDK,explicit_required_source,passed,source_table,quarterly,metric_defined,province_and_abroad,bank_group,2021-03,2026-06,10828,22.0,4.0,0.0,22,22,data_pipeline/bddk/processed/finturk_all_groups_all_cities/table_07.parquet,parquet,data_pipeline/bddk/processed/finturk_all_groups_all_cities/validation.json,https://www.bddk.org.tr/BultenFinturk/,BDDK FinTurk table: Altin Kredileri ve Altin Mevduati.,BDDK FinTurk Altin Kredileri ve Altin Mevduati province bank group
bddk.monthly_all_sector.semantic_measurements_long,bddk.monthly_all_sector.semantic,BDDK_MONTHLY,BDDK,derived_from_explicit_source,passed,semantic_observations_long,monthly,stock_flow_ratio_count_separated,national,sector,2021-01,2026-06,133485,32.0,2108.0,0.0,17,17,data_pipeline/bddk/processed/monthly_semantic/measurements_long.parquet,parquet,data_pipeline/bddk/processed/monthly_semantic/validation.json,https://www.bddk.org.tr/BultenAylik/,All monthly BDDK metrics with explicit semantics and source-preserving transformations.,BDDK monthly semantic long stock flow cumulative ratio count
bddk.monthly_all_sector.table_01,bddk.monthly_all_sector.table_01,BDDK_MONTHLY,BDDK,explicit_required_source,passed,source_table,monthly,metric_defined,national,sector,2021-01,2026-06,4092,19.0,186.0,0.0,66,66,data_pipeline/bddk/processed/monthly_all_sector/table_01.parquet,parquet,data_pipeline/bddk/processed/monthly_all_sector/validation.json,https://www.bddk.org.tr/BultenAylik/,BDDK monthly sector table: Bilanco.,BDDK monthly sector Bilanco
bddk.monthly_all_sector.table_02,bddk.monthly_all_sector.table_02,BDDK_MONTHLY,BDDK,explicit_required_source,passed,source_table,monthly,metric_defined,national,sector,2021-01,2026-06,3498,19.0,159.0,0.0,66,66,data_pipeline/bddk/processed/monthly_all_sector/table_02.parquet,parquet,data_pipeline/bddk/processed/monthly_all_sector/validation.json,https://www.bddk.org.tr/BultenAylik/,BDDK monthly sector table: Kar Zarar.,BDDK monthly sector Kar Zarar
bddk.monthly_all_sector.table_03,bddk.monthly_all_sector.table_03,BDDK_MONTHLY,BDDK,explicit_required_source,passed,source_table,monthly,metric_defined,national,sector,2021-01,2026-06,1296,25.0,216.0,0.0,66,66,data_pipeline/bddk/processed/monthly_all_sector/table_03.parquet,parquet,data_pipeline/bddk/processed/monthly_all_sector/validation.json,https://www.bddk.org.tr/BultenAylik/,BDDK monthly sector table: Krediler.,BDDK monthly sector Krediler
bddk.monthly_all_sector.table_04,bddk.monthly_all_sector.table_04,BDDK_MONTHLY,BDDK,explicit_required_source,passed,source_table,monthly,metric_defined,national,sector,2021-01,2026-06,2706,19.0,123.0,0.0,66,66,data_pipeline/bddk/processed/monthly_all_sector/table_04.parquet,parquet,data_pipeline/bddk/processed/monthly_all_sector/validation.json,https://www.bddk.org.tr/BultenAylik/,BDDK monthly sector table: Tuketici Kredileri.,BDDK monthly sector Tuketici Kredileri
bddk.monthly_all_sector.table_05,bddk.monthly_all_sector.table_05,BDDK_MONTHLY,BDDK,explicit_required_source,passed,source_table,monthly,metric_defined,national,sector,2021-01,2026-06,4620,22.0,420.0,0.0,66,66,data_pipeline/bddk/processed/monthly_all_sector/table_05.parquet,parquet,data_pipeline/bddk/processed/monthly_all_sector/validation.json,https://www.bddk.org.tr/BultenAylik/,BDDK monthly sector table: Sektorel Kredi Dagilimi.,BDDK monthly sector Sektorel Kredi Dagilimi
bddk.monthly_all_sector.table_06,bddk.monthly_all_sector.table_06,BDDK_MONTHLY,BDDK,explicit_required_source,passed,source_table,monthly,metric_defined,national,sector,2021-01,2026-06,528,26.0,80.0,0.0,66,66,data_pipeline/bddk/processed/monthly_all_sector/table_06.parquet,parquet,data_pipeline/bddk/processed/monthly_all_sector/validation.json,https://www.bddk.org.tr/BultenAylik/,BDDK monthly sector table: KOBI Kredileri.,BDDK monthly sector KOBI Kredileri
bddk.monthly_all_sector.table_07,bddk.monthly_all_sector.table_07,BDDK_MONTHLY,BDDK,explicit_required_source,passed,source_table,monthly,metric_defined,national,sector,2021-01,2026-06,198,19.0,9.0,0.0,66,66,data_pipeline/bddk/processed/monthly_all_sector/table_07.parquet,parquet,data_pipeline/bddk/processed/monthly_all_sector/validation.json,https://www.bddk.org.tr/BultenAylik/,BDDK monthly sector table: Sendikasyon Sekuritizasyon Kredileri.,BDDK monthly sector Sendikasyon Sekuritizasyon Kredileri
bddk.monthly_all_sector.table_08,bddk.monthly_all_sector.table_08,BDDK_MONTHLY,BDDK,explicit_required_source,passed,source_table,monthly,metric_defined,national,sector,2021-01,2026-06,1874,19.0,111.0,0.0,66,66,data_pipeline/bddk/processed/monthly_all_sector/table_08.parquet,parquet,data_pipeline/bddk/processed/monthly_all_sector/validation.json,https://www.bddk.org.tr/BultenAylik/,BDDK monthly sector table: Menkul Kiymetler.,BDDK monthly sector Menkul Kiymetler
bddk.monthly_all_sector.table_09,bddk.monthly_all_sector.table_09,BDDK_MONTHLY,BDDK,explicit_required_source,passed,source_table,monthly,metric_defined,national,sector,2021-01,2026-06,1716,22.0,156.0,0.0,66,66,data_pipeline/bddk/processed/monthly_all_sector/table_09.parquet,parquet,data_pipeline/bddk/processed/monthly_all_sector/validation.json,https://www.bddk.org.tr/BultenAylik/,BDDK monthly sector table: Mevduat Turler Itibariyla.,BDDK monthly sector Mevduat Turler Itibariyla
bddk.monthly_all_sector.table_10,bddk.monthly_all_sector.table_10,BDDK_MONTHLY,BDDK,explicit_required_source,passed,source_table,monthly,metric_defined,national,sector,2021-01,2026-06,1584,23.0,168.0,0.0,66,66,data_pipeline/bddk/processed/monthly_all_sector/table_10.parquet,parquet,data_pipeline/bddk/processed/monthly_all_sector/validation.json,https://www.bddk.org.tr/BultenAylik/,BDDK monthly sector table: Mevduat Vade Itibariyla.,BDDK monthly sector Mevduat Vade Itibariyla
bddk.monthly_all_sector.table_11,bddk.monthly_all_sector.table_11,BDDK_MONTHLY,BDDK,explicit_required_source,passed,source_table,monthly,metric_defined,national,sector,2021-01,2026-06,2904,21.0,220.0,0.0,66,66,data_pipeline/bddk/processed/monthly_all_sector/table_11.parquet,parquet,data_pipeline/bddk/processed/monthly_all_sector/validation.json,https://www.bddk.org.tr/BultenAylik/,BDDK monthly sector table: Likidite Durumu.,BDDK monthly sector Likidite Durumu
bddk.monthly_all_sector.table_12,bddk.monthly_all_sector.table_12,BDDK_MONTHLY,BDDK,explicit_required_source,passed,source_table,monthly,metric_defined,national,sector,2021-01,2026-06,2019,17.0,51.0,0.0,66,66,data_pipeline/bddk/processed/monthly_all_sector/table_12.parquet,parquet,data_pipeline/bddk/processed/monthly_all_sector/validation.json,https://www.bddk.org.tr/BultenAylik/,BDDK monthly sector table: Sermaye Yeterliligi.,BDDK monthly sector Sermaye Yeterliligi
bddk.monthly_all_sector.table_13,bddk.monthly_all_sector.table_13,BDDK_MONTHLY,BDDK,explicit_required_source,passed,source_table,monthly,metric_defined,national,sector,2021-01,2026-06,726,17.0,11.0,0.0,66,66,data_pipeline/bddk/processed/monthly_all_sector/table_13.parquet,parquet,data_pipeline/bddk/processed/monthly_all_sector/validation.json,https://www.bddk.org.tr/BultenAylik/,BDDK monthly sector table: Yabanci Para Pozisyonu.,BDDK monthly sector Yabanci Para Pozisyonu
bddk.monthly_all_sector.table_14,bddk.monthly_all_sector.table_14,BDDK_MONTHLY,BDDK,explicit_required_source,passed,source_table,monthly,metric_defined,national,sector,2021-01,2026-06,3432,19.0,156.0,0.0,66,66,data_pipeline/bddk/processed/monthly_all_sector/table_14.parquet,parquet,data_pipeline/bddk/processed/monthly_all_sector/validation.json,https://www.bddk.org.tr/BultenAylik/,BDDK monthly sector table: Bilanco Disi Islemler.,BDDK monthly sector Bilanco Disi Islemler
bddk.monthly_all_sector.table_15,bddk.monthly_all_sector.table_15,BDDK_MONTHLY,BDDK,explicit_required_source,passed,source_table,monthly,metric_defined,national,sector,2021-01,2026-06,2112,17.0,32.0,0.0,66,66,data_pipeline/bddk/processed/monthly_all_sector/table_15.parquet,parquet,data_pipeline/bddk/processed/monthly_all_sector/validation.json,https://www.bddk.org.tr/BultenAylik/,BDDK monthly sector table: Rasyolar.,BDDK monthly sector Rasyolar
bddk.monthly_all_sector.table_16,bddk.monthly_all_sector.table_16,BDDK_MONTHLY,BDDK,explicit_required_source,passed,source_table,monthly,metric_defined,national,sector,2021-01,2026-06,462,17.0,7.0,0.0,66,66,data_pipeline/bddk/processed/monthly_all_sector/table_16.parquet,parquet,data_pipeline/bddk/processed/monthly_all_sector/validation.json,https://www.bddk.org.tr/BultenAylik/,BDDK monthly sector table: Diger Bilgiler.,BDDK monthly sector Diger Bilgiler
bddk.monthly_all_sector.table_17,bddk.monthly_all_sector.table_17,BDDK_MONTHLY,BDDK,explicit_required_source,passed,source_table,monthly,metric_defined,national,sector,2021-01,2026-06,198,17.0,3.0,0.0,66,66,data_pipeline/bddk/processed/monthly_all_sector/table_17.parquet,parquet,data_pipeline/bddk/processed/monthly_all_sector/validation.json,https://www.bddk.org.tr/BultenAylik/,BDDK monthly sector table: Yurt Disi Sube Rasyolari.,BDDK monthly sector Yurt Disi Sube Rasyolari
bddk.weekly_all_sector.measurements_long,bddk.weekly_all_sector,BDDK_WEEKLY,BDDK,explicit_required_source,passed,observations_long,weekly,metric_defined_or_review_required,national,sector,2021-01-08,2026-06-26,147154,24.0,517.0,514.0,2574,2574,data_pipeline/bddk/processed/weekly_all_sector/measurements_long.parquet,parquet,data_pipeline/bddk/processed/weekly_all_sector/validation.json,https://www.bddk.org.tr/BultenHaftalik/,Validated BDDK weekly measures with source-page lineage.,BDDK weekly sector measurements long
bddk.weekly_all_sector.missingness_audit,bddk.weekly_all_sector,BDDK_WEEKLY,BDDK,derived_quality_evidence,passed,missingness_audit,weekly,source_missingness_classification,national,sector,2021-01-08,2026-06-26,2,8.0,0.0,0.0,514,514,data_pipeline/bddk/processed/weekly_all_sector/missingness_audit.parquet,parquet,data_pipeline/bddk/processed/weekly_all_sector/validation.json,https://www.bddk.org.tr/BultenHaftalik/,Explicit classification of every BDDK weekly source null.,BDDK weekly missingness source not applicable unresolved
bddk.weekly_all_sector.raw_snapshot,bddk.weekly_all_sector,BDDK_WEEKLY,BDDK,explicit_required_source,complete,raw_source_collection,weekly,source_reported,national,sector,2021-01-01,2026-06-30,2574,,,,2574,2574,data_pipeline/bddk/weekly_all_sector,gzip_html_and_json,data_pipeline/bddk/weekly_all_sector/summary.json,https://www.bddk.org.tr/BultenHaftalik/,BDDK weekly bulletin source pages. Processing starts only after a complete download.,BDDK weekly sector bulletin raw snapshot
quality.housing_credit_stock_reconciliation,quality.housing_credit_stock_reconciliation,CROSS_SOURCE_QUALITY,"BDDK, TCMB EVDS and TBB",derived_quality_evidence,passed_with_expected_scope_differences,cross_source_reconciliation,quarterly,period_end_stock_comparison,national_and_domestic_province_sum,sector_and_reporting_banks,2021-03,2026-06,22,15.0,4.0,4.0,22,22,data_pipeline/quality/processed/housing_credit_stock_reconciliation.parquet,parquet,data_pipeline/quality/processed/validation.json,multiple_official_sources,"Quarter-end housing-credit stock scope reconciliation across BDDK, FinTurk, EVDS and TBB.",housing credit stock cross source reconciliation quality BDDK FinTurk EVDS TBB
official_context.housing_credit_events,official_context.housing_credit_events,OFFICIAL_DOCUMENTS,BDDK and TCMB,supporting_source_not_explicitly_required,passed,event_annotations,event,descriptive_annotation_only,national,policy_system,2022-06-23,2026-01-29,5,18.0,0.0,,5,5,data_pipeline/evidence/events/events.json,json,data_pipeline/evidence/events/events_notes.md,multiple_official_documents,Regulatory and methodology events for cautious contextual interpretation.,BDDK TCMB housing credit regulation methodology events
tbb.consumer_credit_reports.housing_credit_quarterly,tbb.consumer_credit_reports,TBB_REPORTS,Türkiye Bankalar Birliği,supporting_source_not_explicitly_required,passed_with_source_gaps,analysis_table,quarterly,flow_and_stock_separated,national,reporting_banks_variable_by_period,2021-03,2026-03,21,12.0,4.0,0.0,21,22,data_pipeline/tbb/processed/housing_credit_quarterly.parquet,parquet,data_pipeline/tbb/processed/validation.json,https://www.tbb.org.tr/istatistiki-raporlar/11237,Quarterly housing credit disbursement and balance summary.,TBB consumer credit housing_credit_quarterly
tbb.consumer_credit_reports.product_metrics,tbb.consumer_credit_reports,TBB_REPORTS,Türkiye Bankalar Birliği,supporting_source_not_explicitly_required,passed_with_source_gaps,observations_wide,quarterly,flow_and_stock_separated,national,reporting_banks_variable_by_period,2021-03,2026-03,252,16.0,60.0,0.0,21,22,data_pipeline/tbb/processed/consumer_credit_product_metrics.parquet,parquet,data_pipeline/tbb/processed/validation.json,https://www.tbb.org.tr/istatistiki-raporlar/11237,"Quarterly product, currency, disbursement and balance measures.",TBB consumer credit product_metrics
tbb.consumer_credit_reports.reporting_banks,tbb.consumer_credit_reports,TBB_REPORTS,Türkiye Bankalar Birliği,supporting_source_not_explicitly_required,passed_with_source_gaps,scope_metadata,quarterly,flow_and_stock_separated,national,reporting_banks_variable_by_period,2021-03,2026-03,679,7.0,1.0,0.0,21,22,data_pipeline/tbb/processed/reporting_banks.parquet,parquet,data_pipeline/tbb/processed/validation.json,https://www.tbb.org.tr/istatistiki-raporlar/11237,Reporting-bank scope by report period.,TBB consumer credit reporting_banks
tbb.consumer_credit_reports.source_gaps,tbb.consumer_credit_reports,TBB_REPORTS,Türkiye Bankalar Birliği,supporting_source_not_explicitly_required,passed_with_source_gaps,source_availability,quarterly,flow_and_stock_separated,national,reporting_banks_variable_by_period,2026-06,2026-06,1,7.0,0.0,0.0,21,22,data_pipeline/tbb/processed/source_gaps.parquet,parquet,data_pipeline/tbb/processed/validation.json,https://www.tbb.org.tr/istatistiki-raporlar/11237,Officially checked but not yet published report periods.,TBB consumer credit source_gaps
tbb.consumer_credit_reports.workbook_cells_long,tbb.consumer_credit_reports,TBB_REPORTS,Türkiye Bankalar Birliği,supporting_source_not_explicitly_required,passed_with_source_gaps,lossless_source_cells,quarterly,flow_and_stock_separated,national,reporting_banks_variable_by_period,2021-03,2026-03,43373,8.0,0.0,10039.0,21,22,data_pipeline/tbb/processed/workbook_cells_long.parquet,parquet,data_pipeline/tbb/processed/validation.json,https://www.tbb.org.tr/istatistiki-raporlar/11237,All non-empty workbook cells retained for audit and re-parsing.,TBB consumer credit workbook_cells_long
evds.housing_causality_controls_v1.coverage_gaps,evds.housing_causality_controls_v1,TCMB_EVDS,TCMB and upstream official producers,derived_quality_evidence,passed,source_availability,mixed,source_missingness_classification,series_defined,series_defined,2020-01-01,2026-06-30,1,13.0,0.0,0.0,1,1,data_pipeline/evds/housing_causality_controls_v1/coverage_gaps.parquet,parquet,data_pipeline/evds/housing_causality_controls_v1/validation.json,https://evds3.tcmb.gov.tr/,"Expected periods absent from EVDS source rows, classified without creating observations.",EVDS housing credit additional causal controls coverage gaps source not published
evds.housing_causality_controls_v1.monthly_panel,evds.housing_causality_controls_v1,TCMB_EVDS,TCMB and upstream official producers,derived_from_explicit_source,passed,aligned_panel,monthly,metric_defined,series_defined,series_defined,2020-01,2026-06,78,12.0,11.0,313.0,545,545,data_pipeline/evds/housing_causality_controls_v1/monthly_panel.parquet,parquet,data_pipeline/evds/housing_causality_controls_v1/alignment_validation.json,https://evds3.tcmb.gov.tr/,"Additional policy, activity, supply and rent controls for housing-credit analysis. Monthly aligned panel with a separate alignment audit.",EVDS housing credit additional causal controls monthly aligned panel
evds.housing_causality_controls_v1.observations_long,evds.housing_causality_controls_v1,TCMB_EVDS,TCMB and upstream official producers,explicit_source_selected_observation,passed,observations_long,mixed,metric_defined,series_defined,series_defined,2020-01-01,2026-06-30,545,27.0,11.0,0.0,11,11,data_pipeline/evds/housing_causality_controls_v1/observations_long.parquet,parquet,data_pipeline/evds/housing_causality_controls_v1/validation.json,https://evds3.tcmb.gov.tr/,"Additional policy, activity, supply and rent controls for housing-credit analysis.",EVDS housing credit additional causal controls observations long
evds.housing_causality_controls_v1.quarterly_panel,evds.housing_causality_controls_v1,TCMB_EVDS,TCMB and upstream official producers,derived_from_explicit_source,passed,aligned_panel,quarterly,metric_defined,series_defined,series_defined,2020Q1,2026Q2,26,12.0,11.0,0.0,286,286,data_pipeline/evds/housing_causality_controls_v1/quarterly_panel.parquet,parquet,data_pipeline/evds/housing_causality_controls_v1/alignment_validation.json,https://evds3.tcmb.gov.tr/,"Additional policy, activity, supply and rent controls for housing-credit analysis. Quarterly aligned panel with a separate alignment audit.",EVDS housing credit additional causal controls quarterly aligned panel
evds.housing_causality_v1.coverage_gaps,evds.housing_causality_v1,TCMB_EVDS,TCMB and upstream official producers,derived_quality_evidence,passed,source_availability,mixed,source_missingness_classification,series_defined,series_defined,2020-01-01,2026-06-30,0,13.0,0.0,0.0,0,0,data_pipeline/evds/housing_causality_v1/coverage_gaps.parquet,parquet,data_pipeline/evds/housing_causality_v1/validation.json,https://evds3.tcmb.gov.tr/,"Expected periods absent from EVDS source rows, classified without creating observations.",EVDS housing credit causality observations coverage gaps source not published
evds.housing_causality_v1.monthly_panel,evds.housing_causality_v1,TCMB_EVDS,TCMB and upstream official producers,derived_from_explicit_source,passed,aligned_panel,monthly,metric_defined,series_defined,series_defined,2020-01,2026-06,78,48.0,47.0,1385.0,2418,2418,data_pipeline/evds/housing_causality_v1/monthly_panel.parquet,parquet,data_pipeline/evds/housing_causality_v1/alignment_validation.json,https://evds3.tcmb.gov.tr/,Selected housing-credit causal analysis observations with raw request lineage. Monthly aligned panel with a separate alignment audit.,EVDS housing credit causality observations monthly aligned panel
evds.housing_causality_v1.observations_long,evds.housing_causality_v1,TCMB_EVDS,TCMB and upstream official producers,explicit_source_selected_observation,passed,observations_long,mixed,metric_defined,series_defined,series_defined,2020-01-01,2026-06-30,6852,27.0,47.0,949.0,71,71,data_pipeline/evds/housing_causality_v1/observations_long.parquet,parquet,data_pipeline/evds/housing_causality_v1/validation.json,https://evds3.tcmb.gov.tr/,Selected housing-credit causal analysis observations with raw request lineage.,EVDS housing credit causality observations observations long
evds.housing_causality_v1.quarterly_panel,evds.housing_causality_v1,TCMB_EVDS,TCMB and upstream official producers,derived_from_explicit_source,passed,aligned_panel,quarterly,metric_defined,series_defined,series_defined,2020Q1,2026Q2,26,48.0,47.0,45.0,1222,1222,data_pipeline/evds/housing_causality_v1/quarterly_panel.parquet,parquet,data_pipeline/evds/housing_causality_v1/alignment_validation.json,https://evds3.tcmb.gov.tr/,Selected housing-credit causal analysis observations with raw request lineage. Quarterly aligned panel with a separate alignment audit.,EVDS housing credit causality observations quarterly aligned panel
evds.market_controls_v2.coverage_gaps,evds.market_controls_v2,TCMB_EVDS,TCMB and upstream official producers,derived_quality_evidence,passed,source_availability,mixed,source_missingness_classification,series_defined,series_defined,2020-01-01,2026-06-30,0,13.0,0.0,0.0,0,0,data_pipeline/evds/market_controls_v2/coverage_gaps.parquet,parquet,data_pipeline/evds/market_controls_v2/validation.json,https://evds3.tcmb.gov.tr/,"Expected periods absent from EVDS source rows, classified without creating observations.",EVDS BIST 100 active gold legacy gold market controls coverage gaps source not published
evds.market_controls_v2.monthly_panel,evds.market_controls_v2,TCMB_EVDS,TCMB and upstream official producers,derived_from_explicit_source,passed,aligned_panel,monthly,metric_defined,series_defined,series_defined,2020-01,2026-06,78,5.0,4.0,22.0,312,312,data_pipeline/evds/market_controls_v2/monthly_panel.parquet,parquet,data_pipeline/evds/market_controls_v2/alignment_validation.json,https://evds3.tcmb.gov.tr/,"Selected BIST 100, active BIST TL/kg gold and legacy sparse TL/gram gold controls with source missingness preserved. Monthly aligned panel with a separate alignment audit.",EVDS BIST 100 active gold legacy gold market controls monthly aligned panel
evds.market_controls_v2.observations_long,evds.market_controls_v2,TCMB_EVDS,TCMB and upstream official producers,explicit_source_selected_observation,passed,observations_long,mixed,metric_defined,series_defined,series_defined,2020-01-01,2026-06-30,5085,27.0,3.0,1632.0,21,21,data_pipeline/evds/market_controls_v2/observations_long.parquet,parquet,data_pipeline/evds/market_controls_v2/validation.json,https://evds3.tcmb.gov.tr/,"Selected BIST 100, active BIST TL/kg gold and legacy sparse TL/gram gold controls with source missingness preserved.",EVDS BIST 100 active gold legacy gold market controls observations long
evds.market_controls_v2.quarterly_panel,evds.market_controls_v2,TCMB_EVDS,TCMB and upstream official producers,derived_from_explicit_source,passed,aligned_panel,quarterly,metric_defined,series_defined,series_defined,2020Q1,2026Q2,26,5.0,4.0,2.0,104,104,data_pipeline/evds/market_controls_v2/quarterly_panel.parquet,parquet,data_pipeline/evds/market_controls_v2/alignment_validation.json,https://evds3.tcmb.gov.tr/,"Selected BIST 100, active BIST TL/kg gold and legacy sparse TL/gram gold controls with source missingness preserved. Quarterly aligned panel with a separate alignment audit.",EVDS BIST 100 active gold legacy gold market controls quarterly aligned panel
evds.public_series_catalog,evds.public_series_catalog,TCMB_EVDS,TCMB and upstream official producers,explicit_source_metadata,complete,metadata_catalog,mixed,metadata_only,series_defined,series_defined,,,52696,30.0,52696.0,,676,676,data_pipeline/catalog/evds_series_catalog.parquet,parquet,data_pipeline/catalog/evds_series_catalog_summary.json,https://evds3.tcmb.gov.tr/,Complete public EVDS series metadata catalog. It does not contain observations.,EVDS TCMB complete series metadata catalog
