target_period,series_code,analysis_column,series_name_tr,role,native_frequency,target_frequency,aggregation,value,source_observation_count,non_null_observation_count,missing_observation_count,first_source_period,last_source_period,source_period_end_max,is_derived,source_series_code,derivation_operation,derivation_factor
2020Q1,DERIVED.BIST.GOLD.TL.GR,DERIVED_BIST_GOLD_TL_GR,"BIST Altın Kapanış Fiyatı (TL/gram, TP.ALTINPIYASA.KAP02 / 1000)",alternative_asset_primary_tl_per_gram,DERIVED,quarterly,scale_after_last,343.0,65,64,1,2020-01-01,2020-03-31,2020-03-31,True,TP.ALTINPIYASA.KAP02,scale,0.001
2020Q1,TP.ALTINPIYASA.KAP02,TP_ALTINPIYASA_KAP02,Altın - Kapanış Fiyatı  - TL/kg,alternative_asset_primary,İŞ GÜNÜ,quarterly,last,343000.0,65,64,1,2020-01-01,2020-03-31,2020-03-31,False,,,
2020Q1,TP.ALTINPIYASA.KAP05,TP_ALTINPIYASA_KAP05,Altın - Kapanış Fiyatı  - TL/gr,alternative_asset_legacy_crosscheck,İŞ GÜNÜ,quarterly,last,297.5,65,1,64,2020-01-01,2020-03-31,2020-03-31,False,,,
2020Q1,TP.MK.F.BILESIK,TP_MK_F_BILESIK,"(FİYAT) BİST 100 Endeks (XU100), Kapanış Fiyatlarına Göre (Ocak 1986=0,01)",equity_market,İŞ GÜNÜ,quarterly,last,896.44,65,64,1,2020-01-01,2020-03-31,2020-03-31,False,,,
2020Q2,DERIVED.BIST.GOLD.TL.GR,DERIVED_BIST_GOLD_TL_GR,"BIST Altın Kapanış Fiyatı (TL/gram, TP.ALTINPIYASA.KAP02 / 1000)",alternative_asset_primary_tl_per_gram,DERIVED,quarterly,scale_after_last,390.0,65,60,5,2020-04-01,2020-06-30,2020-06-30,True,TP.ALTINPIYASA.KAP02,scale,0.001
2020Q2,TP.ALTINPIYASA.KAP02,TP_ALTINPIYASA_KAP02,Altın - Kapanış Fiyatı  - TL/kg,alternative_asset_primary,İŞ GÜNÜ,quarterly,last,390000.0,65,60,5,2020-04-01,2020-06-30,2020-06-30,False,,,
2020Q2,TP.ALTINPIYASA.KAP05,TP_ALTINPIYASA_KAP05,Altın - Kapanış Fiyatı  - TL/gr,alternative_asset_legacy_crosscheck,İŞ GÜNÜ,quarterly,last,381.0,65,4,61,2020-04-01,2020-06-30,2020-06-30,False,,,
2020Q2,TP.MK.F.BILESIK,TP_MK_F_BILESIK,"(FİYAT) BİST 100 Endeks (XU100), Kapanış Fiyatlarına Göre (Ocak 1986=0,01)",equity_market,İŞ GÜNÜ,quarterly,last,1165.25,65,60,5,2020-04-01,2020-06-30,2020-06-30,False,,,
2020Q3,DERIVED.BIST.GOLD.TL.GR,DERIVED_BIST_GOLD_TL_GR,"BIST Altın Kapanış Fiyatı (TL/gram, TP.ALTINPIYASA.KAP02 / 1000)",alternative_asset_primary_tl_per_gram,DERIVED,quarterly,scale_after_last,472.0,66,62,4,2020-07-01,2020-09-30,2020-09-30,True,TP.ALTINPIYASA.KAP02,scale,0.001
2020Q3,TP.ALTINPIYASA.KAP02,TP_ALTINPIYASA_KAP02,Altın - Kapanış Fiyatı  - TL/kg,alternative_asset_primary,İŞ GÜNÜ,quarterly,last,472000.0,66,62,4,2020-07-01,2020-09-30,2020-09-30,False,,,
2020Q3,TP.ALTINPIYASA.KAP05,TP_ALTINPIYASA_KAP05,Altın - Kapanış Fiyatı  - TL/gr,alternative_asset_legacy_crosscheck,İŞ GÜNÜ,quarterly,last,390.0,66,1,65,2020-07-01,2020-09-30,2020-09-30,False,,,
2020Q3,TP.MK.F.BILESIK,TP_MK_F_BILESIK,"(FİYAT) BİST 100 Endeks (XU100), Kapanış Fiyatlarına Göre (Ocak 1986=0,01)",equity_market,İŞ GÜNÜ,quarterly,last,1145.24,66,63,3,2020-07-01,2020-09-30,2020-09-30,False,,,
2020Q4,DERIVED.BIST.GOLD.TL.GR,DERIVED_BIST_GOLD_TL_GR,"BIST Altın Kapanış Fiyatı (TL/gram, TP.ALTINPIYASA.KAP02 / 1000)",alternative_asset_primary_tl_per_gram,DERIVED,quarterly,scale_after_last,452.3,66,64,2,2020-10-01,2020-12-31,2020-12-31,True,TP.ALTINPIYASA.KAP02,scale,0.001
2020Q4,TP.ALTINPIYASA.KAP02,TP_ALTINPIYASA_KAP02,Altın - Kapanış Fiyatı  - TL/kg,alternative_asset_primary,İŞ GÜNÜ,quarterly,last,452300.0,66,64,2,2020-10-01,2020-12-31,2020-12-31,False,,,
2020Q4,TP.ALTINPIYASA.KAP05,TP_ALTINPIYASA_KAP05,Altın - Kapanış Fiyatı  - TL/gr,alternative_asset_legacy_crosscheck,İŞ GÜNÜ,quarterly,last,456.0,66,5,61,2020-10-01,2020-12-31,2020-12-31,False,,,
2020Q4,TP.MK.F.BILESIK,TP_MK_F_BILESIK,"(FİYAT) BİST 100 Endeks (XU100), Kapanış Fiyatlarına Göre (Ocak 1986=0,01)",equity_market,İŞ GÜNÜ,quarterly,last,1476.72,66,65,1,2020-10-01,2020-12-31,2020-12-31,False,,,
2021Q1,DERIVED.BIST.GOLD.TL.GR,DERIVED_BIST_GOLD_TL_GR,"BIST Altın Kapanış Fiyatı (TL/gram, TP.ALTINPIYASA.KAP02 / 1000)",alternative_asset_primary_tl_per_gram,DERIVED,quarterly,scale_after_last,446.0,64,63,1,2021-01-01,2021-03-31,2021-03-31,True,TP.ALTINPIYASA.KAP02,scale,0.001
2021Q1,TP.ALTINPIYASA.KAP02,TP_ALTINPIYASA_KAP02,Altın - Kapanış Fiyatı  - TL/kg,alternative_asset_primary,İŞ GÜNÜ,quarterly,last,446000.0,64,63,1,2021-01-01,2021-03-31,2021-03-31,False,,,
2021Q1,TP.ALTINPIYASA.KAP05,TP_ALTINPIYASA_KAP05,Altın - Kapanış Fiyatı  - TL/gr,alternative_asset_legacy_crosscheck,İŞ GÜNÜ,quarterly,last,452.3,64,5,59,2021-01-01,2021-03-31,2021-03-31,False,,,
2021Q1,TP.MK.F.BILESIK,TP_MK_F_BILESIK,"(FİYAT) BİST 100 Endeks (XU100), Kapanış Fiyatlarına Göre (Ocak 1986=0,01)",equity_market,İŞ GÜNÜ,quarterly,last,1391.73,64,63,1,2021-01-01,2021-03-31,2021-03-31,False,,,
2021Q2,DERIVED.BIST.GOLD.TL.GR,DERIVED_BIST_GOLD_TL_GR,"BIST Altın Kapanış Fiyatı (TL/gram, TP.ALTINPIYASA.KAP02 / 1000)",alternative_asset_primary_tl_per_gram,DERIVED,quarterly,scale_after_last,492.0,65,60,5,2021-04-01,2021-06-30,2021-06-30,True,TP.ALTINPIYASA.KAP02,scale,0.001
2021Q2,TP.ALTINPIYASA.KAP02,TP_ALTINPIYASA_KAP02,Altın - Kapanış Fiyatı  - TL/kg,alternative_asset_primary,İŞ GÜNÜ,quarterly,last,492000.0,65,60,5,2021-04-01,2021-06-30,2021-06-30,False,,,
2021Q2,TP.ALTINPIYASA.KAP05,TP_ALTINPIYASA_KAP05,Altın - Kapanış Fiyatı  - TL/gr,alternative_asset_legacy_crosscheck,İŞ GÜNÜ,quarterly,last,505.0,65,4,61,2021-04-01,2021-06-30,2021-06-30,False,,,
2021Q2,TP.MK.F.BILESIK,TP_MK_F_BILESIK,"(FİYAT) BİST 100 Endeks (XU100), Kapanış Fiyatlarına Göre (Ocak 1986=0,01)",equity_market,İŞ GÜNÜ,quarterly,last,1356.34,65,61,4,2021-04-01,2021-06-30,2021-06-30,False,,,
2021Q3,DERIVED.BIST.GOLD.TL.GR,DERIVED_BIST_GOLD_TL_GR,"BIST Altın Kapanış Fiyatı (TL/gram, TP.ALTINPIYASA.KAP02 / 1000)",alternative_asset_primary_tl_per_gram,DERIVED,quarterly,scale_after_last,494.5,66,59,7,2021-07-01,2021-09-30,2021-09-30,True,TP.ALTINPIYASA.KAP02,scale,0.001
2021Q3,TP.ALTINPIYASA.KAP02,TP_ALTINPIYASA_KAP02,Altın - Kapanış Fiyatı  - TL/kg,alternative_asset_primary,İŞ GÜNÜ,quarterly,last,494500.0,66,59,7,2021-07-01,2021-09-30,2021-09-30,False,,,
2021Q3,TP.ALTINPIYASA.KAP05,TP_ALTINPIYASA_KAP05,Altın - Kapanış Fiyatı  - TL/gr,alternative_asset_legacy_crosscheck,İŞ GÜNÜ,quarterly,last,495.0,66,3,63,2021-07-01,2021-09-30,2021-09-30,False,,,
2021Q3,TP.MK.F.BILESIK,TP_MK_F_BILESIK,"(FİYAT) BİST 100 Endeks (XU100), Kapanış Fiyatlarına Göre (Ocak 1986=0,01)",equity_market,İŞ GÜNÜ,quarterly,last,1406.39,66,60,6,2021-07-01,2021-09-30,2021-09-30,False,,,
2021Q4,DERIVED.BIST.GOLD.TL.GR,DERIVED_BIST_GOLD_TL_GR,"BIST Altın Kapanış Fiyatı (TL/gram, TP.ALTINPIYASA.KAP02 / 1000)",alternative_asset_primary_tl_per_gram,DERIVED,quarterly,scale_after_last,776.0,66,64,2,2021-10-01,2021-12-31,2021-12-31,True,TP.ALTINPIYASA.KAP02,scale,0.001
2021Q4,TP.ALTINPIYASA.KAP02,TP_ALTINPIYASA_KAP02,Altın - Kapanış Fiyatı  - TL/kg,alternative_asset_primary,İŞ GÜNÜ,quarterly,last,776000.0,66,64,2,2021-10-01,2021-12-31,2021-12-31,False,,,
2021Q4,TP.ALTINPIYASA.KAP05,TP_ALTINPIYASA_KAP05,Altın - Kapanış Fiyatı  - TL/gr,alternative_asset_legacy_crosscheck,İŞ GÜNÜ,quarterly,last,776.0,66,9,57,2021-10-01,2021-12-31,2021-12-31,False,,,
2021Q4,TP.MK.F.BILESIK,TP_MK_F_BILESIK,"(FİYAT) BİST 100 Endeks (XU100), Kapanış Fiyatlarına Göre (Ocak 1986=0,01)",equity_market,İŞ GÜNÜ,quarterly,last,1857.65,66,65,1,2021-10-01,2021-12-31,2021-12-31,False,,,
2022Q1,DERIVED.BIST.GOLD.TL.GR,DERIVED_BIST_GOLD_TL_GR,"BIST Altın Kapanış Fiyatı (TL/gram, TP.ALTINPIYASA.KAP02 / 1000)",alternative_asset_primary_tl_per_gram,DERIVED,quarterly,scale_after_last,911.5,64,64,0,2022-01-03,2022-03-31,2022-03-31,True,TP.ALTINPIYASA.KAP02,scale,0.001
2022Q1,TP.ALTINPIYASA.KAP02,TP_ALTINPIYASA_KAP02,Altın - Kapanış Fiyatı  - TL/kg,alternative_asset_primary,İŞ GÜNÜ,quarterly,last,911500.0,64,64,0,2022-01-03,2022-03-31,2022-03-31,False,,,
2022Q1,TP.ALTINPIYASA.KAP05,TP_ALTINPIYASA_KAP05,Altın - Kapanış Fiyatı  - TL/gr,alternative_asset_legacy_crosscheck,İŞ GÜNÜ,quarterly,last,886.0,64,32,32,2022-01-03,2022-03-31,2022-03-31,False,,,
2022Q1,TP.MK.F.BILESIK,TP_MK_F_BILESIK,"(FİYAT) BİST 100 Endeks (XU100), Kapanış Fiyatlarına Göre (Ocak 1986=0,01)",equity_market,İŞ GÜNÜ,quarterly,last,2233.3,64,64,0,2022-01-03,2022-03-31,2022-03-31,False,,,
2022Q2,DERIVED.BIST.GOLD.TL.GR,DERIVED_BIST_GOLD_TL_GR,"BIST Altın Kapanış Fiyatı (TL/gram, TP.ALTINPIYASA.KAP02 / 1000)",alternative_asset_primary_tl_per_gram,DERIVED,quarterly,scale_after_last,971.0,65,61,4,2022-04-01,2022-06-30,2022-06-30,True,TP.ALTINPIYASA.KAP02,scale,0.001
2022Q2,TP.ALTINPIYASA.KAP02,TP_ALTINPIYASA_KAP02,Altın - Kapanış Fiyatı  - TL/kg,alternative_asset_primary,İŞ GÜNÜ,quarterly,last,971000.0,65,61,4,2022-04-01,2022-06-30,2022-06-30,False,,,
2022Q2,TP.ALTINPIYASA.KAP05,TP_ALTINPIYASA_KAP05,Altın - Kapanış Fiyatı  - TL/gr,alternative_asset_legacy_crosscheck,İŞ GÜNÜ,quarterly,last,966.0,65,31,34,2022-04-01,2022-06-30,2022-06-30,False,,,
2022Q2,TP.MK.F.BILESIK,TP_MK_F_BILESIK,"(FİYAT) BİST 100 Endeks (XU100), Kapanış Fiyatlarına Göre (Ocak 1986=0,01)",equity_market,İŞ GÜNÜ,quarterly,last,2405.36,65,61,4,2022-04-01,2022-06-30,2022-06-30,False,,,
2022Q3,DERIVED.BIST.GOLD.TL.GR,DERIVED_BIST_GOLD_TL_GR,"BIST Altın Kapanış Fiyatı (TL/gram, TP.ALTINPIYASA.KAP02 / 1000)",alternative_asset_primary_tl_per_gram,DERIVED,quarterly,scale_after_last,1002.0,66,61,5,2022-07-01,2022-09-30,2022-09-30,True,TP.ALTINPIYASA.KAP02,scale,0.001
2022Q3,TP.ALTINPIYASA.KAP02,TP_ALTINPIYASA_KAP02,Altın - Kapanış Fiyatı  - TL/kg,alternative_asset_primary,İŞ GÜNÜ,quarterly,last,1002000.0,66,61,5,2022-07-01,2022-09-30,2022-09-30,False,,,
2022Q3,TP.ALTINPIYASA.KAP05,TP_ALTINPIYASA_KAP05,Altın - Kapanış Fiyatı  - TL/gr,alternative_asset_legacy_crosscheck,İŞ GÜNÜ,quarterly,last,973.0,66,21,45,2022-07-01,2022-09-30,2022-09-30,False,,,
2022Q3,TP.MK.F.BILESIK,TP_MK_F_BILESIK,"(FİYAT) BİST 100 Endeks (XU100), Kapanış Fiyatlarına Göre (Ocak 1986=0,01)",equity_market,İŞ GÜNÜ,quarterly,last,3179.99,66,62,4,2022-07-01,2022-09-30,2022-09-30,False,,,
2022Q4,DERIVED.BIST.GOLD.TL.GR,DERIVED_BIST_GOLD_TL_GR,"BIST Altın Kapanış Fiyatı (TL/gram, TP.ALTINPIYASA.KAP02 / 1000)",alternative_asset_primary_tl_per_gram,DERIVED,quarterly,scale_after_last,1107.0,65,64,1,2022-10-03,2022-12-30,2022-12-30,True,TP.ALTINPIYASA.KAP02,scale,0.001
2022Q4,TP.ALTINPIYASA.KAP02,TP_ALTINPIYASA_KAP02,Altın - Kapanış Fiyatı  - TL/kg,alternative_asset_primary,İŞ GÜNÜ,quarterly,last,1107000.0,65,64,1,2022-10-03,2022-12-30,2022-12-30,False,,,
2022Q4,TP.ALTINPIYASA.KAP05,TP_ALTINPIYASA_KAP05,Altın - Kapanış Fiyatı  - TL/gr,alternative_asset_legacy_crosscheck,İŞ GÜNÜ,quarterly,last,1086.0,65,16,49,2022-10-03,2022-12-30,2022-12-30,False,,,
2022Q4,TP.MK.F.BILESIK,TP_MK_F_BILESIK,"(FİYAT) BİST 100 Endeks (XU100), Kapanış Fiyatlarına Göre (Ocak 1986=0,01)",equity_market,İŞ GÜNÜ,quarterly,last,5509.16,65,65,0,2022-10-03,2022-12-30,2022-12-30,False,,,
2023Q1,DERIVED.BIST.GOLD.TL.GR,DERIVED_BIST_GOLD_TL_GR,"BIST Altın Kapanış Fiyatı (TL/gram, TP.ALTINPIYASA.KAP02 / 1000)",alternative_asset_primary_tl_per_gram,DERIVED,quarterly,scale_after_last,1238.8,65,65,0,2023-01-02,2023-03-31,2023-03-31,True,TP.ALTINPIYASA.KAP02,scale,0.001
2023Q1,TP.ALTINPIYASA.KAP02,TP_ALTINPIYASA_KAP02,Altın - Kapanış Fiyatı  - TL/kg,alternative_asset_primary,İŞ GÜNÜ,quarterly,last,1238800.0,65,65,0,2023-01-02,2023-03-31,2023-03-31,False,,,
2023Q1,TP.ALTINPIYASA.KAP05,TP_ALTINPIYASA_KAP05,Altın - Kapanış Fiyatı  - TL/gr,alternative_asset_legacy_crosscheck,İŞ GÜNÜ,quarterly,last,1198.0,65,11,54,2023-01-02,2023-03-31,2023-03-31,False,,,
2023Q1,TP.MK.F.BILESIK,TP_MK_F_BILESIK,"(FİYAT) BİST 100 Endeks (XU100), Kapanış Fiyatlarına Göre (Ocak 1986=0,01)",equity_market,İŞ GÜNÜ,quarterly,last,4812.93,65,60,5,2023-01-02,2023-03-31,2023-03-31,False,,,
2023Q2,DERIVED.BIST.GOLD.TL.GR,DERIVED_BIST_GOLD_TL_GR,"BIST Altın Kapanış Fiyatı (TL/gram, TP.ALTINPIYASA.KAP02 / 1000)",alternative_asset_primary_tl_per_gram,DERIVED,quarterly,scale_after_last,1608.0,65,57,8,2023-04-03,2023-06-30,2023-06-30,True,TP.ALTINPIYASA.KAP02,scale,0.001
2023Q2,TP.ALTINPIYASA.KAP02,TP_ALTINPIYASA_KAP02,Altın - Kapanış Fiyatı  - TL/kg,alternative_asset_primary,İŞ GÜNÜ,quarterly,last,1608000.0,65,57,8,2023-04-03,2023-06-30,2023-06-30,False,,,
2023Q2,TP.ALTINPIYASA.KAP05,TP_ALTINPIYASA_KAP05,Altın - Kapanış Fiyatı  - TL/gr,alternative_asset_legacy_crosscheck,İŞ GÜNÜ,quarterly,last,1280.0,65,10,55,2023-04-03,2023-06-30,2023-06-30,False,,,
2023Q2,TP.MK.F.BILESIK,TP_MK_F_BILESIK,"(FİYAT) BİST 100 Endeks (XU100), Kapanış Fiyatlarına Göre (Ocak 1986=0,01)",equity_market,İŞ GÜNÜ,quarterly,last,5759.11,65,59,6,2023-04-03,2023-06-30,2023-06-30,False,,,
2023Q3,DERIVED.BIST.GOLD.TL.GR,DERIVED_BIST_GOLD_TL_GR,"BIST Altın Kapanış Fiyatı (TL/gram, TP.ALTINPIYASA.KAP02 / 1000)",alternative_asset_primary_tl_per_gram,DERIVED,quarterly,scale_after_last,1686.75,65,64,1,2023-07-03,2023-09-29,2023-09-29,True,TP.ALTINPIYASA.KAP02,scale,0.001
2023Q3,TP.ALTINPIYASA.KAP02,TP_ALTINPIYASA_KAP02,Altın - Kapanış Fiyatı  - TL/kg,alternative_asset_primary,İŞ GÜNÜ,quarterly,last,1686750.0,65,64,1,2023-07-03,2023-09-29,2023-09-29,False,,,
2023Q3,TP.ALTINPIYASA.KAP05,TP_ALTINPIYASA_KAP05,Altın - Kapanış Fiyatı  - TL/gr,alternative_asset_legacy_crosscheck,İŞ GÜNÜ,quarterly,last,1675.0,65,5,60,2023-07-03,2023-09-29,2023-09-29,False,,,
2023Q3,TP.MK.F.BILESIK,TP_MK_F_BILESIK,"(FİYAT) BİST 100 Endeks (XU100), Kapanış Fiyatlarına Göre (Ocak 1986=0,01)",equity_market,İŞ GÜNÜ,quarterly,last,8334.94,65,64,1,2023-07-03,2023-09-29,2023-09-29,False,,,
2023Q4,DERIVED.BIST.GOLD.TL.GR,DERIVED_BIST_GOLD_TL_GR,"BIST Altın Kapanış Fiyatı (TL/gram, TP.ALTINPIYASA.KAP02 / 1000)",alternative_asset_primary_tl_per_gram,DERIVED,quarterly,scale_after_last,1960.0,65,65,0,2023-10-02,2023-12-29,2023-12-29,True,TP.ALTINPIYASA.KAP02,scale,0.001
2023Q4,TP.ALTINPIYASA.KAP02,TP_ALTINPIYASA_KAP02,Altın - Kapanış Fiyatı  - TL/kg,alternative_asset_primary,İŞ GÜNÜ,quarterly,last,1960000.0,65,65,0,2023-10-02,2023-12-29,2023-12-29,False,,,
2023Q4,TP.ALTINPIYASA.KAP05,TP_ALTINPIYASA_KAP05,Altın - Kapanış Fiyatı  - TL/gr,alternative_asset_legacy_crosscheck,İŞ GÜNÜ,quarterly,last,1975.0,65,22,43,2023-10-02,2023-12-29,2023-12-29,False,,,
2023Q4,TP.MK.F.BILESIK,TP_MK_F_BILESIK,"(FİYAT) BİST 100 Endeks (XU100), Kapanış Fiyatlarına Göre (Ocak 1986=0,01)",equity_market,İŞ GÜNÜ,quarterly,last,7470.18,65,65,0,2023-10-02,2023-12-29,2023-12-29,False,,,
2024Q1,DERIVED.BIST.GOLD.TL.GR,DERIVED_BIST_GOLD_TL_GR,"BIST Altın Kapanış Fiyatı (TL/gram, TP.ALTINPIYASA.KAP02 / 1000)",alternative_asset_primary_tl_per_gram,DERIVED,quarterly,scale_after_last,2446.0,65,64,1,2024-01-01,2024-03-29,2024-03-29,True,TP.ALTINPIYASA.KAP02,scale,0.001
2024Q1,TP.ALTINPIYASA.KAP02,TP_ALTINPIYASA_KAP02,Altın - Kapanış Fiyatı  - TL/kg,alternative_asset_primary,İŞ GÜNÜ,quarterly,last,2446000.0,65,64,1,2024-01-01,2024-03-29,2024-03-29,False,,,
2024Q1,TP.ALTINPIYASA.KAP05,TP_ALTINPIYASA_KAP05,Altın - Kapanış Fiyatı  - TL/gr,alternative_asset_legacy_crosscheck,İŞ GÜNÜ,quarterly,last,2250.0,65,6,59,2024-01-01,2024-03-29,2024-03-29,False,,,
2024Q1,TP.MK.F.BILESIK,TP_MK_F_BILESIK,"(FİYAT) BİST 100 Endeks (XU100), Kapanış Fiyatlarına Göre (Ocak 1986=0,01)",equity_market,İŞ GÜNÜ,quarterly,last,9142.4,65,64,1,2024-01-01,2024-03-29,2024-03-29,False,,,
2024Q2,DERIVED.BIST.GOLD.TL.GR,DERIVED_BIST_GOLD_TL_GR,"BIST Altın Kapanış Fiyatı (TL/gram, TP.ALTINPIYASA.KAP02 / 1000)",alternative_asset_primary_tl_per_gram,DERIVED,quarterly,scale_after_last,2490.0,65,56,9,2024-04-01,2024-06-28,2024-06-28,True,TP.ALTINPIYASA.KAP02,scale,0.001
2024Q2,TP.ALTINPIYASA.KAP02,TP_ALTINPIYASA_KAP02,Altın - Kapanış Fiyatı  - TL/kg,alternative_asset_primary,İŞ GÜNÜ,quarterly,last,2490000.0,65,56,9,2024-04-01,2024-06-28,2024-06-28,False,,,
2024Q2,TP.ALTINPIYASA.KAP05,TP_ALTINPIYASA_KAP05,Altın - Kapanış Fiyatı  - TL/gr,alternative_asset_legacy_crosscheck,İŞ GÜNÜ,quarterly,last,2388.0,65,7,58,2024-04-01,2024-06-28,2024-06-28,False,,,
2024Q2,TP.MK.F.BILESIK,TP_MK_F_BILESIK,"(FİYAT) BİST 100 Endeks (XU100), Kapanış Fiyatlarına Göre (Ocak 1986=0,01)",equity_market,İŞ GÜNÜ,quarterly,last,10647.91,65,57,8,2024-04-01,2024-06-28,2024-06-28,False,,,
2024Q3,DERIVED.BIST.GOLD.TL.GR,DERIVED_BIST_GOLD_TL_GR,"BIST Altın Kapanış Fiyatı (TL/gram, TP.ALTINPIYASA.KAP02 / 1000)",alternative_asset_primary_tl_per_gram,DERIVED,quarterly,scale_after_last,3040.0,66,63,3,2024-07-01,2024-09-30,2024-09-30,True,TP.ALTINPIYASA.KAP02,scale,0.001
2024Q3,TP.ALTINPIYASA.KAP02,TP_ALTINPIYASA_KAP02,Altın - Kapanış Fiyatı  - TL/kg,alternative_asset_primary,İŞ GÜNÜ,quarterly,last,3040000.0,66,63,3,2024-07-01,2024-09-30,2024-09-30,False,,,
2024Q3,TP.ALTINPIYASA.KAP05,TP_ALTINPIYASA_KAP05,Altın - Kapanış Fiyatı  - TL/gr,alternative_asset_legacy_crosscheck,İŞ GÜNÜ,quarterly,last,2806.0,66,7,59,2024-07-01,2024-09-30,2024-09-30,False,,,
2024Q3,TP.MK.F.BILESIK,TP_MK_F_BILESIK,"(FİYAT) BİST 100 Endeks (XU100), Kapanış Fiyatlarına Göre (Ocak 1986=0,01)",equity_market,İŞ GÜNÜ,quarterly,last,9665.78,66,64,2,2024-07-01,2024-09-30,2024-09-30,False,,,
2024Q4,DERIVED.BIST.GOLD.TL.GR,DERIVED_BIST_GOLD_TL_GR,"BIST Altın Kapanış Fiyatı (TL/gram, TP.ALTINPIYASA.KAP02 / 1000)",alternative_asset_primary_tl_per_gram,DERIVED,quarterly,scale_after_last,3025.0,66,64,2,2024-10-01,2024-12-31,2024-12-31,True,TP.ALTINPIYASA.KAP02,scale,0.001
2024Q4,TP.ALTINPIYASA.KAP02,TP_ALTINPIYASA_KAP02,Altın - Kapanış Fiyatı  - TL/kg,alternative_asset_primary,İŞ GÜNÜ,quarterly,last,3025000.0,66,64,2,2024-10-01,2024-12-31,2024-12-31,False,,,
2024Q4,TP.ALTINPIYASA.KAP05,TP_ALTINPIYASA_KAP05,Altın - Kapanış Fiyatı  - TL/gr,alternative_asset_legacy_crosscheck,İŞ GÜNÜ,quarterly,last,2960.0,66,9,57,2024-10-01,2024-12-31,2024-12-31,False,,,
2024Q4,TP.MK.F.BILESIK,TP_MK_F_BILESIK,"(FİYAT) BİST 100 Endeks (XU100), Kapanış Fiyatlarına Göre (Ocak 1986=0,01)",equity_market,İŞ GÜNÜ,quarterly,last,9830.56,66,65,1,2024-10-01,2024-12-31,2024-12-31,False,,,
2025Q1,DERIVED.BIST.GOLD.TL.GR,DERIVED_BIST_GOLD_TL_GR,"BIST Altın Kapanış Fiyatı (TL/gram, TP.ALTINPIYASA.KAP02 / 1000)",alternative_asset_primary_tl_per_gram,DERIVED,quarterly,scale_after_last,3795.0,64,62,2,2025-01-01,2025-03-31,2025-03-31,True,TP.ALTINPIYASA.KAP02,scale,0.001
2025Q1,TP.ALTINPIYASA.KAP02,TP_ALTINPIYASA_KAP02,Altın - Kapanış Fiyatı  - TL/kg,alternative_asset_primary,İŞ GÜNÜ,quarterly,last,3795000.0,64,62,2,2025-01-01,2025-03-31,2025-03-31,False,,,
2025Q1,TP.ALTINPIYASA.KAP05,TP_ALTINPIYASA_KAP05,Altın - Kapanış Fiyatı  - TL/gr,alternative_asset_legacy_crosscheck,İŞ GÜNÜ,quarterly,last,3750.0,64,5,59,2025-01-01,2025-03-31,2025-03-31,False,,,
2025Q1,TP.MK.F.BILESIK,TP_MK_F_BILESIK,"(FİYAT) BİST 100 Endeks (XU100), Kapanış Fiyatlarına Göre (Ocak 1986=0,01)",equity_market,İŞ GÜNÜ,quarterly,last,9659.48,64,62,2,2025-01-01,2025-03-31,2025-03-31,False,,,
2025Q2,DERIVED.BIST.GOLD.TL.GR,DERIVED_BIST_GOLD_TL_GR,"BIST Altın Kapanış Fiyatı (TL/gram, TP.ALTINPIYASA.KAP02 / 1000)",alternative_asset_primary_tl_per_gram,DERIVED,quarterly,scale_after_last,4170.0,65,58,7,2025-04-01,2025-06-30,2025-06-30,True,TP.ALTINPIYASA.KAP02,scale,0.001
2025Q2,TP.ALTINPIYASA.KAP02,TP_ALTINPIYASA_KAP02,Altın - Kapanış Fiyatı  - TL/kg,alternative_asset_primary,İŞ GÜNÜ,quarterly,last,4170000.0,65,58,7,2025-04-01,2025-06-30,2025-06-30,False,,,
2025Q2,TP.ALTINPIYASA.KAP05,TP_ALTINPIYASA_KAP05,Altın - Kapanış Fiyatı  - TL/gr,alternative_asset_legacy_crosscheck,İŞ GÜNÜ,quarterly,last,4150.0,65,1,64,2025-04-01,2025-06-30,2025-06-30,False,,,
2025Q2,TP.MK.F.BILESIK,TP_MK_F_BILESIK,"(FİYAT) BİST 100 Endeks (XU100), Kapanış Fiyatlarına Göre (Ocak 1986=0,01)",equity_market,İŞ GÜNÜ,quarterly,last,9948.51,65,59,6,2025-04-01,2025-06-30,2025-06-30,False,,,
2025Q3,DERIVED.BIST.GOLD.TL.GR,DERIVED_BIST_GOLD_TL_GR,"BIST Altın Kapanış Fiyatı (TL/gram, TP.ALTINPIYASA.KAP02 / 1000)",alternative_asset_primary_tl_per_gram,DERIVED,quarterly,scale_after_last,5215.0,66,65,1,2025-07-01,2025-09-30,2025-09-30,True,TP.ALTINPIYASA.KAP02,scale,0.001
2025Q3,TP.ALTINPIYASA.KAP02,TP_ALTINPIYASA_KAP02,Altın - Kapanış Fiyatı  - TL/kg,alternative_asset_primary,İŞ GÜNÜ,quarterly,last,5215000.0,66,65,1,2025-07-01,2025-09-30,2025-09-30,False,,,
2025Q3,TP.ALTINPIYASA.KAP05,TP_ALTINPIYASA_KAP05,Altın - Kapanış Fiyatı  - TL/gr,alternative_asset_legacy_crosscheck,İŞ GÜNÜ,quarterly,last,4404.0,66,2,64,2025-07-01,2025-09-30,2025-09-30,False,,,
2025Q3,TP.MK.F.BILESIK,TP_MK_F_BILESIK,"(FİYAT) BİST 100 Endeks (XU100), Kapanış Fiyatlarına Göre (Ocak 1986=0,01)",equity_market,İŞ GÜNÜ,quarterly,last,11012.12,66,65,1,2025-07-01,2025-09-30,2025-09-30,False,,,
2025Q4,DERIVED.BIST.GOLD.TL.GR,DERIVED_BIST_GOLD_TL_GR,"BIST Altın Kapanış Fiyatı (TL/gram, TP.ALTINPIYASA.KAP02 / 1000)",alternative_asset_primary_tl_per_gram,DERIVED,quarterly,scale_after_last,6197.999,66,64,2,2025-10-01,2025-12-31,2025-12-31,True,TP.ALTINPIYASA.KAP02,scale,0.001
2025Q4,TP.ALTINPIYASA.KAP02,TP_ALTINPIYASA_KAP02,Altın - Kapanış Fiyatı  - TL/kg,alternative_asset_primary,İŞ GÜNÜ,quarterly,last,6197999.0,66,64,2,2025-10-01,2025-12-31,2025-12-31,False,,,
2025Q4,TP.ALTINPIYASA.KAP05,TP_ALTINPIYASA_KAP05,Altın - Kapanış Fiyatı  - TL/gr,alternative_asset_legacy_crosscheck,İŞ GÜNÜ,quarterly,last,5750.0,66,1,65,2025-10-01,2025-12-31,2025-12-31,False,,,
2025Q4,TP.MK.F.BILESIK,TP_MK_F_BILESIK,"(FİYAT) BİST 100 Endeks (XU100), Kapanış Fiyatlarına Göre (Ocak 1986=0,01)",equity_market,İŞ GÜNÜ,quarterly,last,11261.52,66,65,1,2025-10-01,2025-12-31,2025-12-31,False,,,
2026Q1,DERIVED.BIST.GOLD.TL.GR,DERIVED_BIST_GOLD_TL_GR,"BIST Altın Kapanış Fiyatı (TL/gram, TP.ALTINPIYASA.KAP02 / 1000)",alternative_asset_primary_tl_per_gram,DERIVED,quarterly,scale_after_last,6624.899,64,61,3,2026-01-01,2026-03-31,2026-03-31,True,TP.ALTINPIYASA.KAP02,scale,0.001
2026Q1,TP.ALTINPIYASA.KAP02,TP_ALTINPIYASA_KAP02,Altın - Kapanış Fiyatı  - TL/kg,alternative_asset_primary,İŞ GÜNÜ,quarterly,last,6624899.0,64,61,3,2026-01-01,2026-03-31,2026-03-31,False,,,
2026Q1,TP.ALTINPIYASA.KAP05,TP_ALTINPIYASA_KAP05,Altın - Kapanış Fiyatı  - TL/gr,alternative_asset_legacy_crosscheck,İŞ GÜNÜ,quarterly,last,,64,0,64,2026-01-01,2026-03-31,2026-03-31,False,,,
2026Q1,TP.MK.F.BILESIK,TP_MK_F_BILESIK,"(FİYAT) BİST 100 Endeks (XU100), Kapanış Fiyatlarına Göre (Ocak 1986=0,01)",equity_market,İŞ GÜNÜ,quarterly,last,12790.98,64,62,2,2026-01-01,2026-03-31,2026-03-31,False,,,
2026Q2,DERIVED.BIST.GOLD.TL.GR,DERIVED_BIST_GOLD_TL_GR,"BIST Altın Kapanış Fiyatı (TL/gram, TP.ALTINPIYASA.KAP02 / 1000)",alternative_asset_primary_tl_per_gram,DERIVED,quarterly,scale_after_last,6051.5,65,58,7,2026-04-01,2026-06-30,2026-06-30,True,TP.ALTINPIYASA.KAP02,scale,0.001
2026Q2,TP.ALTINPIYASA.KAP02,TP_ALTINPIYASA_KAP02,Altın - Kapanış Fiyatı  - TL/kg,alternative_asset_primary,İŞ GÜNÜ,quarterly,last,6051500.0,65,58,7,2026-04-01,2026-06-30,2026-06-30,False,,,
2026Q2,TP.ALTINPIYASA.KAP05,TP_ALTINPIYASA_KAP05,Altın - Kapanış Fiyatı  - TL/gr,alternative_asset_legacy_crosscheck,İŞ GÜNÜ,quarterly,last,,65,0,65,2026-04-01,2026-06-30,2026-06-30,False,,,
2026Q2,TP.MK.F.BILESIK,TP_MK_F_BILESIK,"(FİYAT) BİST 100 Endeks (XU100), Kapanış Fiyatlarına Göre (Ocak 1986=0,01)",equity_market,İŞ GÜNÜ,quarterly,last,14121.83,65,59,6,2026-04-01,2026-06-30,2026-06-30,False,,,
