series_code,role,reason,series_name_tr,series_name_en,group_code,frequency,default_aggregation,default_aggregation_tr,parent_series_code,level,screen_order,can_sum,can_average,can_first,can_last,can_min,can_max,series_catalog_key,group_name_tr,category_id,category_path_tr,source,unit,is_archive,metadata_url,revision_url,method_change_url,group_catalog_sha256,group_downloaded_utc,searchable_text,is_duplicate_series_code,requested_start,requested_end,request_frequency_code,aggregation_used,chunk_count,observation_count,non_null_observation_count,missing_observation_count,structural_missing_observation_count,unresolved_missing_observation_count,missing_kind_counts_json,expected_period_without_source_row_count,expected_period_gap_counts_json,first_period,last_period,first_non_null_period,last_non_null_period,analysis_column,temporal_semantics,subperiod_aggregation,is_derived,source_series_code,derivation_operation,derivation_factor
TP.AB.N06,net_international_reserves,"TCMB haftalik vaziyet tablosundaki net uluslararasi rezervleri (2A) izlemek; arsivlenmis TP.AB.*06 varyantlari yerine guncel, arsiv-disi seri secildi.",2A Net Uluslararası Rezervler (1+2+3),2A Net International Reserves (1+2+3),bie_abstc2,HAFTALIK(CUMA),last,BİTİŞ,TP.AB.N05,2,60.0,0,1,1,1,1,1,bie_abstc2::TP.AB.N06,Merkez Bankası Bilançosu - Stand By (Cari),3004,MERKEZ BANKASI BİLANÇO VE PİYASA VERİLERİ > MERKEZ BANKASI HAFTALIK VAZİYET,TCMB,Bin TL,False,https://www.tcmb.gov.tr/wps/wcm/connect/TR/TCMB+TR/Main+Menu/Istatistikler/TCMB+Analitik+Bilanco,,,c0964acbf782d3787fd61b7d68f20098f33848c24c896eac3be7ebee361b80a7,2026-09-07T17:37:50.823379+00:00,TP.AB.N06 | 2A Net Uluslararası Rezervler (1+2+3) | 2A Net International Reserves (1+2+3) | Merkez Bankası Bilançosu - Stand By (Cari) | MERKEZ BANKASI BİLANÇO VE PİYASA VERİLERİ > MERKEZ BANKASI HAFTALIK VAZİYET | TCMB | Bin TL,False,2020-01-01,2026-06-30,3,last,7,339,339,0,0,0,{},0,{},2020-01-03,2026-06-26,2020-01-03,2026-06-26,TP_AB_N06,stock,last,False,,,
TP.AB.N07,gross_fx_reserves,"TCMB haftalik vaziyet tablosundaki brut doviz rezervlerini (2A1) izlemek; arsivlenmis TP.AB.*07 varyantlari yerine guncel, arsiv-disi seri secildi.",2A1 Brüt Döviz Rezervleri,2A1 Gross Foreign Assets,bie_abstc2,HAFTALIK(CUMA),last,BİTİŞ,TP.AB.N06,3,70.0,0,1,1,1,1,1,bie_abstc2::TP.AB.N07,Merkez Bankası Bilançosu - Stand By (Cari),3004,MERKEZ BANKASI BİLANÇO VE PİYASA VERİLERİ > MERKEZ BANKASI HAFTALIK VAZİYET,TCMB,Bin TL,False,https://www.tcmb.gov.tr/wps/wcm/connect/TR/TCMB+TR/Main+Menu/Istatistikler/TCMB+Analitik+Bilanco,,,c0964acbf782d3787fd61b7d68f20098f33848c24c896eac3be7ebee361b80a7,2026-09-07T17:37:50.823379+00:00,TP.AB.N07 | 2A1 Brüt Döviz Rezervleri | 2A1 Gross Foreign Assets | Merkez Bankası Bilançosu - Stand By (Cari) | MERKEZ BANKASI BİLANÇO VE PİYASA VERİLERİ > MERKEZ BANKASI HAFTALIK VAZİYET | TCMB | Bin TL,False,2020-01-01,2026-06-30,3,last,7,339,339,0,0,0,{},0,{},2020-01-03,2026-06-26,2020-01-03,2026-06-26,TP_AB_N07,stock,last,False,,,
TP.BTO3,bounced_check_count,Karsiliksiz cek adedini (aylik) izlemek; tutar serisiyle (TP.BTO4) birlikte odeme sistemleri istatistiklerinin iki tamamlayici olcusu.,Karşılıksız Çek Adedi,Volume of Bad Cheques,bie_btocek,AYLIK,sum,KÜMÜLATİF,-1,1,30.0,1,1,1,1,1,1,bie_btocek::TP.BTO3,Takas Odasında İşlem Gören Çek Adet ve Tutarları,3503,ÖDEME SİSTEMLERİ VE EMİSYON > ÖDEME SİSTEMLERİ İSTATİSTİKLERİ (TCMB),İstanbul Takas ve Saklama Bankası A.Ş. (Takasbank),,False,https://www.takasbank.com.tr/tr/uyelik/takasbank-cek-takas-sistemi,,,7c15883ac94ba5078237077988a07d3826d6a81a6aeed166b444df1a5d92901a,2026-09-07T17:40:24.315249+00:00,TP.BTO3 | Karşılıksız Çek Adedi | Volume of Bad Cheques | Takas Odasında İşlem Gören Çek Adet ve Tutarları | ÖDEME SİSTEMLERİ VE EMİSYON > ÖDEME SİSTEMLERİ İSTATİSTİKLERİ (TCMB) | İstanbul Takas ve Saklama Bankası A.Ş. (Takasbank),False,2020-01-01,2026-06-30,5,sum,1,78,78,0,0,0,{},0,{},2020-01,2026-06,2020-01,2026-06,TP_BTO3,flow,sum,False,,,
TP.BTO4,bounced_check_amount,"Karsiliksiz cek tutarini (Bin TL, aylik) izlemek; adet serisi TP.BTO3 ayrica eklendi, Protestolu Senet EVDS katalogunda bulunamadi (atlandi, commit mesajinda belirtildi).",Karşılıksız Çek Tutarı (Bin TL),Value of Bad Cheques (Thousand TRY),bie_btocek,AYLIK,sum,KÜMÜLATİF,-1,1,40.0,1,1,1,1,1,1,bie_btocek::TP.BTO4,Takas Odasında İşlem Gören Çek Adet ve Tutarları,3503,ÖDEME SİSTEMLERİ VE EMİSYON > ÖDEME SİSTEMLERİ İSTATİSTİKLERİ (TCMB),İstanbul Takas ve Saklama Bankası A.Ş. (Takasbank),,False,https://www.takasbank.com.tr/tr/uyelik/takasbank-cek-takas-sistemi,,,7c15883ac94ba5078237077988a07d3826d6a81a6aeed166b444df1a5d92901a,2026-09-07T17:40:24.315249+00:00,TP.BTO4 | Karşılıksız Çek Tutarı (Bin TL) | Value of Bad Cheques (Thousand TRY) | Takas Odasında İşlem Gören Çek Adet ve Tutarları | ÖDEME SİSTEMLERİ VE EMİSYON > ÖDEME SİSTEMLERİ İSTATİSTİKLERİ (TCMB) | İstanbul Takas ve Saklama Bankası A.Ş. (Takasbank),False,2020-01-01,2026-06-30,5,sum,1,78,78,0,0,0,{},0,{},2020-01,2026-06,2020-01,2026-06,TP_BTO4,flow,sum,False,,,
TP.ODEAYRSUNUM6.Q4,trade_balance,"Odemeler dengesi tanimli net dis ticaret dengesini (milyon ABD dolari, aylik) izlemek; Q5/Q6 ihracat-ithalat bilesenleri degil net bakiye secildi.",1.1.Dış Ticaret Dengesi,1.1.Goods,bie_odeayrsunum6,AYLIK,sum,KÜMÜLATİF,TP.ODEAYRSUNUM6.Q1,2,40.0,0,1,1,1,1,1,bie_odeayrsunum6::TP.ODEAYRSUNUM6.Q4,Ödemeler Dengesi-Ayrıntılı Sunum,4001,ÖDEMELER DENGESİ VE DIŞ İSTATİSTİKLER > ÖDEMELER DENGESİ İSTATİSTİKLERİ (TCMB),TCMB,milyon ABD doları,False,https://www.tcmb.gov.tr/wps/wcm/connect/0ab87526-c290-4bdd-94d4-b8e99e70eba9/BOPMetaveri.pdf?MOD=AJPERES&CACHEID=ROOTWORKSPACE-0ab87526-c290-4bdd-94d4-b8e99e70eba9-n12vQI-,https://www.tcmb.gov.tr/wps/wcm/connect/6f18f19b-17c7-43cb-8c80-55b5fb4c67f4/RevizyonPolitikas%C4%B1.pdf?MOD=AJPERES&CACHEID=ROOTWORKSPACE-6f18f19b-17c7-43cb-8c80-55b5fb4c67f4-m5h8na2,https://www.tcmb.gov.tr/wps/wcm/connect/TR/TCMB+TR/Main+Menu/Istatistikler/Odemeler+Dengesi+ve+Ilgili+Istatistikler/Odemeler+Dengesi+Istatistikleri/Uygulama+Test/,d72b662da731c953d90661b6fe8c805428027ce29af9012c132846894cd93803,2026-09-07T20:47:31.374088+00:00,TP.ODEAYRSUNUM6.Q4 | 1.1.Dış Ticaret Dengesi | 1.1.Goods | Ödemeler Dengesi-Ayrıntılı Sunum | ÖDEMELER DENGESİ VE DIŞ İSTATİSTİKLER > ÖDEMELER DENGESİ İSTATİSTİKLERİ (TCMB) | TCMB | milyon ABD doları,False,2020-01-01,2026-06-30,5,sum,1,78,78,0,0,0,{},0,{},2020-01,2026-06,2020-01,2026-06,TP_ODEAYRSUNUM6_Q4,flow,sum,False,,,
TP.PBD.H01,money_supply_m1,TCMB aylik para arzi tablosundaki M1 stok buyuklugunu izlemek; haftalik TP.HPBITABLO1.2 ve kur etkisinden arindirilmis endeks varyantlari yerine aylik ham stok secildi.,1.M1,1.M1,bie_pbpanal2,AYLIK,last,BİTİŞ,-1,1,360.0,0,1,1,1,1,1,bie_pbpanal2::TP.PBD.H01,Para Arzı ve Karşılık Kalemleri,450101,PARASAL VE FİNANSAL İSTATİSTİKLER > PARA VE BANKA İSTATİSTİKLERİ (AYLIK) (TCMB) > PARA ARZI,Bankalar,bin TL,False,http://www.tcmb.gov.tr/wps/wcm/connect/f3ad1a37-6d59-4a0b-b0d7-09b51cd7a73f/MetaveriAPB%C4%B02018.pdf?MOD=AJPERES&CACHEID=ROOTWORKSPACE-f3ad1a37-6d59-4a0b-b0d7-09b51cd7a73f-ml2zpGJ,http://www.tcmb.gov.tr/wps/wcm/connect/ad56ebf3-a934-4aeb-860f-f657b01728d1/Revizyon+Politikas%C4%B1.pdf?MOD=AJPERES&CACHEID=ROOTWORKSPACE-ad56ebf3-a934-4aeb-860f-f657b01728d1-m5hiF.-,http://www.tcmb.gov.tr/wps/wcm/connect/TR/TCMB+TR/Main+Menu/Istatistikler/Parasal+ve+Finansal+Istatistikler/Aylik+Para+ve+Banka+Istatistikleri/Uygulama+Degisiklikleri/,9bf78f7d454f746349eaf2f4ed49f153e95fa66b1cd09db0522e08fc0e960571,2026-09-07T20:47:33.331363+00:00,TP.PBD.H01 | 1.M1 | 1.M1 | Para Arzı ve Karşılık Kalemleri | PARASAL VE FİNANSAL İSTATİSTİKLER > PARA VE BANKA İSTATİSTİKLERİ (AYLIK) (TCMB) > PARA ARZI | Bankalar | bin TL,False,2020-01-01,2026-06-30,5,last,1,78,78,0,0,0,{},0,{},2020-01,2026-06,2020-01,2026-06,TP_PBD_H01,stock,last,False,,,
TP.PBD.H09,money_supply_m2,TCMB aylik para arzi tablosundaki M2 stok buyuklugunu izlemek; haftalik ve kur-arindirilmis endeks varyantlari yerine aylik ham stok secildi.,2.M2,2.M2,bie_pbpanal2,AYLIK,last,BİTİŞ,-1,1,440.0,0,1,1,1,1,1,bie_pbpanal2::TP.PBD.H09,Para Arzı ve Karşılık Kalemleri,450101,PARASAL VE FİNANSAL İSTATİSTİKLER > PARA VE BANKA İSTATİSTİKLERİ (AYLIK) (TCMB) > PARA ARZI,Bankalar,bin TL,False,http://www.tcmb.gov.tr/wps/wcm/connect/f3ad1a37-6d59-4a0b-b0d7-09b51cd7a73f/MetaveriAPB%C4%B02018.pdf?MOD=AJPERES&CACHEID=ROOTWORKSPACE-f3ad1a37-6d59-4a0b-b0d7-09b51cd7a73f-ml2zpGJ,http://www.tcmb.gov.tr/wps/wcm/connect/ad56ebf3-a934-4aeb-860f-f657b01728d1/Revizyon+Politikas%C4%B1.pdf?MOD=AJPERES&CACHEID=ROOTWORKSPACE-ad56ebf3-a934-4aeb-860f-f657b01728d1-m5hiF.-,http://www.tcmb.gov.tr/wps/wcm/connect/TR/TCMB+TR/Main+Menu/Istatistikler/Parasal+ve+Finansal+Istatistikler/Aylik+Para+ve+Banka+Istatistikleri/Uygulama+Degisiklikleri/,9bf78f7d454f746349eaf2f4ed49f153e95fa66b1cd09db0522e08fc0e960571,2026-09-07T20:47:33.331363+00:00,TP.PBD.H09 | 2.M2 | 2.M2 | Para Arzı ve Karşılık Kalemleri | PARASAL VE FİNANSAL İSTATİSTİKLER > PARA VE BANKA İSTATİSTİKLERİ (AYLIK) (TCMB) > PARA ARZI | Bankalar | bin TL,False,2020-01-01,2026-06-30,5,last,1,78,78,0,0,0,{},0,{},2020-01,2026-06,2020-01,2026-06,TP_PBD_H09,stock,last,False,,,
TP.PBD.H17,money_supply_m3,TCMB aylik para arzi tablosundaki guncel (2005/12 sonrasi) M3 stok buyuklugunu izlemek; 2005/11 oncesi kesik seri (TP.PBD.H23) ve haftalik/endeks varyantlari yerine guncel aylik ham stok secildi.,5.M3 (2005/12 sonrası),5.M3 (after 2005/12),bie_pbpanal2,AYLIK,last,BİTİŞ,-1,1,520.0,0,1,1,1,1,1,bie_pbpanal2::TP.PBD.H17,Para Arzı ve Karşılık Kalemleri,450101,PARASAL VE FİNANSAL İSTATİSTİKLER > PARA VE BANKA İSTATİSTİKLERİ (AYLIK) (TCMB) > PARA ARZI,Bankalar,bin TL,False,http://www.tcmb.gov.tr/wps/wcm/connect/f3ad1a37-6d59-4a0b-b0d7-09b51cd7a73f/MetaveriAPB%C4%B02018.pdf?MOD=AJPERES&CACHEID=ROOTWORKSPACE-f3ad1a37-6d59-4a0b-b0d7-09b51cd7a73f-ml2zpGJ,http://www.tcmb.gov.tr/wps/wcm/connect/ad56ebf3-a934-4aeb-860f-f657b01728d1/Revizyon+Politikas%C4%B1.pdf?MOD=AJPERES&CACHEID=ROOTWORKSPACE-ad56ebf3-a934-4aeb-860f-f657b01728d1-m5hiF.-,http://www.tcmb.gov.tr/wps/wcm/connect/TR/TCMB+TR/Main+Menu/Istatistikler/Parasal+ve+Finansal+Istatistikler/Aylik+Para+ve+Banka+Istatistikleri/Uygulama+Degisiklikleri/,9bf78f7d454f746349eaf2f4ed49f153e95fa66b1cd09db0522e08fc0e960571,2026-09-07T20:47:33.331363+00:00,TP.PBD.H17 | 5.M3 (2005/12 sonrası) | 5.M3 (after 2005/12) | Para Arzı ve Karşılık Kalemleri | PARASAL VE FİNANSAL İSTATİSTİKLER > PARA VE BANKA İSTATİSTİKLERİ (AYLIK) (TCMB) > PARA ARZI | Bankalar | bin TL,False,2020-01-01,2026-06-30,5,last,1,78,78,0,0,0,{},0,{},2020-01,2026-06,2020-01,2026-06,TP_PBD_H17,stock,last,False,,,
TP.TARIMUFE01,agri_ppi,"TUIK Tarim Urunleri Ureticileri Fiyat Endeksi'nin genel (Tarim, Ormancilik ve Balikcilik) ana endeksini izlemek; alt bilesenler (avcilik, ormancilik, balikcilik) yerine toplam endeks secildi.","Tarım, Ormancılık ve Balıkçılık","Agriculture, Forestry and Fishing",bie_tarimufe,AYLIK,avg,ORTALAMA,-1,1,10.0,0,1,1,1,1,1,bie_tarimufe::TP.TARIMUFE01,Tarım Ürünleri Üretici Fiyat Endeksi,2008,FİYAT ENDEKSLERİ > TARIM ÜRÜNLERİ ÜRETİCİ FİYAT ENDEKSİ (TÜİK),TÜİK,2020=100,False,https://data.tuik.gov.tr/Kategori/GetKategori?p=enflasyon-ve-fiyat-106&dil=1,https://data.tuik.gov.tr/Kategori/GetKategori?p=enflasyon-ve-fiyat-106&dil=1,,bd627804c5bac169dac4fc4ad432472a0fa209decc2ce1f28df12e60866334fb,2026-09-07T20:47:59.063587+00:00,"TP.TARIMUFE01 | Tarım, Ormancılık ve Balıkçılık | Agriculture, Forestry and Fishing | Tarım Ürünleri Üretici Fiyat Endeksi | FİYAT ENDEKSLERİ > TARIM ÜRÜNLERİ ÜRETİCİ FİYAT ENDEKSİ (TÜİK) | TÜİK | 2020=100",False,2020-01-01,2026-06-30,5,avg,1,78,78,0,0,0,{},0,{},2020-01,2026-06,2020-01,2026-06,TP_TARIMUFE01,index,mean,False,,,
