target_period,TP_AB_N06,TP_AB_N07,TP_BTO3,TP_BTO4,TP_ODEAYRSUNUM6_Q4,TP_PBD_H01,TP_PBD_H09,TP_PBD_H17,TP_TARIMUFE01
2020-01,220030068.0,612207819.0,12928.0,702148.685,-3318.0,734656333.0,2469235642.0,2574629717.0,91.55
2020-02,234059592.0,665047416.0,8449.0,503529.244,-1943.0,789681322.0,2556911596.0,2669569415.0,95.1
2020-03,210154127.0,616896641.0,19262.0,1094184.133,-4355.0,857402770.0,2681493623.0,2795598843.0,96.75
2020-04,175874625.0,603686468.0,22342.0,1189399.354,-3845.0,1001176352.0,2910666523.0,3036983455.0,98.0
2020-05,224648607.0,619079351.0,8859.0,596359.311,-2745.0,1052167822.0,2918865211.0,3064957239.0,97.53
2020-06,199031673.0,618631361.0,21128.0,1074674.38,-2062.0,1108193635.0,3001226936.0,3134310780.0,98.29
2020-07,183713535.0,627282957.0,5043.0,614078.375,-1963.0,1196695894.0,3141593256.0,3260200557.0,96.65
2020-08,169845091.0,620603407.0,14556.0,1072443.092,-5376.0,1209574748.0,3196795800.0,3307273781.0,95.92
2020-09,129893102.0,641285212.0,8186.0,561653.647,-3753.0,1239060931.0,3273110992.0,3379207000.0,97.2
2020-10,153746726.0,686861720.0,5627.0,438328.973,-1291.0,1287398590.0,3414449433.0,3521824801.0,103.41
2020-11,108407673.0,666000635.0,9818.0,661170.13,-3860.0,1234759189.0,3314555345.0,3416797915.0,108.57
2020-12,118321410.0,722274315.0,9004.0,718012.341,-3365.0,1219207540.0,3326512024.0,3421903274.0,110.78
2021-01,101490254.0,705554598.0,4866.0,439026.323,-1906.0,1191279524.0,3306057972.0,3401455924.0,113.42
2021-02,100163593.0,685988815.0,7514.0,587438.738,-2103.0,1189145526.0,3326645026.0,3422130770.0,117.18
2021-03,101545716.0,721012039.0,11437.0,853709.218,-2989.0,1249799033.0,3519147499.0,3618987820.0,119.05
2021-04,97807340.0,719529288.0,5089.0,438598.892,-1745.0,1276624503.0,3574864016.0,3677393422.0,123.88
2021-05,104880622.0,782328374.0,0.0,0.0,-3056.0,1335440985.0,3676730667.0,3782521284.0,121.19
2021-06,181101279.0,868705425.0,24319.0,1922413.355,-1635.0,1384256091.0,3763771681.0,3876874389.0,126.68
2021-07,209197431.0,899769882.0,8813.0,786443.59,-3148.0,1404977943.0,3804781569.0,3917262517.0,126.36
2021-08,221063642.0,989789215.0,13333.0,1154308.054,-2885.0,1396749952.0,3815142498.0,3926701334.0,128.96
2021-09,263467121.0,1058103992.0,10111.0,939628.933,-1126.0,1464391168.0,3993750060.0,4112493558.0,131.3
2021-10,309505093.0,1175173186.0,5457.0,550707.936,-50.0,1572984951.0,4239266828.0,4365787288.0,136.64
2021-11,295997130.0,1515720327.0,13182.0,1262787.6,-3630.0,1969179936.0,5021717951.0,5158076672.0,146.03
2021-12,108219096.0,1443673160.0,9353.0,977076.503,-5046.0,2111942760.0,5108132702.0,5209545803.0,164.76
2022-01,143166186.0,1500852326.0,8466.0,945167.894,-8552.0,2071625962.0,5140228239.0,5235972901.0,181.91
2022-02,258872645.0,1613418135.0,7847.0,983157.735,-6296.0,2105918912.0,5308036475.0,5403380930.0,211.02
2022-03,236507703.0,1604371946.0,7635.0,947458.858,-6476.0,2270719959.0,5699858632.0,5796602081.0,237.12
2022-04,251397070.0,1582559577.0,4454.0,586326.169,-4344.0,2372463176.0,5895872508.0,5997344255.0,272.59
2022-05,199511076.0,1687328355.0,9636.0,1235823.761,-8829.0,2528833226.0,6277459612.0,6379097762.0,277.88
2022-06,130637471.0,1771569296.0,6313.0,964347.721,-6436.0,2556449704.0,6428508832.0,6529719172.0,280.14
2022-07,163261090.0,1816408544.0,4200.0,703231.503,-9264.0,2731930334.0,6958505889.0,7064825208.0,295.82
2022-08,228982769.0,2029511746.0,10109.0,1666015.874,-9656.0,2757584876.0,7231185430.0,7349937717.0,281.87
2022-09,179900087.0,1984322053.0,7267.0,1276717.614,-8035.0,2841354575.0,7475494815.0,7603202723.0,292.31
2022-10,249925107.0,2125615292.0,8040.0,1590993.92,-6449.0,2927907783.0,7735052757.0,7866893098.0,301.86
2022-11,362915053.0,2284899108.0,7978.0,1650741.334,-7173.0,2958792610.0,7871318084.0,8053625056.0,326.94
2022-12,514984319.0,2410923801.0,6260.0,1434143.445,-8075.0,3116244497.0,8209273693.0,8460684933.0,341.14
2023-01,484844233.0,2391912359.0,9018.0,2228284.682,-12581.0,3189326800.0,8427505053.0,8669477111.0,360.49
2023-02,380789546.0,2288179088.0,7033.0,1985196.829,-10513.0,3261261086.0,8650527989.0,8864728369.0,385.29
2023-03,353625802.0,2347521161.0,6692.0,2079732.81,-6331.0,3466881602.0,9073195173.0,9285376613.0,397.77
2023-04,123478169.0,2234382964.0,6328.0,1821352.944,-7058.0,3681362988.0,9537845081.0,9746466914.0,411.32
2023-05,-87663328.0,1963540633.0,14489.0,3977855.608,-10455.0,3582211206.0,9508104415.0,9700373043.0,406.38
2023-06,253709124.0,2809090237.0,7009.0,2255702.995,-3770.0,4194801091.0,10874575044.0,11131819814.0,432.14
2023-07,293379923.0,3069073899.0,15153.0,5279477.052,-10737.0,4392731023.0,11510220409.0,11779895431.0,465.27
2023-08,388434280.0,3182976920.0,10151.0,4012765.872,-7141.0,4500871008.0,11947306760.0,12231040930.0,489.13
2023-09,564926772.0,3350292004.0,6236.0,2661009.033,-3693.0,4485407099.0,12374659285.0,12660259691.0,502.76
2023-10,706651630.0,3562179133.0,14270.0,6026377.873,-4984.0,4591489914.0,12789135293.0,13097974238.0,510.99
2023-11,1030453722.0,3933484815.0,10268.0,4699866.629,-4476.0,4602154067.0,13049971609.0,13388504649.0,513.0
2023-12,1027379437.0,4152586207.0,7791.0,4196101.038,-4540.0,4763762101.0,13665141252.0,14032110771.0,547.94
2024-01,927028480.0,4150625870.0,15828.0,7899246.725,-4332.0,4854867099.0,13697119812.0,14170572337.0,569.04
2024-02,694859720.0,4084774420.0,11242.0,6043700.831,-4682.0,5126791678.0,14020214021.0,14588406812.0,609.88
2024-03,498568314.0,3978902658.0,8270.0,5133553.977,-5011.0,5516024577.0,14348468781.0,14983979333.0,643.86
2024-04,454945726.0,4036927724.0,20098.0,11261173.622,-7666.0,5399890368.0,14523330249.0,15258074085.0,661.28
2024-05,1466034312.0,4639808877.0,15790.0,9445737.238,-4153.0,5349311863.0,14837921368.0,15763121325.0,655.24
2024-06,1293851269.0,4700779770.0,10546.0,6451611.996,-4109.0,5511076710.0,15319202915.0,16325989816.0,667.99
2024-07,1569748164.0,4889372031.0,26351.0,15770139.929,-5063.0,5594598658.0,15726267311.0,16934434314.0,656.35
2024-08,1387014867.0,5081160244.0,12030.0,7946886.54,-2886.0,5956159351.0,16206558025.0,17654053304.0,646.14
2024-09,1845288654.0,5375261508.0,25523.0,15256183.287,-3108.0,6162557267.0,16452308928.0,17982945524.0,659.06
2024-10,2081850827.0,5459036796.0,18619.0,11815061.628,-3504.0,6161323158.0,16767749092.0,18407760220.0,692.18
2024-11,2218602999.0,5461923025.0,11480.0,8238994.347,-5242.0,6066459013.0,16915022358.0,18773387926.0,753.67
2024-12,2239483153.0,5467505325.0,24729.0,17386907.684,-6231.0,6303762421.0,17527677986.0,19415599225.0,750.72
2025-01,2562390170.0,5938256778.0,16202.0,12212109.239,-5499.0,6298900313.0,17636192186.0,19945293181.0,771.29
2025-02,2486991356.0,6025282581.0,14708.0,10668126.935,-5435.0,6632180868.0,18321342785.0,20612722902.0,792.15
2025-03,2127337056.0,5947832088.0,10261.0,7786908.872,-4800.0,7305580650.0,19821138846.0,21569453965.0,846.92
2025-04,1338474750.0,5404125065.0,22566.0,15679099.663,-9850.0,7511980977.0,20106009573.0,22030668707.0,843.1
2025-05,1926358554.0,5989820460.0,13932.0,11311379.67,-4726.0,7612817534.0,20624031860.0,22592936233.0,845.0
2025-06,1840730572.0,6142297224.0,23519.0,18662532.189,-6471.0,7946791157.0,21222731191.0,23151135319.0,1004.05
2025-07,2603310961.0,6954224932.0,21050.0,17730624.762,-4561.0,7996811406.0,21830111045.0,23967449873.0,947.27
2025-08,3016834634.0,7321088195.0,14242.0,12867990.187,-2773.0,8225267488.0,22188709107.0,24572314067.0,914.62
2025-09,3010334264.0,7587964218.0,28688.0,23911935.282,-5333.0,8841769340.0,22860968238.0,25215533557.0,967.71
2025-10,2903680157.0,7708616287.0,21713.0,19577242.235,-5884.0,9144681823.0,23313861922.0,25713390149.0,1006.44
2025-11,3055023239.0,7779182679.0,13658.0,13554308.121,-6351.0,9250872353.0,23618924923.0,26096780459.0,990.71
2025-12,3411442167.0,8308838311.0,28602.0,26043900.387,-7460.0,10028380768.0,24729036670.0,27197179125.0,1021.06
2026-01,4046632412.0,9476609452.0,14332.0,14121157.589,-6885.0,10628744931.0,25273094090.0,28144311083.0,1107.41
2026-02,4020112886.0,9231325201.0,15099.0,14905577.36,-7511.0,10962533187.0,25686545565.0,28589981380.0,1109.78
2026-03,1553491342.0,6897344174.0,24306.0,24227998.066,-9472.0,10578713479.0,25729187059.0,28024250107.0,1152.56
2026-04,2430218561.0,7685158975.0,18131.0,17934176.564,-6900.0,10815080234.0,26518751183.0,29129440187.0,1201.65
2026-05,2090224631.0,7285102140.0,10345.0,11253596.392,-4452.0,11126373305.0,27293420191.0,29802232587.0,1208.99
2026-06,2107506637.0,6945177860.0,29827.0,30408260.574,-8566.0,10696346752.0,27375153253.0,30098494181.0,1099.96
