target_period,series_code,analysis_column,series_name_tr,role,native_frequency,target_frequency,aggregation,value,value_status,source_observation_count,non_null_observation_count,missing_observation_count,first_source_period,last_source_period,source_period_end_max,expected_source_observation_count,absent_source_period_count,missing_source_periods,is_complete,completeness_status,selected_source_period,selected_source_period_end,valid_source_period_end_min,valid_source_period_end_max,staleness_days,representation,value_frequency,is_derived,source_series_code,derivation_operation,derivation_factor
2020Q1,TP.AB.N06,TP_AB_N06,2A Net Uluslararası Rezervler (1+2+3),net_international_reserves,HAFTALIK(CUMA),quarterly,last,210154127.0,available_calendar_unverified,13,13,0,2020-01-03,2020-03-27,2020-03-27,,,null,,calendar_unverified,2020-03-27,2020-03-27,2020-01-03,2020-03-27,4,target_period_aggregate,quarterly,False,,,
2020Q1,TP.AB.N07,TP_AB_N07,2A1 Brüt Döviz Rezervleri,gross_fx_reserves,HAFTALIK(CUMA),quarterly,last,616896641.0,available_calendar_unverified,13,13,0,2020-01-03,2020-03-27,2020-03-27,,,null,,calendar_unverified,2020-03-27,2020-03-27,2020-01-03,2020-03-27,4,target_period_aggregate,quarterly,False,,,
2020Q1,TP.BTO3,TP_BTO3,Karşılıksız Çek Adedi,bounced_check_count,AYLIK,quarterly,sum,40639.0,available,3,3,0,2020-01,2020-03,2020-03-31,3.0,0.0,[],True,complete,,,2020-01-31,2020-03-31,0,target_period_aggregate,quarterly,False,,,
2020Q1,TP.BTO4,TP_BTO4,Karşılıksız Çek Tutarı (Bin TL),bounced_check_amount,AYLIK,quarterly,sum,2299862.062,available,3,3,0,2020-01,2020-03,2020-03-31,3.0,0.0,[],True,complete,,,2020-01-31,2020-03-31,0,target_period_aggregate,quarterly,False,,,
2020Q1,TP.ODEAYRSUNUM6.Q4,TP_ODEAYRSUNUM6_Q4,1.1.Dış Ticaret Dengesi,trade_balance,AYLIK,quarterly,sum,-9616.0,available,3,3,0,2020-01,2020-03,2020-03-31,3.0,0.0,[],True,complete,,,2020-01-31,2020-03-31,0,target_period_aggregate,quarterly,False,,,
2020Q1,TP.PBD.H01,TP_PBD_H01,1.M1,money_supply_m1,AYLIK,quarterly,last,857402770.0,available,3,3,0,2020-01,2020-03,2020-03-31,3.0,0.0,[],True,complete,2020-03,2020-03-31,2020-01-31,2020-03-31,0,target_period_aggregate,quarterly,False,,,
2020Q1,TP.PBD.H09,TP_PBD_H09,2.M2,money_supply_m2,AYLIK,quarterly,last,2681493623.0,available,3,3,0,2020-01,2020-03,2020-03-31,3.0,0.0,[],True,complete,2020-03,2020-03-31,2020-01-31,2020-03-31,0,target_period_aggregate,quarterly,False,,,
2020Q1,TP.PBD.H17,TP_PBD_H17,5.M3 (2005/12 sonrası),money_supply_m3,AYLIK,quarterly,last,2795598843.0,available,3,3,0,2020-01,2020-03,2020-03-31,3.0,0.0,[],True,complete,2020-03,2020-03-31,2020-01-31,2020-03-31,0,target_period_aggregate,quarterly,False,,,
2020Q1,TP.TARIMUFE01,TP_TARIMUFE01,"Tarım, Ormancılık ve Balıkçılık",agri_ppi,AYLIK,quarterly,mean,94.46666666666665,available,3,3,0,2020-01,2020-03,2020-03-31,3.0,0.0,[],True,complete,,,2020-01-31,2020-03-31,0,target_period_aggregate,quarterly,False,,,
2020Q2,TP.AB.N06,TP_AB_N06,2A Net Uluslararası Rezervler (1+2+3),net_international_reserves,HAFTALIK(CUMA),quarterly,last,199031673.0,available_calendar_unverified,13,13,0,2020-04-03,2020-06-26,2020-06-26,,,null,,calendar_unverified,2020-06-26,2020-06-26,2020-04-03,2020-06-26,4,target_period_aggregate,quarterly,False,,,
2020Q2,TP.AB.N07,TP_AB_N07,2A1 Brüt Döviz Rezervleri,gross_fx_reserves,HAFTALIK(CUMA),quarterly,last,618631361.0,available_calendar_unverified,13,13,0,2020-04-03,2020-06-26,2020-06-26,,,null,,calendar_unverified,2020-06-26,2020-06-26,2020-04-03,2020-06-26,4,target_period_aggregate,quarterly,False,,,
2020Q2,TP.BTO3,TP_BTO3,Karşılıksız Çek Adedi,bounced_check_count,AYLIK,quarterly,sum,52329.0,available,3,3,0,2020-04,2020-06,2020-06-30,3.0,0.0,[],True,complete,,,2020-04-30,2020-06-30,0,target_period_aggregate,quarterly,False,,,
2020Q2,TP.BTO4,TP_BTO4,Karşılıksız Çek Tutarı (Bin TL),bounced_check_amount,AYLIK,quarterly,sum,2860433.045,available,3,3,0,2020-04,2020-06,2020-06-30,3.0,0.0,[],True,complete,,,2020-04-30,2020-06-30,0,target_period_aggregate,quarterly,False,,,
2020Q2,TP.ODEAYRSUNUM6.Q4,TP_ODEAYRSUNUM6_Q4,1.1.Dış Ticaret Dengesi,trade_balance,AYLIK,quarterly,sum,-8652.0,available,3,3,0,2020-04,2020-06,2020-06-30,3.0,0.0,[],True,complete,,,2020-04-30,2020-06-30,0,target_period_aggregate,quarterly,False,,,
2020Q2,TP.PBD.H01,TP_PBD_H01,1.M1,money_supply_m1,AYLIK,quarterly,last,1108193635.0,available,3,3,0,2020-04,2020-06,2020-06-30,3.0,0.0,[],True,complete,2020-06,2020-06-30,2020-04-30,2020-06-30,0,target_period_aggregate,quarterly,False,,,
2020Q2,TP.PBD.H09,TP_PBD_H09,2.M2,money_supply_m2,AYLIK,quarterly,last,3001226936.0,available,3,3,0,2020-04,2020-06,2020-06-30,3.0,0.0,[],True,complete,2020-06,2020-06-30,2020-04-30,2020-06-30,0,target_period_aggregate,quarterly,False,,,
2020Q2,TP.PBD.H17,TP_PBD_H17,5.M3 (2005/12 sonrası),money_supply_m3,AYLIK,quarterly,last,3134310780.0,available,3,3,0,2020-04,2020-06,2020-06-30,3.0,0.0,[],True,complete,2020-06,2020-06-30,2020-04-30,2020-06-30,0,target_period_aggregate,quarterly,False,,,
2020Q2,TP.TARIMUFE01,TP_TARIMUFE01,"Tarım, Ormancılık ve Balıkçılık",agri_ppi,AYLIK,quarterly,mean,97.94,available,3,3,0,2020-04,2020-06,2020-06-30,3.0,0.0,[],True,complete,,,2020-04-30,2020-06-30,0,target_period_aggregate,quarterly,False,,,
2020Q3,TP.AB.N06,TP_AB_N06,2A Net Uluslararası Rezervler (1+2+3),net_international_reserves,HAFTALIK(CUMA),quarterly,last,129893102.0,available_calendar_unverified,13,13,0,2020-07-03,2020-09-25,2020-09-25,,,null,,calendar_unverified,2020-09-25,2020-09-25,2020-07-03,2020-09-25,5,target_period_aggregate,quarterly,False,,,
2020Q3,TP.AB.N07,TP_AB_N07,2A1 Brüt Döviz Rezervleri,gross_fx_reserves,HAFTALIK(CUMA),quarterly,last,641285212.0,available_calendar_unverified,13,13,0,2020-07-03,2020-09-25,2020-09-25,,,null,,calendar_unverified,2020-09-25,2020-09-25,2020-07-03,2020-09-25,5,target_period_aggregate,quarterly,False,,,
2020Q3,TP.BTO3,TP_BTO3,Karşılıksız Çek Adedi,bounced_check_count,AYLIK,quarterly,sum,27785.0,available,3,3,0,2020-07,2020-09,2020-09-30,3.0,0.0,[],True,complete,,,2020-07-31,2020-09-30,0,target_period_aggregate,quarterly,False,,,
2020Q3,TP.BTO4,TP_BTO4,Karşılıksız Çek Tutarı (Bin TL),bounced_check_amount,AYLIK,quarterly,sum,2248175.114,available,3,3,0,2020-07,2020-09,2020-09-30,3.0,0.0,[],True,complete,,,2020-07-31,2020-09-30,0,target_period_aggregate,quarterly,False,,,
2020Q3,TP.ODEAYRSUNUM6.Q4,TP_ODEAYRSUNUM6_Q4,1.1.Dış Ticaret Dengesi,trade_balance,AYLIK,quarterly,sum,-11092.0,available,3,3,0,2020-07,2020-09,2020-09-30,3.0,0.0,[],True,complete,,,2020-07-31,2020-09-30,0,target_period_aggregate,quarterly,False,,,
2020Q3,TP.PBD.H01,TP_PBD_H01,1.M1,money_supply_m1,AYLIK,quarterly,last,1239060931.0,available,3,3,0,2020-07,2020-09,2020-09-30,3.0,0.0,[],True,complete,2020-09,2020-09-30,2020-07-31,2020-09-30,0,target_period_aggregate,quarterly,False,,,
2020Q3,TP.PBD.H09,TP_PBD_H09,2.M2,money_supply_m2,AYLIK,quarterly,last,3273110992.0,available,3,3,0,2020-07,2020-09,2020-09-30,3.0,0.0,[],True,complete,2020-09,2020-09-30,2020-07-31,2020-09-30,0,target_period_aggregate,quarterly,False,,,
2020Q3,TP.PBD.H17,TP_PBD_H17,5.M3 (2005/12 sonrası),money_supply_m3,AYLIK,quarterly,last,3379207000.0,available,3,3,0,2020-07,2020-09,2020-09-30,3.0,0.0,[],True,complete,2020-09,2020-09-30,2020-07-31,2020-09-30,0,target_period_aggregate,quarterly,False,,,
2020Q3,TP.TARIMUFE01,TP_TARIMUFE01,"Tarım, Ormancılık ve Balıkçılık",agri_ppi,AYLIK,quarterly,mean,96.58999999999999,available,3,3,0,2020-07,2020-09,2020-09-30,3.0,0.0,[],True,complete,,,2020-07-31,2020-09-30,0,target_period_aggregate,quarterly,False,,,
2020Q4,TP.AB.N06,TP_AB_N06,2A Net Uluslararası Rezervler (1+2+3),net_international_reserves,HAFTALIK(CUMA),quarterly,last,118321410.0,available_calendar_unverified,13,13,0,2020-10-02,2020-12-25,2020-12-25,,,null,,calendar_unverified,2020-12-25,2020-12-25,2020-10-02,2020-12-25,6,target_period_aggregate,quarterly,False,,,
2020Q4,TP.AB.N07,TP_AB_N07,2A1 Brüt Döviz Rezervleri,gross_fx_reserves,HAFTALIK(CUMA),quarterly,last,722274315.0,available_calendar_unverified,13,13,0,2020-10-02,2020-12-25,2020-12-25,,,null,,calendar_unverified,2020-12-25,2020-12-25,2020-10-02,2020-12-25,6,target_period_aggregate,quarterly,False,,,
2020Q4,TP.BTO3,TP_BTO3,Karşılıksız Çek Adedi,bounced_check_count,AYLIK,quarterly,sum,24449.0,available,3,3,0,2020-10,2020-12,2020-12-31,3.0,0.0,[],True,complete,,,2020-10-31,2020-12-31,0,target_period_aggregate,quarterly,False,,,
2020Q4,TP.BTO4,TP_BTO4,Karşılıksız Çek Tutarı (Bin TL),bounced_check_amount,AYLIK,quarterly,sum,1817511.4440000001,available,3,3,0,2020-10,2020-12,2020-12-31,3.0,0.0,[],True,complete,,,2020-10-31,2020-12-31,0,target_period_aggregate,quarterly,False,,,
2020Q4,TP.ODEAYRSUNUM6.Q4,TP_ODEAYRSUNUM6_Q4,1.1.Dış Ticaret Dengesi,trade_balance,AYLIK,quarterly,sum,-8516.0,available,3,3,0,2020-10,2020-12,2020-12-31,3.0,0.0,[],True,complete,,,2020-10-31,2020-12-31,0,target_period_aggregate,quarterly,False,,,
2020Q4,TP.PBD.H01,TP_PBD_H01,1.M1,money_supply_m1,AYLIK,quarterly,last,1219207540.0,available,3,3,0,2020-10,2020-12,2020-12-31,3.0,0.0,[],True,complete,2020-12,2020-12-31,2020-10-31,2020-12-31,0,target_period_aggregate,quarterly,False,,,
2020Q4,TP.PBD.H09,TP_PBD_H09,2.M2,money_supply_m2,AYLIK,quarterly,last,3326512024.0,available,3,3,0,2020-10,2020-12,2020-12-31,3.0,0.0,[],True,complete,2020-12,2020-12-31,2020-10-31,2020-12-31,0,target_period_aggregate,quarterly,False,,,
2020Q4,TP.PBD.H17,TP_PBD_H17,5.M3 (2005/12 sonrası),money_supply_m3,AYLIK,quarterly,last,3421903274.0,available,3,3,0,2020-10,2020-12,2020-12-31,3.0,0.0,[],True,complete,2020-12,2020-12-31,2020-10-31,2020-12-31,0,target_period_aggregate,quarterly,False,,,
2020Q4,TP.TARIMUFE01,TP_TARIMUFE01,"Tarım, Ormancılık ve Balıkçılık",agri_ppi,AYLIK,quarterly,mean,107.58666666666666,available,3,3,0,2020-10,2020-12,2020-12-31,3.0,0.0,[],True,complete,,,2020-10-31,2020-12-31,0,target_period_aggregate,quarterly,False,,,
2021Q1,TP.AB.N06,TP_AB_N06,2A Net Uluslararası Rezervler (1+2+3),net_international_reserves,HAFTALIK(CUMA),quarterly,last,101545716.0,available_calendar_unverified,13,13,0,2021-01-01,2021-03-26,2021-03-26,,,null,,calendar_unverified,2021-03-26,2021-03-26,2021-01-01,2021-03-26,5,target_period_aggregate,quarterly,False,,,
2021Q1,TP.AB.N07,TP_AB_N07,2A1 Brüt Döviz Rezervleri,gross_fx_reserves,HAFTALIK(CUMA),quarterly,last,721012039.0,available_calendar_unverified,13,13,0,2021-01-01,2021-03-26,2021-03-26,,,null,,calendar_unverified,2021-03-26,2021-03-26,2021-01-01,2021-03-26,5,target_period_aggregate,quarterly,False,,,
2021Q1,TP.BTO3,TP_BTO3,Karşılıksız Çek Adedi,bounced_check_count,AYLIK,quarterly,sum,23817.0,available,3,3,0,2021-01,2021-03,2021-03-31,3.0,0.0,[],True,complete,,,2021-01-31,2021-03-31,0,target_period_aggregate,quarterly,False,,,
2021Q1,TP.BTO4,TP_BTO4,Karşılıksız Çek Tutarı (Bin TL),bounced_check_amount,AYLIK,quarterly,sum,1880174.279,available,3,3,0,2021-01,2021-03,2021-03-31,3.0,0.0,[],True,complete,,,2021-01-31,2021-03-31,0,target_period_aggregate,quarterly,False,,,
2021Q1,TP.ODEAYRSUNUM6.Q4,TP_ODEAYRSUNUM6_Q4,1.1.Dış Ticaret Dengesi,trade_balance,AYLIK,quarterly,sum,-6998.0,available,3,3,0,2021-01,2021-03,2021-03-31,3.0,0.0,[],True,complete,,,2021-01-31,2021-03-31,0,target_period_aggregate,quarterly,False,,,
2021Q1,TP.PBD.H01,TP_PBD_H01,1.M1,money_supply_m1,AYLIK,quarterly,last,1249799033.0,available,3,3,0,2021-01,2021-03,2021-03-31,3.0,0.0,[],True,complete,2021-03,2021-03-31,2021-01-31,2021-03-31,0,target_period_aggregate,quarterly,False,,,
2021Q1,TP.PBD.H09,TP_PBD_H09,2.M2,money_supply_m2,AYLIK,quarterly,last,3519147499.0,available,3,3,0,2021-01,2021-03,2021-03-31,3.0,0.0,[],True,complete,2021-03,2021-03-31,2021-01-31,2021-03-31,0,target_period_aggregate,quarterly,False,,,
2021Q1,TP.PBD.H17,TP_PBD_H17,5.M3 (2005/12 sonrası),money_supply_m3,AYLIK,quarterly,last,3618987820.0,available,3,3,0,2021-01,2021-03,2021-03-31,3.0,0.0,[],True,complete,2021-03,2021-03-31,2021-01-31,2021-03-31,0,target_period_aggregate,quarterly,False,,,
2021Q1,TP.TARIMUFE01,TP_TARIMUFE01,"Tarım, Ormancılık ve Balıkçılık",agri_ppi,AYLIK,quarterly,mean,116.55000000000001,available,3,3,0,2021-01,2021-03,2021-03-31,3.0,0.0,[],True,complete,,,2021-01-31,2021-03-31,0,target_period_aggregate,quarterly,False,,,
2021Q2,TP.AB.N06,TP_AB_N06,2A Net Uluslararası Rezervler (1+2+3),net_international_reserves,HAFTALIK(CUMA),quarterly,last,181101279.0,available_calendar_unverified,13,13,0,2021-04-02,2021-06-25,2021-06-25,,,null,,calendar_unverified,2021-06-25,2021-06-25,2021-04-02,2021-06-25,5,target_period_aggregate,quarterly,False,,,
2021Q2,TP.AB.N07,TP_AB_N07,2A1 Brüt Döviz Rezervleri,gross_fx_reserves,HAFTALIK(CUMA),quarterly,last,868705425.0,available_calendar_unverified,13,13,0,2021-04-02,2021-06-25,2021-06-25,,,null,,calendar_unverified,2021-06-25,2021-06-25,2021-04-02,2021-06-25,5,target_period_aggregate,quarterly,False,,,
2021Q2,TP.BTO3,TP_BTO3,Karşılıksız Çek Adedi,bounced_check_count,AYLIK,quarterly,sum,29408.0,available,3,3,0,2021-04,2021-06,2021-06-30,3.0,0.0,[],True,complete,,,2021-04-30,2021-06-30,0,target_period_aggregate,quarterly,False,,,
2021Q2,TP.BTO4,TP_BTO4,Karşılıksız Çek Tutarı (Bin TL),bounced_check_amount,AYLIK,quarterly,sum,2361012.247,available,3,3,0,2021-04,2021-06,2021-06-30,3.0,0.0,[],True,complete,,,2021-04-30,2021-06-30,0,target_period_aggregate,quarterly,False,,,
2021Q2,TP.ODEAYRSUNUM6.Q4,TP_ODEAYRSUNUM6_Q4,1.1.Dış Ticaret Dengesi,trade_balance,AYLIK,quarterly,sum,-6436.0,available,3,3,0,2021-04,2021-06,2021-06-30,3.0,0.0,[],True,complete,,,2021-04-30,2021-06-30,0,target_period_aggregate,quarterly,False,,,
2021Q2,TP.PBD.H01,TP_PBD_H01,1.M1,money_supply_m1,AYLIK,quarterly,last,1384256091.0,available,3,3,0,2021-04,2021-06,2021-06-30,3.0,0.0,[],True,complete,2021-06,2021-06-30,2021-04-30,2021-06-30,0,target_period_aggregate,quarterly,False,,,
2021Q2,TP.PBD.H09,TP_PBD_H09,2.M2,money_supply_m2,AYLIK,quarterly,last,3763771681.0,available,3,3,0,2021-04,2021-06,2021-06-30,3.0,0.0,[],True,complete,2021-06,2021-06-30,2021-04-30,2021-06-30,0,target_period_aggregate,quarterly,False,,,
2021Q2,TP.PBD.H17,TP_PBD_H17,5.M3 (2005/12 sonrası),money_supply_m3,AYLIK,quarterly,last,3876874389.0,available,3,3,0,2021-04,2021-06,2021-06-30,3.0,0.0,[],True,complete,2021-06,2021-06-30,2021-04-30,2021-06-30,0,target_period_aggregate,quarterly,False,,,
2021Q2,TP.TARIMUFE01,TP_TARIMUFE01,"Tarım, Ormancılık ve Balıkçılık",agri_ppi,AYLIK,quarterly,mean,123.91666666666667,available,3,3,0,2021-04,2021-06,2021-06-30,3.0,0.0,[],True,complete,,,2021-04-30,2021-06-30,0,target_period_aggregate,quarterly,False,,,
2021Q3,TP.AB.N06,TP_AB_N06,2A Net Uluslararası Rezervler (1+2+3),net_international_reserves,HAFTALIK(CUMA),quarterly,last,263467121.0,available_calendar_unverified,13,13,0,2021-07-02,2021-09-24,2021-09-24,,,null,,calendar_unverified,2021-09-24,2021-09-24,2021-07-02,2021-09-24,6,target_period_aggregate,quarterly,False,,,
2021Q3,TP.AB.N07,TP_AB_N07,2A1 Brüt Döviz Rezervleri,gross_fx_reserves,HAFTALIK(CUMA),quarterly,last,1058103992.0,available_calendar_unverified,13,13,0,2021-07-02,2021-09-24,2021-09-24,,,null,,calendar_unverified,2021-09-24,2021-09-24,2021-07-02,2021-09-24,6,target_period_aggregate,quarterly,False,,,
2021Q3,TP.BTO3,TP_BTO3,Karşılıksız Çek Adedi,bounced_check_count,AYLIK,quarterly,sum,32257.0,available,3,3,0,2021-07,2021-09,2021-09-30,3.0,0.0,[],True,complete,,,2021-07-31,2021-09-30,0,target_period_aggregate,quarterly,False,,,
2021Q3,TP.BTO4,TP_BTO4,Karşılıksız Çek Tutarı (Bin TL),bounced_check_amount,AYLIK,quarterly,sum,2880380.5769999996,available,3,3,0,2021-07,2021-09,2021-09-30,3.0,0.0,[],True,complete,,,2021-07-31,2021-09-30,0,target_period_aggregate,quarterly,False,,,
2021Q3,TP.ODEAYRSUNUM6.Q4,TP_ODEAYRSUNUM6_Q4,1.1.Dış Ticaret Dengesi,trade_balance,AYLIK,quarterly,sum,-7159.0,available,3,3,0,2021-07,2021-09,2021-09-30,3.0,0.0,[],True,complete,,,2021-07-31,2021-09-30,0,target_period_aggregate,quarterly,False,,,
2021Q3,TP.PBD.H01,TP_PBD_H01,1.M1,money_supply_m1,AYLIK,quarterly,last,1464391168.0,available,3,3,0,2021-07,2021-09,2021-09-30,3.0,0.0,[],True,complete,2021-09,2021-09-30,2021-07-31,2021-09-30,0,target_period_aggregate,quarterly,False,,,
2021Q3,TP.PBD.H09,TP_PBD_H09,2.M2,money_supply_m2,AYLIK,quarterly,last,3993750060.0,available,3,3,0,2021-07,2021-09,2021-09-30,3.0,0.0,[],True,complete,2021-09,2021-09-30,2021-07-31,2021-09-30,0,target_period_aggregate,quarterly,False,,,
2021Q3,TP.PBD.H17,TP_PBD_H17,5.M3 (2005/12 sonrası),money_supply_m3,AYLIK,quarterly,last,4112493558.0,available,3,3,0,2021-07,2021-09,2021-09-30,3.0,0.0,[],True,complete,2021-09,2021-09-30,2021-07-31,2021-09-30,0,target_period_aggregate,quarterly,False,,,
2021Q3,TP.TARIMUFE01,TP_TARIMUFE01,"Tarım, Ormancılık ve Balıkçılık",agri_ppi,AYLIK,quarterly,mean,128.87333333333333,available,3,3,0,2021-07,2021-09,2021-09-30,3.0,0.0,[],True,complete,,,2021-07-31,2021-09-30,0,target_period_aggregate,quarterly,False,,,
2021Q4,TP.AB.N06,TP_AB_N06,2A Net Uluslararası Rezervler (1+2+3),net_international_reserves,HAFTALIK(CUMA),quarterly,last,108219096.0,available_calendar_unverified,14,14,0,2021-10-01,2021-12-31,2021-12-31,,,null,,calendar_unverified,2021-12-31,2021-12-31,2021-10-01,2021-12-31,0,target_period_aggregate,quarterly,False,,,
2021Q4,TP.AB.N07,TP_AB_N07,2A1 Brüt Döviz Rezervleri,gross_fx_reserves,HAFTALIK(CUMA),quarterly,last,1443673160.0,available_calendar_unverified,14,14,0,2021-10-01,2021-12-31,2021-12-31,,,null,,calendar_unverified,2021-12-31,2021-12-31,2021-10-01,2021-12-31,0,target_period_aggregate,quarterly,False,,,
2021Q4,TP.BTO3,TP_BTO3,Karşılıksız Çek Adedi,bounced_check_count,AYLIK,quarterly,sum,27992.0,available,3,3,0,2021-10,2021-12,2021-12-31,3.0,0.0,[],True,complete,,,2021-10-31,2021-12-31,0,target_period_aggregate,quarterly,False,,,
2021Q4,TP.BTO4,TP_BTO4,Karşılıksız Çek Tutarı (Bin TL),bounced_check_amount,AYLIK,quarterly,sum,2790572.039,available,3,3,0,2021-10,2021-12,2021-12-31,3.0,0.0,[],True,complete,,,2021-10-31,2021-12-31,0,target_period_aggregate,quarterly,False,,,
2021Q4,TP.ODEAYRSUNUM6.Q4,TP_ODEAYRSUNUM6_Q4,1.1.Dış Ticaret Dengesi,trade_balance,AYLIK,quarterly,sum,-8726.0,available,3,3,0,2021-10,2021-12,2021-12-31,3.0,0.0,[],True,complete,,,2021-10-31,2021-12-31,0,target_period_aggregate,quarterly,False,,,
2021Q4,TP.PBD.H01,TP_PBD_H01,1.M1,money_supply_m1,AYLIK,quarterly,last,2111942760.0,available,3,3,0,2021-10,2021-12,2021-12-31,3.0,0.0,[],True,complete,2021-12,2021-12-31,2021-10-31,2021-12-31,0,target_period_aggregate,quarterly,False,,,
2021Q4,TP.PBD.H09,TP_PBD_H09,2.M2,money_supply_m2,AYLIK,quarterly,last,5108132702.0,available,3,3,0,2021-10,2021-12,2021-12-31,3.0,0.0,[],True,complete,2021-12,2021-12-31,2021-10-31,2021-12-31,0,target_period_aggregate,quarterly,False,,,
2021Q4,TP.PBD.H17,TP_PBD_H17,5.M3 (2005/12 sonrası),money_supply_m3,AYLIK,quarterly,last,5209545803.0,available,3,3,0,2021-10,2021-12,2021-12-31,3.0,0.0,[],True,complete,2021-12,2021-12-31,2021-10-31,2021-12-31,0,target_period_aggregate,quarterly,False,,,
2021Q4,TP.TARIMUFE01,TP_TARIMUFE01,"Tarım, Ormancılık ve Balıkçılık",agri_ppi,AYLIK,quarterly,mean,149.14333333333332,available,3,3,0,2021-10,2021-12,2021-12-31,3.0,0.0,[],True,complete,,,2021-10-31,2021-12-31,0,target_period_aggregate,quarterly,False,,,
2022Q1,TP.AB.N06,TP_AB_N06,2A Net Uluslararası Rezervler (1+2+3),net_international_reserves,HAFTALIK(CUMA),quarterly,last,236507703.0,available_calendar_unverified,12,12,0,2022-01-07,2022-03-25,2022-03-25,,,null,,calendar_unverified,2022-03-25,2022-03-25,2022-01-07,2022-03-25,6,target_period_aggregate,quarterly,False,,,
2022Q1,TP.AB.N07,TP_AB_N07,2A1 Brüt Döviz Rezervleri,gross_fx_reserves,HAFTALIK(CUMA),quarterly,last,1604371946.0,available_calendar_unverified,12,12,0,2022-01-07,2022-03-25,2022-03-25,,,null,,calendar_unverified,2022-03-25,2022-03-25,2022-01-07,2022-03-25,6,target_period_aggregate,quarterly,False,,,
2022Q1,TP.BTO3,TP_BTO3,Karşılıksız Çek Adedi,bounced_check_count,AYLIK,quarterly,sum,23948.0,available,3,3,0,2022-01,2022-03,2022-03-31,3.0,0.0,[],True,complete,,,2022-01-31,2022-03-31,0,target_period_aggregate,quarterly,False,,,
2022Q1,TP.BTO4,TP_BTO4,Karşılıksız Çek Tutarı (Bin TL),bounced_check_amount,AYLIK,quarterly,sum,2875784.4869999997,available,3,3,0,2022-01,2022-03,2022-03-31,3.0,0.0,[],True,complete,,,2022-01-31,2022-03-31,0,target_period_aggregate,quarterly,False,,,
2022Q1,TP.ODEAYRSUNUM6.Q4,TP_ODEAYRSUNUM6_Q4,1.1.Dış Ticaret Dengesi,trade_balance,AYLIK,quarterly,sum,-21324.0,available,3,3,0,2022-01,2022-03,2022-03-31,3.0,0.0,[],True,complete,,,2022-01-31,2022-03-31,0,target_period_aggregate,quarterly,False,,,
2022Q1,TP.PBD.H01,TP_PBD_H01,1.M1,money_supply_m1,AYLIK,quarterly,last,2270719959.0,available,3,3,0,2022-01,2022-03,2022-03-31,3.0,0.0,[],True,complete,2022-03,2022-03-31,2022-01-31,2022-03-31,0,target_period_aggregate,quarterly,False,,,
2022Q1,TP.PBD.H09,TP_PBD_H09,2.M2,money_supply_m2,AYLIK,quarterly,last,5699858632.0,available,3,3,0,2022-01,2022-03,2022-03-31,3.0,0.0,[],True,complete,2022-03,2022-03-31,2022-01-31,2022-03-31,0,target_period_aggregate,quarterly,False,,,
2022Q1,TP.PBD.H17,TP_PBD_H17,5.M3 (2005/12 sonrası),money_supply_m3,AYLIK,quarterly,last,5796602081.0,available,3,3,0,2022-01,2022-03,2022-03-31,3.0,0.0,[],True,complete,2022-03,2022-03-31,2022-01-31,2022-03-31,0,target_period_aggregate,quarterly,False,,,
2022Q1,TP.TARIMUFE01,TP_TARIMUFE01,"Tarım, Ormancılık ve Balıkçılık",agri_ppi,AYLIK,quarterly,mean,210.01666666666665,available,3,3,0,2022-01,2022-03,2022-03-31,3.0,0.0,[],True,complete,,,2022-01-31,2022-03-31,0,target_period_aggregate,quarterly,False,,,
2022Q2,TP.AB.N06,TP_AB_N06,2A Net Uluslararası Rezervler (1+2+3),net_international_reserves,HAFTALIK(CUMA),quarterly,last,130637471.0,available_calendar_unverified,13,13,0,2022-04-01,2022-06-24,2022-06-24,,,null,,calendar_unverified,2022-06-24,2022-06-24,2022-04-01,2022-06-24,6,target_period_aggregate,quarterly,False,,,
2022Q2,TP.AB.N07,TP_AB_N07,2A1 Brüt Döviz Rezervleri,gross_fx_reserves,HAFTALIK(CUMA),quarterly,last,1771569296.0,available_calendar_unverified,13,13,0,2022-04-01,2022-06-24,2022-06-24,,,null,,calendar_unverified,2022-06-24,2022-06-24,2022-04-01,2022-06-24,6,target_period_aggregate,quarterly,False,,,
2022Q2,TP.BTO3,TP_BTO3,Karşılıksız Çek Adedi,bounced_check_count,AYLIK,quarterly,sum,20403.0,available,3,3,0,2022-04,2022-06,2022-06-30,3.0,0.0,[],True,complete,,,2022-04-30,2022-06-30,0,target_period_aggregate,quarterly,False,,,
2022Q2,TP.BTO4,TP_BTO4,Karşılıksız Çek Tutarı (Bin TL),bounced_check_amount,AYLIK,quarterly,sum,2786497.651,available,3,3,0,2022-04,2022-06,2022-06-30,3.0,0.0,[],True,complete,,,2022-04-30,2022-06-30,0,target_period_aggregate,quarterly,False,,,
2022Q2,TP.ODEAYRSUNUM6.Q4,TP_ODEAYRSUNUM6_Q4,1.1.Dış Ticaret Dengesi,trade_balance,AYLIK,quarterly,sum,-19609.0,available,3,3,0,2022-04,2022-06,2022-06-30,3.0,0.0,[],True,complete,,,2022-04-30,2022-06-30,0,target_period_aggregate,quarterly,False,,,
2022Q2,TP.PBD.H01,TP_PBD_H01,1.M1,money_supply_m1,AYLIK,quarterly,last,2556449704.0,available,3,3,0,2022-04,2022-06,2022-06-30,3.0,0.0,[],True,complete,2022-06,2022-06-30,2022-04-30,2022-06-30,0,target_period_aggregate,quarterly,False,,,
2022Q2,TP.PBD.H09,TP_PBD_H09,2.M2,money_supply_m2,AYLIK,quarterly,last,6428508832.0,available,3,3,0,2022-04,2022-06,2022-06-30,3.0,0.0,[],True,complete,2022-06,2022-06-30,2022-04-30,2022-06-30,0,target_period_aggregate,quarterly,False,,,
2022Q2,TP.PBD.H17,TP_PBD_H17,5.M3 (2005/12 sonrası),money_supply_m3,AYLIK,quarterly,last,6529719172.0,available,3,3,0,2022-04,2022-06,2022-06-30,3.0,0.0,[],True,complete,2022-06,2022-06-30,2022-04-30,2022-06-30,0,target_period_aggregate,quarterly,False,,,
2022Q2,TP.TARIMUFE01,TP_TARIMUFE01,"Tarım, Ormancılık ve Balıkçılık",agri_ppi,AYLIK,quarterly,mean,276.87,available,3,3,0,2022-04,2022-06,2022-06-30,3.0,0.0,[],True,complete,,,2022-04-30,2022-06-30,0,target_period_aggregate,quarterly,False,,,
2022Q3,TP.AB.N06,TP_AB_N06,2A Net Uluslararası Rezervler (1+2+3),net_international_reserves,HAFTALIK(CUMA),quarterly,last,179900087.0,available_calendar_unverified,14,14,0,2022-07-01,2022-09-30,2022-09-30,,,null,,calendar_unverified,2022-09-30,2022-09-30,2022-07-01,2022-09-30,0,target_period_aggregate,quarterly,False,,,
2022Q3,TP.AB.N07,TP_AB_N07,2A1 Brüt Döviz Rezervleri,gross_fx_reserves,HAFTALIK(CUMA),quarterly,last,1984322053.0,available_calendar_unverified,14,14,0,2022-07-01,2022-09-30,2022-09-30,,,null,,calendar_unverified,2022-09-30,2022-09-30,2022-07-01,2022-09-30,0,target_period_aggregate,quarterly,False,,,
2022Q3,TP.BTO3,TP_BTO3,Karşılıksız Çek Adedi,bounced_check_count,AYLIK,quarterly,sum,21576.0,available,3,3,0,2022-07,2022-09,2022-09-30,3.0,0.0,[],True,complete,,,2022-07-31,2022-09-30,0,target_period_aggregate,quarterly,False,,,
2022Q3,TP.BTO4,TP_BTO4,Karşılıksız Çek Tutarı (Bin TL),bounced_check_amount,AYLIK,quarterly,sum,3645964.9910000004,available,3,3,0,2022-07,2022-09,2022-09-30,3.0,0.0,[],True,complete,,,2022-07-31,2022-09-30,0,target_period_aggregate,quarterly,False,,,
2022Q3,TP.ODEAYRSUNUM6.Q4,TP_ODEAYRSUNUM6_Q4,1.1.Dış Ticaret Dengesi,trade_balance,AYLIK,quarterly,sum,-26955.0,available,3,3,0,2022-07,2022-09,2022-09-30,3.0,0.0,[],True,complete,,,2022-07-31,2022-09-30,0,target_period_aggregate,quarterly,False,,,
2022Q3,TP.PBD.H01,TP_PBD_H01,1.M1,money_supply_m1,AYLIK,quarterly,last,2841354575.0,available,3,3,0,2022-07,2022-09,2022-09-30,3.0,0.0,[],True,complete,2022-09,2022-09-30,2022-07-31,2022-09-30,0,target_period_aggregate,quarterly,False,,,
2022Q3,TP.PBD.H09,TP_PBD_H09,2.M2,money_supply_m2,AYLIK,quarterly,last,7475494815.0,available,3,3,0,2022-07,2022-09,2022-09-30,3.0,0.0,[],True,complete,2022-09,2022-09-30,2022-07-31,2022-09-30,0,target_period_aggregate,quarterly,False,,,
2022Q3,TP.PBD.H17,TP_PBD_H17,5.M3 (2005/12 sonrası),money_supply_m3,AYLIK,quarterly,last,7603202723.0,available,3,3,0,2022-07,2022-09,2022-09-30,3.0,0.0,[],True,complete,2022-09,2022-09-30,2022-07-31,2022-09-30,0,target_period_aggregate,quarterly,False,,,
2022Q3,TP.TARIMUFE01,TP_TARIMUFE01,"Tarım, Ormancılık ve Balıkçılık",agri_ppi,AYLIK,quarterly,mean,290.0,available,3,3,0,2022-07,2022-09,2022-09-30,3.0,0.0,[],True,complete,,,2022-07-31,2022-09-30,0,target_period_aggregate,quarterly,False,,,
2022Q4,TP.AB.N06,TP_AB_N06,2A Net Uluslararası Rezervler (1+2+3),net_international_reserves,HAFTALIK(CUMA),quarterly,last,514984319.0,available_calendar_unverified,13,13,0,2022-10-07,2022-12-30,2022-12-30,,,null,,calendar_unverified,2022-12-30,2022-12-30,2022-10-07,2022-12-30,1,target_period_aggregate,quarterly,False,,,
2022Q4,TP.AB.N07,TP_AB_N07,2A1 Brüt Döviz Rezervleri,gross_fx_reserves,HAFTALIK(CUMA),quarterly,last,2410923801.0,available_calendar_unverified,13,13,0,2022-10-07,2022-12-30,2022-12-30,,,null,,calendar_unverified,2022-12-30,2022-12-30,2022-10-07,2022-12-30,1,target_period_aggregate,quarterly,False,,,
2022Q4,TP.BTO3,TP_BTO3,Karşılıksız Çek Adedi,bounced_check_count,AYLIK,quarterly,sum,22278.0,available,3,3,0,2022-10,2022-12,2022-12-31,3.0,0.0,[],True,complete,,,2022-10-31,2022-12-31,0,target_period_aggregate,quarterly,False,,,
2022Q4,TP.BTO4,TP_BTO4,Karşılıksız Çek Tutarı (Bin TL),bounced_check_amount,AYLIK,quarterly,sum,4675878.699,available,3,3,0,2022-10,2022-12,2022-12-31,3.0,0.0,[],True,complete,,,2022-10-31,2022-12-31,0,target_period_aggregate,quarterly,False,,,
2022Q4,TP.ODEAYRSUNUM6.Q4,TP_ODEAYRSUNUM6_Q4,1.1.Dış Ticaret Dengesi,trade_balance,AYLIK,quarterly,sum,-21697.0,available,3,3,0,2022-10,2022-12,2022-12-31,3.0,0.0,[],True,complete,,,2022-10-31,2022-12-31,0,target_period_aggregate,quarterly,False,,,
2022Q4,TP.PBD.H01,TP_PBD_H01,1.M1,money_supply_m1,AYLIK,quarterly,last,3116244497.0,available,3,3,0,2022-10,2022-12,2022-12-31,3.0,0.0,[],True,complete,2022-12,2022-12-31,2022-10-31,2022-12-31,0,target_period_aggregate,quarterly,False,,,
2022Q4,TP.PBD.H09,TP_PBD_H09,2.M2,money_supply_m2,AYLIK,quarterly,last,8209273693.0,available,3,3,0,2022-10,2022-12,2022-12-31,3.0,0.0,[],True,complete,2022-12,2022-12-31,2022-10-31,2022-12-31,0,target_period_aggregate,quarterly,False,,,
2022Q4,TP.PBD.H17,TP_PBD_H17,5.M3 (2005/12 sonrası),money_supply_m3,AYLIK,quarterly,last,8460684933.0,available,3,3,0,2022-10,2022-12,2022-12-31,3.0,0.0,[],True,complete,2022-12,2022-12-31,2022-10-31,2022-12-31,0,target_period_aggregate,quarterly,False,,,
2022Q4,TP.TARIMUFE01,TP_TARIMUFE01,"Tarım, Ormancılık ve Balıkçılık",agri_ppi,AYLIK,quarterly,mean,323.31333333333333,available,3,3,0,2022-10,2022-12,2022-12-31,3.0,0.0,[],True,complete,,,2022-10-31,2022-12-31,0,target_period_aggregate,quarterly,False,,,
2023Q1,TP.AB.N06,TP_AB_N06,2A Net Uluslararası Rezervler (1+2+3),net_international_reserves,HAFTALIK(CUMA),quarterly,last,353625802.0,available_calendar_unverified,13,13,0,2023-01-06,2023-03-31,2023-03-31,,,null,,calendar_unverified,2023-03-31,2023-03-31,2023-01-06,2023-03-31,0,target_period_aggregate,quarterly,False,,,
2023Q1,TP.AB.N07,TP_AB_N07,2A1 Brüt Döviz Rezervleri,gross_fx_reserves,HAFTALIK(CUMA),quarterly,last,2347521161.0,available_calendar_unverified,13,13,0,2023-01-06,2023-03-31,2023-03-31,,,null,,calendar_unverified,2023-03-31,2023-03-31,2023-01-06,2023-03-31,0,target_period_aggregate,quarterly,False,,,
2023Q1,TP.BTO3,TP_BTO3,Karşılıksız Çek Adedi,bounced_check_count,AYLIK,quarterly,sum,22743.0,available,3,3,0,2023-01,2023-03,2023-03-31,3.0,0.0,[],True,complete,,,2023-01-31,2023-03-31,0,target_period_aggregate,quarterly,False,,,
2023Q1,TP.BTO4,TP_BTO4,Karşılıksız Çek Tutarı (Bin TL),bounced_check_amount,AYLIK,quarterly,sum,6293214.321,available,3,3,0,2023-01,2023-03,2023-03-31,3.0,0.0,[],True,complete,,,2023-01-31,2023-03-31,0,target_period_aggregate,quarterly,False,,,
2023Q1,TP.ODEAYRSUNUM6.Q4,TP_ODEAYRSUNUM6_Q4,1.1.Dış Ticaret Dengesi,trade_balance,AYLIK,quarterly,sum,-29425.0,available,3,3,0,2023-01,2023-03,2023-03-31,3.0,0.0,[],True,complete,,,2023-01-31,2023-03-31,0,target_period_aggregate,quarterly,False,,,
2023Q1,TP.PBD.H01,TP_PBD_H01,1.M1,money_supply_m1,AYLIK,quarterly,last,3466881602.0,available,3,3,0,2023-01,2023-03,2023-03-31,3.0,0.0,[],True,complete,2023-03,2023-03-31,2023-01-31,2023-03-31,0,target_period_aggregate,quarterly,False,,,
2023Q1,TP.PBD.H09,TP_PBD_H09,2.M2,money_supply_m2,AYLIK,quarterly,last,9073195173.0,available,3,3,0,2023-01,2023-03,2023-03-31,3.0,0.0,[],True,complete,2023-03,2023-03-31,2023-01-31,2023-03-31,0,target_period_aggregate,quarterly,False,,,
2023Q1,TP.PBD.H17,TP_PBD_H17,5.M3 (2005/12 sonrası),money_supply_m3,AYLIK,quarterly,last,9285376613.0,available,3,3,0,2023-01,2023-03,2023-03-31,3.0,0.0,[],True,complete,2023-03,2023-03-31,2023-01-31,2023-03-31,0,target_period_aggregate,quarterly,False,,,
2023Q1,TP.TARIMUFE01,TP_TARIMUFE01,"Tarım, Ormancılık ve Balıkçılık",agri_ppi,AYLIK,quarterly,mean,381.18333333333334,available,3,3,0,2023-01,2023-03,2023-03-31,3.0,0.0,[],True,complete,,,2023-01-31,2023-03-31,0,target_period_aggregate,quarterly,False,,,
2023Q2,TP.AB.N06,TP_AB_N06,2A Net Uluslararası Rezervler (1+2+3),net_international_reserves,HAFTALIK(CUMA),quarterly,last,253709124.0,available_calendar_unverified,13,13,0,2023-04-07,2023-06-30,2023-06-30,,,null,,calendar_unverified,2023-06-30,2023-06-30,2023-04-07,2023-06-30,0,target_period_aggregate,quarterly,False,,,
2023Q2,TP.AB.N07,TP_AB_N07,2A1 Brüt Döviz Rezervleri,gross_fx_reserves,HAFTALIK(CUMA),quarterly,last,2809090237.0,available_calendar_unverified,13,13,0,2023-04-07,2023-06-30,2023-06-30,,,null,,calendar_unverified,2023-06-30,2023-06-30,2023-04-07,2023-06-30,0,target_period_aggregate,quarterly,False,,,
2023Q2,TP.BTO3,TP_BTO3,Karşılıksız Çek Adedi,bounced_check_count,AYLIK,quarterly,sum,27826.0,available,3,3,0,2023-04,2023-06,2023-06-30,3.0,0.0,[],True,complete,,,2023-04-30,2023-06-30,0,target_period_aggregate,quarterly,False,,,
2023Q2,TP.BTO4,TP_BTO4,Karşılıksız Çek Tutarı (Bin TL),bounced_check_amount,AYLIK,quarterly,sum,8054911.547,available,3,3,0,2023-04,2023-06,2023-06-30,3.0,0.0,[],True,complete,,,2023-04-30,2023-06-30,0,target_period_aggregate,quarterly,False,,,
2023Q2,TP.ODEAYRSUNUM6.Q4,TP_ODEAYRSUNUM6_Q4,1.1.Dış Ticaret Dengesi,trade_balance,AYLIK,quarterly,sum,-21283.0,available,3,3,0,2023-04,2023-06,2023-06-30,3.0,0.0,[],True,complete,,,2023-04-30,2023-06-30,0,target_period_aggregate,quarterly,False,,,
2023Q2,TP.PBD.H01,TP_PBD_H01,1.M1,money_supply_m1,AYLIK,quarterly,last,4194801091.0,available,3,3,0,2023-04,2023-06,2023-06-30,3.0,0.0,[],True,complete,2023-06,2023-06-30,2023-04-30,2023-06-30,0,target_period_aggregate,quarterly,False,,,
2023Q2,TP.PBD.H09,TP_PBD_H09,2.M2,money_supply_m2,AYLIK,quarterly,last,10874575044.0,available,3,3,0,2023-04,2023-06,2023-06-30,3.0,0.0,[],True,complete,2023-06,2023-06-30,2023-04-30,2023-06-30,0,target_period_aggregate,quarterly,False,,,
2023Q2,TP.PBD.H17,TP_PBD_H17,5.M3 (2005/12 sonrası),money_supply_m3,AYLIK,quarterly,last,11131819814.0,available,3,3,0,2023-04,2023-06,2023-06-30,3.0,0.0,[],True,complete,2023-06,2023-06-30,2023-04-30,2023-06-30,0,target_period_aggregate,quarterly,False,,,
2023Q2,TP.TARIMUFE01,TP_TARIMUFE01,"Tarım, Ormancılık ve Balıkçılık",agri_ppi,AYLIK,quarterly,mean,416.6133333333334,available,3,3,0,2023-04,2023-06,2023-06-30,3.0,0.0,[],True,complete,,,2023-04-30,2023-06-30,0,target_period_aggregate,quarterly,False,,,
2023Q3,TP.AB.N06,TP_AB_N06,2A Net Uluslararası Rezervler (1+2+3),net_international_reserves,HAFTALIK(CUMA),quarterly,last,564926772.0,available_calendar_unverified,13,13,0,2023-07-07,2023-09-29,2023-09-29,,,null,,calendar_unverified,2023-09-29,2023-09-29,2023-07-07,2023-09-29,1,target_period_aggregate,quarterly,False,,,
2023Q3,TP.AB.N07,TP_AB_N07,2A1 Brüt Döviz Rezervleri,gross_fx_reserves,HAFTALIK(CUMA),quarterly,last,3350292004.0,available_calendar_unverified,13,13,0,2023-07-07,2023-09-29,2023-09-29,,,null,,calendar_unverified,2023-09-29,2023-09-29,2023-07-07,2023-09-29,1,target_period_aggregate,quarterly,False,,,
2023Q3,TP.BTO3,TP_BTO3,Karşılıksız Çek Adedi,bounced_check_count,AYLIK,quarterly,sum,31540.0,available,3,3,0,2023-07,2023-09,2023-09-30,3.0,0.0,[],True,complete,,,2023-07-31,2023-09-30,0,target_period_aggregate,quarterly,False,,,
2023Q3,TP.BTO4,TP_BTO4,Karşılıksız Çek Tutarı (Bin TL),bounced_check_amount,AYLIK,quarterly,sum,11953251.957,available,3,3,0,2023-07,2023-09,2023-09-30,3.0,0.0,[],True,complete,,,2023-07-31,2023-09-30,0,target_period_aggregate,quarterly,False,,,
2023Q3,TP.ODEAYRSUNUM6.Q4,TP_ODEAYRSUNUM6_Q4,1.1.Dış Ticaret Dengesi,trade_balance,AYLIK,quarterly,sum,-21571.0,available,3,3,0,2023-07,2023-09,2023-09-30,3.0,0.0,[],True,complete,,,2023-07-31,2023-09-30,0,target_period_aggregate,quarterly,False,,,
2023Q3,TP.PBD.H01,TP_PBD_H01,1.M1,money_supply_m1,AYLIK,quarterly,last,4485407099.0,available,3,3,0,2023-07,2023-09,2023-09-30,3.0,0.0,[],True,complete,2023-09,2023-09-30,2023-07-31,2023-09-30,0,target_period_aggregate,quarterly,False,,,
2023Q3,TP.PBD.H09,TP_PBD_H09,2.M2,money_supply_m2,AYLIK,quarterly,last,12374659285.0,available,3,3,0,2023-07,2023-09,2023-09-30,3.0,0.0,[],True,complete,2023-09,2023-09-30,2023-07-31,2023-09-30,0,target_period_aggregate,quarterly,False,,,
2023Q3,TP.PBD.H17,TP_PBD_H17,5.M3 (2005/12 sonrası),money_supply_m3,AYLIK,quarterly,last,12660259691.0,available,3,3,0,2023-07,2023-09,2023-09-30,3.0,0.0,[],True,complete,2023-09,2023-09-30,2023-07-31,2023-09-30,0,target_period_aggregate,quarterly,False,,,
2023Q3,TP.TARIMUFE01,TP_TARIMUFE01,"Tarım, Ormancılık ve Balıkçılık",agri_ppi,AYLIK,quarterly,mean,485.71999999999997,available,3,3,0,2023-07,2023-09,2023-09-30,3.0,0.0,[],True,complete,,,2023-07-31,2023-09-30,0,target_period_aggregate,quarterly,False,,,
2023Q4,TP.AB.N06,TP_AB_N06,2A Net Uluslararası Rezervler (1+2+3),net_international_reserves,HAFTALIK(CUMA),quarterly,last,1027379437.0,available_calendar_unverified,13,13,0,2023-10-06,2023-12-29,2023-12-29,,,null,,calendar_unverified,2023-12-29,2023-12-29,2023-10-06,2023-12-29,2,target_period_aggregate,quarterly,False,,,
2023Q4,TP.AB.N07,TP_AB_N07,2A1 Brüt Döviz Rezervleri,gross_fx_reserves,HAFTALIK(CUMA),quarterly,last,4152586207.0,available_calendar_unverified,13,13,0,2023-10-06,2023-12-29,2023-12-29,,,null,,calendar_unverified,2023-12-29,2023-12-29,2023-10-06,2023-12-29,2,target_period_aggregate,quarterly,False,,,
2023Q4,TP.BTO3,TP_BTO3,Karşılıksız Çek Adedi,bounced_check_count,AYLIK,quarterly,sum,32329.0,available,3,3,0,2023-10,2023-12,2023-12-31,3.0,0.0,[],True,complete,,,2023-10-31,2023-12-31,0,target_period_aggregate,quarterly,False,,,
2023Q4,TP.BTO4,TP_BTO4,Karşılıksız Çek Tutarı (Bin TL),bounced_check_amount,AYLIK,quarterly,sum,14922345.54,available,3,3,0,2023-10,2023-12,2023-12-31,3.0,0.0,[],True,complete,,,2023-10-31,2023-12-31,0,target_period_aggregate,quarterly,False,,,
2023Q4,TP.ODEAYRSUNUM6.Q4,TP_ODEAYRSUNUM6_Q4,1.1.Dış Ticaret Dengesi,trade_balance,AYLIK,quarterly,sum,-14000.0,available,3,3,0,2023-10,2023-12,2023-12-31,3.0,0.0,[],True,complete,,,2023-10-31,2023-12-31,0,target_period_aggregate,quarterly,False,,,
2023Q4,TP.PBD.H01,TP_PBD_H01,1.M1,money_supply_m1,AYLIK,quarterly,last,4763762101.0,available,3,3,0,2023-10,2023-12,2023-12-31,3.0,0.0,[],True,complete,2023-12,2023-12-31,2023-10-31,2023-12-31,0,target_period_aggregate,quarterly,False,,,
2023Q4,TP.PBD.H09,TP_PBD_H09,2.M2,money_supply_m2,AYLIK,quarterly,last,13665141252.0,available,3,3,0,2023-10,2023-12,2023-12-31,3.0,0.0,[],True,complete,2023-12,2023-12-31,2023-10-31,2023-12-31,0,target_period_aggregate,quarterly,False,,,
2023Q4,TP.PBD.H17,TP_PBD_H17,5.M3 (2005/12 sonrası),money_supply_m3,AYLIK,quarterly,last,14032110771.0,available,3,3,0,2023-10,2023-12,2023-12-31,3.0,0.0,[],True,complete,2023-12,2023-12-31,2023-10-31,2023-12-31,0,target_period_aggregate,quarterly,False,,,
2023Q4,TP.TARIMUFE01,TP_TARIMUFE01,"Tarım, Ormancılık ve Balıkçılık",agri_ppi,AYLIK,quarterly,mean,523.9766666666667,available,3,3,0,2023-10,2023-12,2023-12-31,3.0,0.0,[],True,complete,,,2023-10-31,2023-12-31,0,target_period_aggregate,quarterly,False,,,
2024Q1,TP.AB.N06,TP_AB_N06,2A Net Uluslararası Rezervler (1+2+3),net_international_reserves,HAFTALIK(CUMA),quarterly,last,498568314.0,available_calendar_unverified,13,13,0,2024-01-05,2024-03-29,2024-03-29,,,null,,calendar_unverified,2024-03-29,2024-03-29,2024-01-05,2024-03-29,2,target_period_aggregate,quarterly,False,,,
2024Q1,TP.AB.N07,TP_AB_N07,2A1 Brüt Döviz Rezervleri,gross_fx_reserves,HAFTALIK(CUMA),quarterly,last,3978902658.0,available_calendar_unverified,13,13,0,2024-01-05,2024-03-29,2024-03-29,,,null,,calendar_unverified,2024-03-29,2024-03-29,2024-01-05,2024-03-29,2,target_period_aggregate,quarterly,False,,,
2024Q1,TP.BTO3,TP_BTO3,Karşılıksız Çek Adedi,bounced_check_count,AYLIK,quarterly,sum,35340.0,available,3,3,0,2024-01,2024-03,2024-03-31,3.0,0.0,[],True,complete,,,2024-01-31,2024-03-31,0,target_period_aggregate,quarterly,False,,,
2024Q1,TP.BTO4,TP_BTO4,Karşılıksız Çek Tutarı (Bin TL),bounced_check_amount,AYLIK,quarterly,sum,19076501.533,available,3,3,0,2024-01,2024-03,2024-03-31,3.0,0.0,[],True,complete,,,2024-01-31,2024-03-31,0,target_period_aggregate,quarterly,False,,,
2024Q1,TP.ODEAYRSUNUM6.Q4,TP_ODEAYRSUNUM6_Q4,1.1.Dış Ticaret Dengesi,trade_balance,AYLIK,quarterly,sum,-14025.0,available,3,3,0,2024-01,2024-03,2024-03-31,3.0,0.0,[],True,complete,,,2024-01-31,2024-03-31,0,target_period_aggregate,quarterly,False,,,
2024Q1,TP.PBD.H01,TP_PBD_H01,1.M1,money_supply_m1,AYLIK,quarterly,last,5516024577.0,available,3,3,0,2024-01,2024-03,2024-03-31,3.0,0.0,[],True,complete,2024-03,2024-03-31,2024-01-31,2024-03-31,0,target_period_aggregate,quarterly,False,,,
2024Q1,TP.PBD.H09,TP_PBD_H09,2.M2,money_supply_m2,AYLIK,quarterly,last,14348468781.0,available,3,3,0,2024-01,2024-03,2024-03-31,3.0,0.0,[],True,complete,2024-03,2024-03-31,2024-01-31,2024-03-31,0,target_period_aggregate,quarterly,False,,,
2024Q1,TP.PBD.H17,TP_PBD_H17,5.M3 (2005/12 sonrası),money_supply_m3,AYLIK,quarterly,last,14983979333.0,available,3,3,0,2024-01,2024-03,2024-03-31,3.0,0.0,[],True,complete,2024-03,2024-03-31,2024-01-31,2024-03-31,0,target_period_aggregate,quarterly,False,,,
2024Q1,TP.TARIMUFE01,TP_TARIMUFE01,"Tarım, Ormancılık ve Balıkçılık",agri_ppi,AYLIK,quarterly,mean,607.5933333333334,available,3,3,0,2024-01,2024-03,2024-03-31,3.0,0.0,[],True,complete,,,2024-01-31,2024-03-31,0,target_period_aggregate,quarterly,False,,,
2024Q2,TP.AB.N06,TP_AB_N06,2A Net Uluslararası Rezervler (1+2+3),net_international_reserves,HAFTALIK(CUMA),quarterly,last,1293851269.0,available_calendar_unverified,13,13,0,2024-04-05,2024-06-28,2024-06-28,,,null,,calendar_unverified,2024-06-28,2024-06-28,2024-04-05,2024-06-28,2,target_period_aggregate,quarterly,False,,,
2024Q2,TP.AB.N07,TP_AB_N07,2A1 Brüt Döviz Rezervleri,gross_fx_reserves,HAFTALIK(CUMA),quarterly,last,4700779770.0,available_calendar_unverified,13,13,0,2024-04-05,2024-06-28,2024-06-28,,,null,,calendar_unverified,2024-06-28,2024-06-28,2024-04-05,2024-06-28,2,target_period_aggregate,quarterly,False,,,
2024Q2,TP.BTO3,TP_BTO3,Karşılıksız Çek Adedi,bounced_check_count,AYLIK,quarterly,sum,46434.0,available,3,3,0,2024-04,2024-06,2024-06-30,3.0,0.0,[],True,complete,,,2024-04-30,2024-06-30,0,target_period_aggregate,quarterly,False,,,
2024Q2,TP.BTO4,TP_BTO4,Karşılıksız Çek Tutarı (Bin TL),bounced_check_amount,AYLIK,quarterly,sum,27158522.856,available,3,3,0,2024-04,2024-06,2024-06-30,3.0,0.0,[],True,complete,,,2024-04-30,2024-06-30,0,target_period_aggregate,quarterly,False,,,
2024Q2,TP.ODEAYRSUNUM6.Q4,TP_ODEAYRSUNUM6_Q4,1.1.Dış Ticaret Dengesi,trade_balance,AYLIK,quarterly,sum,-15928.0,available,3,3,0,2024-04,2024-06,2024-06-30,3.0,0.0,[],True,complete,,,2024-04-30,2024-06-30,0,target_period_aggregate,quarterly,False,,,
2024Q2,TP.PBD.H01,TP_PBD_H01,1.M1,money_supply_m1,AYLIK,quarterly,last,5511076710.0,available,3,3,0,2024-04,2024-06,2024-06-30,3.0,0.0,[],True,complete,2024-06,2024-06-30,2024-04-30,2024-06-30,0,target_period_aggregate,quarterly,False,,,
2024Q2,TP.PBD.H09,TP_PBD_H09,2.M2,money_supply_m2,AYLIK,quarterly,last,15319202915.0,available,3,3,0,2024-04,2024-06,2024-06-30,3.0,0.0,[],True,complete,2024-06,2024-06-30,2024-04-30,2024-06-30,0,target_period_aggregate,quarterly,False,,,
2024Q2,TP.PBD.H17,TP_PBD_H17,5.M3 (2005/12 sonrası),money_supply_m3,AYLIK,quarterly,last,16325989816.0,available,3,3,0,2024-04,2024-06,2024-06-30,3.0,0.0,[],True,complete,2024-06,2024-06-30,2024-04-30,2024-06-30,0,target_period_aggregate,quarterly,False,,,
2024Q2,TP.TARIMUFE01,TP_TARIMUFE01,"Tarım, Ormancılık ve Balıkçılık",agri_ppi,AYLIK,quarterly,mean,661.5033333333333,available,3,3,0,2024-04,2024-06,2024-06-30,3.0,0.0,[],True,complete,,,2024-04-30,2024-06-30,0,target_period_aggregate,quarterly,False,,,
2024Q3,TP.AB.N06,TP_AB_N06,2A Net Uluslararası Rezervler (1+2+3),net_international_reserves,HAFTALIK(CUMA),quarterly,last,1845288654.0,available_calendar_unverified,13,13,0,2024-07-05,2024-09-27,2024-09-27,,,null,,calendar_unverified,2024-09-27,2024-09-27,2024-07-05,2024-09-27,3,target_period_aggregate,quarterly,False,,,
2024Q3,TP.AB.N07,TP_AB_N07,2A1 Brüt Döviz Rezervleri,gross_fx_reserves,HAFTALIK(CUMA),quarterly,last,5375261508.0,available_calendar_unverified,13,13,0,2024-07-05,2024-09-27,2024-09-27,,,null,,calendar_unverified,2024-09-27,2024-09-27,2024-07-05,2024-09-27,3,target_period_aggregate,quarterly,False,,,
2024Q3,TP.BTO3,TP_BTO3,Karşılıksız Çek Adedi,bounced_check_count,AYLIK,quarterly,sum,63904.0,available,3,3,0,2024-07,2024-09,2024-09-30,3.0,0.0,[],True,complete,,,2024-07-31,2024-09-30,0,target_period_aggregate,quarterly,False,,,
2024Q3,TP.BTO4,TP_BTO4,Karşılıksız Çek Tutarı (Bin TL),bounced_check_amount,AYLIK,quarterly,sum,38973209.756,available,3,3,0,2024-07,2024-09,2024-09-30,3.0,0.0,[],True,complete,,,2024-07-31,2024-09-30,0,target_period_aggregate,quarterly,False,,,
2024Q3,TP.ODEAYRSUNUM6.Q4,TP_ODEAYRSUNUM6_Q4,1.1.Dış Ticaret Dengesi,trade_balance,AYLIK,quarterly,sum,-11057.0,available,3,3,0,2024-07,2024-09,2024-09-30,3.0,0.0,[],True,complete,,,2024-07-31,2024-09-30,0,target_period_aggregate,quarterly,False,,,
2024Q3,TP.PBD.H01,TP_PBD_H01,1.M1,money_supply_m1,AYLIK,quarterly,last,6162557267.0,available,3,3,0,2024-07,2024-09,2024-09-30,3.0,0.0,[],True,complete,2024-09,2024-09-30,2024-07-31,2024-09-30,0,target_period_aggregate,quarterly,False,,,
2024Q3,TP.PBD.H09,TP_PBD_H09,2.M2,money_supply_m2,AYLIK,quarterly,last,16452308928.0,available,3,3,0,2024-07,2024-09,2024-09-30,3.0,0.0,[],True,complete,2024-09,2024-09-30,2024-07-31,2024-09-30,0,target_period_aggregate,quarterly,False,,,
2024Q3,TP.PBD.H17,TP_PBD_H17,5.M3 (2005/12 sonrası),money_supply_m3,AYLIK,quarterly,last,17982945524.0,available,3,3,0,2024-07,2024-09,2024-09-30,3.0,0.0,[],True,complete,2024-09,2024-09-30,2024-07-31,2024-09-30,0,target_period_aggregate,quarterly,False,,,
2024Q3,TP.TARIMUFE01,TP_TARIMUFE01,"Tarım, Ormancılık ve Balıkçılık",agri_ppi,AYLIK,quarterly,mean,653.85,available,3,3,0,2024-07,2024-09,2024-09-30,3.0,0.0,[],True,complete,,,2024-07-31,2024-09-30,0,target_period_aggregate,quarterly,False,,,
2024Q4,TP.AB.N06,TP_AB_N06,2A Net Uluslararası Rezervler (1+2+3),net_international_reserves,HAFTALIK(CUMA),quarterly,last,2239483153.0,available_calendar_unverified,13,13,0,2024-10-04,2024-12-27,2024-12-27,,,null,,calendar_unverified,2024-12-27,2024-12-27,2024-10-04,2024-12-27,4,target_period_aggregate,quarterly,False,,,
2024Q4,TP.AB.N07,TP_AB_N07,2A1 Brüt Döviz Rezervleri,gross_fx_reserves,HAFTALIK(CUMA),quarterly,last,5467505325.0,available_calendar_unverified,13,13,0,2024-10-04,2024-12-27,2024-12-27,,,null,,calendar_unverified,2024-12-27,2024-12-27,2024-10-04,2024-12-27,4,target_period_aggregate,quarterly,False,,,
2024Q4,TP.BTO3,TP_BTO3,Karşılıksız Çek Adedi,bounced_check_count,AYLIK,quarterly,sum,54828.0,available,3,3,0,2024-10,2024-12,2024-12-31,3.0,0.0,[],True,complete,,,2024-10-31,2024-12-31,0,target_period_aggregate,quarterly,False,,,
2024Q4,TP.BTO4,TP_BTO4,Karşılıksız Çek Tutarı (Bin TL),bounced_check_amount,AYLIK,quarterly,sum,37440963.659,available,3,3,0,2024-10,2024-12,2024-12-31,3.0,0.0,[],True,complete,,,2024-10-31,2024-12-31,0,target_period_aggregate,quarterly,False,,,
2024Q4,TP.ODEAYRSUNUM6.Q4,TP_ODEAYRSUNUM6_Q4,1.1.Dış Ticaret Dengesi,trade_balance,AYLIK,quarterly,sum,-14977.0,available,3,3,0,2024-10,2024-12,2024-12-31,3.0,0.0,[],True,complete,,,2024-10-31,2024-12-31,0,target_period_aggregate,quarterly,False,,,
2024Q4,TP.PBD.H01,TP_PBD_H01,1.M1,money_supply_m1,AYLIK,quarterly,last,6303762421.0,available,3,3,0,2024-10,2024-12,2024-12-31,3.0,0.0,[],True,complete,2024-12,2024-12-31,2024-10-31,2024-12-31,0,target_period_aggregate,quarterly,False,,,
2024Q4,TP.PBD.H09,TP_PBD_H09,2.M2,money_supply_m2,AYLIK,quarterly,last,17527677986.0,available,3,3,0,2024-10,2024-12,2024-12-31,3.0,0.0,[],True,complete,2024-12,2024-12-31,2024-10-31,2024-12-31,0,target_period_aggregate,quarterly,False,,,
2024Q4,TP.PBD.H17,TP_PBD_H17,5.M3 (2005/12 sonrası),money_supply_m3,AYLIK,quarterly,last,19415599225.0,available,3,3,0,2024-10,2024-12,2024-12-31,3.0,0.0,[],True,complete,2024-12,2024-12-31,2024-10-31,2024-12-31,0,target_period_aggregate,quarterly,False,,,
2024Q4,TP.TARIMUFE01,TP_TARIMUFE01,"Tarım, Ormancılık ve Balıkçılık",agri_ppi,AYLIK,quarterly,mean,732.1899999999999,available,3,3,0,2024-10,2024-12,2024-12-31,3.0,0.0,[],True,complete,,,2024-10-31,2024-12-31,0,target_period_aggregate,quarterly,False,,,
2025Q1,TP.AB.N06,TP_AB_N06,2A Net Uluslararası Rezervler (1+2+3),net_international_reserves,HAFTALIK(CUMA),quarterly,last,2127337056.0,available_calendar_unverified,13,13,0,2025-01-03,2025-03-28,2025-03-28,,,null,,calendar_unverified,2025-03-28,2025-03-28,2025-01-03,2025-03-28,3,target_period_aggregate,quarterly,False,,,
2025Q1,TP.AB.N07,TP_AB_N07,2A1 Brüt Döviz Rezervleri,gross_fx_reserves,HAFTALIK(CUMA),quarterly,last,5947832088.0,available_calendar_unverified,13,13,0,2025-01-03,2025-03-28,2025-03-28,,,null,,calendar_unverified,2025-03-28,2025-03-28,2025-01-03,2025-03-28,3,target_period_aggregate,quarterly,False,,,
2025Q1,TP.BTO3,TP_BTO3,Karşılıksız Çek Adedi,bounced_check_count,AYLIK,quarterly,sum,41171.0,available,3,3,0,2025-01,2025-03,2025-03-31,3.0,0.0,[],True,complete,,,2025-01-31,2025-03-31,0,target_period_aggregate,quarterly,False,,,
2025Q1,TP.BTO4,TP_BTO4,Karşılıksız Çek Tutarı (Bin TL),bounced_check_amount,AYLIK,quarterly,sum,30667145.046000004,available,3,3,0,2025-01,2025-03,2025-03-31,3.0,0.0,[],True,complete,,,2025-01-31,2025-03-31,0,target_period_aggregate,quarterly,False,,,
2025Q1,TP.ODEAYRSUNUM6.Q4,TP_ODEAYRSUNUM6_Q4,1.1.Dış Ticaret Dengesi,trade_balance,AYLIK,quarterly,sum,-15734.0,available,3,3,0,2025-01,2025-03,2025-03-31,3.0,0.0,[],True,complete,,,2025-01-31,2025-03-31,0,target_period_aggregate,quarterly,False,,,
2025Q1,TP.PBD.H01,TP_PBD_H01,1.M1,money_supply_m1,AYLIK,quarterly,last,7305580650.0,available,3,3,0,2025-01,2025-03,2025-03-31,3.0,0.0,[],True,complete,2025-03,2025-03-31,2025-01-31,2025-03-31,0,target_period_aggregate,quarterly,False,,,
2025Q1,TP.PBD.H09,TP_PBD_H09,2.M2,money_supply_m2,AYLIK,quarterly,last,19821138846.0,available,3,3,0,2025-01,2025-03,2025-03-31,3.0,0.0,[],True,complete,2025-03,2025-03-31,2025-01-31,2025-03-31,0,target_period_aggregate,quarterly,False,,,
2025Q1,TP.PBD.H17,TP_PBD_H17,5.M3 (2005/12 sonrası),money_supply_m3,AYLIK,quarterly,last,21569453965.0,available,3,3,0,2025-01,2025-03,2025-03-31,3.0,0.0,[],True,complete,2025-03,2025-03-31,2025-01-31,2025-03-31,0,target_period_aggregate,quarterly,False,,,
2025Q1,TP.TARIMUFE01,TP_TARIMUFE01,"Tarım, Ormancılık ve Balıkçılık",agri_ppi,AYLIK,quarterly,mean,803.4533333333334,available,3,3,0,2025-01,2025-03,2025-03-31,3.0,0.0,[],True,complete,,,2025-01-31,2025-03-31,0,target_period_aggregate,quarterly,False,,,
2025Q2,TP.AB.N06,TP_AB_N06,2A Net Uluslararası Rezervler (1+2+3),net_international_reserves,HAFTALIK(CUMA),quarterly,last,1840730572.0,available_calendar_unverified,13,13,0,2025-04-04,2025-06-27,2025-06-27,,,null,,calendar_unverified,2025-06-27,2025-06-27,2025-04-04,2025-06-27,3,target_period_aggregate,quarterly,False,,,
2025Q2,TP.AB.N07,TP_AB_N07,2A1 Brüt Döviz Rezervleri,gross_fx_reserves,HAFTALIK(CUMA),quarterly,last,6142297224.0,available_calendar_unverified,13,13,0,2025-04-04,2025-06-27,2025-06-27,,,null,,calendar_unverified,2025-06-27,2025-06-27,2025-04-04,2025-06-27,3,target_period_aggregate,quarterly,False,,,
2025Q2,TP.BTO3,TP_BTO3,Karşılıksız Çek Adedi,bounced_check_count,AYLIK,quarterly,sum,60017.0,available,3,3,0,2025-04,2025-06,2025-06-30,3.0,0.0,[],True,complete,,,2025-04-30,2025-06-30,0,target_period_aggregate,quarterly,False,,,
2025Q2,TP.BTO4,TP_BTO4,Karşılıksız Çek Tutarı (Bin TL),bounced_check_amount,AYLIK,quarterly,sum,45653011.522,available,3,3,0,2025-04,2025-06,2025-06-30,3.0,0.0,[],True,complete,,,2025-04-30,2025-06-30,0,target_period_aggregate,quarterly,False,,,
2025Q2,TP.ODEAYRSUNUM6.Q4,TP_ODEAYRSUNUM6_Q4,1.1.Dış Ticaret Dengesi,trade_balance,AYLIK,quarterly,sum,-21047.0,available,3,3,0,2025-04,2025-06,2025-06-30,3.0,0.0,[],True,complete,,,2025-04-30,2025-06-30,0,target_period_aggregate,quarterly,False,,,
2025Q2,TP.PBD.H01,TP_PBD_H01,1.M1,money_supply_m1,AYLIK,quarterly,last,7946791157.0,available,3,3,0,2025-04,2025-06,2025-06-30,3.0,0.0,[],True,complete,2025-06,2025-06-30,2025-04-30,2025-06-30,0,target_period_aggregate,quarterly,False,,,
2025Q2,TP.PBD.H09,TP_PBD_H09,2.M2,money_supply_m2,AYLIK,quarterly,last,21222731191.0,available,3,3,0,2025-04,2025-06,2025-06-30,3.0,0.0,[],True,complete,2025-06,2025-06-30,2025-04-30,2025-06-30,0,target_period_aggregate,quarterly,False,,,
2025Q2,TP.PBD.H17,TP_PBD_H17,5.M3 (2005/12 sonrası),money_supply_m3,AYLIK,quarterly,last,23151135319.0,available,3,3,0,2025-04,2025-06,2025-06-30,3.0,0.0,[],True,complete,2025-06,2025-06-30,2025-04-30,2025-06-30,0,target_period_aggregate,quarterly,False,,,
2025Q2,TP.TARIMUFE01,TP_TARIMUFE01,"Tarım, Ormancılık ve Balıkçılık",agri_ppi,AYLIK,quarterly,mean,897.3833333333332,available,3,3,0,2025-04,2025-06,2025-06-30,3.0,0.0,[],True,complete,,,2025-04-30,2025-06-30,0,target_period_aggregate,quarterly,False,,,
2025Q3,TP.AB.N06,TP_AB_N06,2A Net Uluslararası Rezervler (1+2+3),net_international_reserves,HAFTALIK(CUMA),quarterly,last,3010334264.0,available_calendar_unverified,13,13,0,2025-07-04,2025-09-26,2025-09-26,,,null,,calendar_unverified,2025-09-26,2025-09-26,2025-07-04,2025-09-26,4,target_period_aggregate,quarterly,False,,,
2025Q3,TP.AB.N07,TP_AB_N07,2A1 Brüt Döviz Rezervleri,gross_fx_reserves,HAFTALIK(CUMA),quarterly,last,7587964218.0,available_calendar_unverified,13,13,0,2025-07-04,2025-09-26,2025-09-26,,,null,,calendar_unverified,2025-09-26,2025-09-26,2025-07-04,2025-09-26,4,target_period_aggregate,quarterly,False,,,
2025Q3,TP.BTO3,TP_BTO3,Karşılıksız Çek Adedi,bounced_check_count,AYLIK,quarterly,sum,63980.0,available,3,3,0,2025-07,2025-09,2025-09-30,3.0,0.0,[],True,complete,,,2025-07-31,2025-09-30,0,target_period_aggregate,quarterly,False,,,
2025Q3,TP.BTO4,TP_BTO4,Karşılıksız Çek Tutarı (Bin TL),bounced_check_amount,AYLIK,quarterly,sum,54510550.231000006,available,3,3,0,2025-07,2025-09,2025-09-30,3.0,0.0,[],True,complete,,,2025-07-31,2025-09-30,0,target_period_aggregate,quarterly,False,,,
2025Q3,TP.ODEAYRSUNUM6.Q4,TP_ODEAYRSUNUM6_Q4,1.1.Dış Ticaret Dengesi,trade_balance,AYLIK,quarterly,sum,-12667.0,available,3,3,0,2025-07,2025-09,2025-09-30,3.0,0.0,[],True,complete,,,2025-07-31,2025-09-30,0,target_period_aggregate,quarterly,False,,,
2025Q3,TP.PBD.H01,TP_PBD_H01,1.M1,money_supply_m1,AYLIK,quarterly,last,8841769340.0,available,3,3,0,2025-07,2025-09,2025-09-30,3.0,0.0,[],True,complete,2025-09,2025-09-30,2025-07-31,2025-09-30,0,target_period_aggregate,quarterly,False,,,
2025Q3,TP.PBD.H09,TP_PBD_H09,2.M2,money_supply_m2,AYLIK,quarterly,last,22860968238.0,available,3,3,0,2025-07,2025-09,2025-09-30,3.0,0.0,[],True,complete,2025-09,2025-09-30,2025-07-31,2025-09-30,0,target_period_aggregate,quarterly,False,,,
2025Q3,TP.PBD.H17,TP_PBD_H17,5.M3 (2005/12 sonrası),money_supply_m3,AYLIK,quarterly,last,25215533557.0,available,3,3,0,2025-07,2025-09,2025-09-30,3.0,0.0,[],True,complete,2025-09,2025-09-30,2025-07-31,2025-09-30,0,target_period_aggregate,quarterly,False,,,
2025Q3,TP.TARIMUFE01,TP_TARIMUFE01,"Tarım, Ormancılık ve Balıkçılık",agri_ppi,AYLIK,quarterly,mean,943.1999999999999,available,3,3,0,2025-07,2025-09,2025-09-30,3.0,0.0,[],True,complete,,,2025-07-31,2025-09-30,0,target_period_aggregate,quarterly,False,,,
2025Q4,TP.AB.N06,TP_AB_N06,2A Net Uluslararası Rezervler (1+2+3),net_international_reserves,HAFTALIK(CUMA),quarterly,last,3411442167.0,available_calendar_unverified,13,13,0,2025-10-03,2025-12-26,2025-12-26,,,null,,calendar_unverified,2025-12-26,2025-12-26,2025-10-03,2025-12-26,5,target_period_aggregate,quarterly,False,,,
2025Q4,TP.AB.N07,TP_AB_N07,2A1 Brüt Döviz Rezervleri,gross_fx_reserves,HAFTALIK(CUMA),quarterly,last,8308838311.0,available_calendar_unverified,13,13,0,2025-10-03,2025-12-26,2025-12-26,,,null,,calendar_unverified,2025-12-26,2025-12-26,2025-10-03,2025-12-26,5,target_period_aggregate,quarterly,False,,,
2025Q4,TP.BTO3,TP_BTO3,Karşılıksız Çek Adedi,bounced_check_count,AYLIK,quarterly,sum,63973.0,available,3,3,0,2025-10,2025-12,2025-12-31,3.0,0.0,[],True,complete,,,2025-10-31,2025-12-31,0,target_period_aggregate,quarterly,False,,,
2025Q4,TP.BTO4,TP_BTO4,Karşılıksız Çek Tutarı (Bin TL),bounced_check_amount,AYLIK,quarterly,sum,59175450.743,available,3,3,0,2025-10,2025-12,2025-12-31,3.0,0.0,[],True,complete,,,2025-10-31,2025-12-31,0,target_period_aggregate,quarterly,False,,,
2025Q4,TP.ODEAYRSUNUM6.Q4,TP_ODEAYRSUNUM6_Q4,1.1.Dış Ticaret Dengesi,trade_balance,AYLIK,quarterly,sum,-19695.0,available,3,3,0,2025-10,2025-12,2025-12-31,3.0,0.0,[],True,complete,,,2025-10-31,2025-12-31,0,target_period_aggregate,quarterly,False,,,
2025Q4,TP.PBD.H01,TP_PBD_H01,1.M1,money_supply_m1,AYLIK,quarterly,last,10028380768.0,available,3,3,0,2025-10,2025-12,2025-12-31,3.0,0.0,[],True,complete,2025-12,2025-12-31,2025-10-31,2025-12-31,0,target_period_aggregate,quarterly,False,,,
2025Q4,TP.PBD.H09,TP_PBD_H09,2.M2,money_supply_m2,AYLIK,quarterly,last,24729036670.0,available,3,3,0,2025-10,2025-12,2025-12-31,3.0,0.0,[],True,complete,2025-12,2025-12-31,2025-10-31,2025-12-31,0,target_period_aggregate,quarterly,False,,,
2025Q4,TP.PBD.H17,TP_PBD_H17,5.M3 (2005/12 sonrası),money_supply_m3,AYLIK,quarterly,last,27197179125.0,available,3,3,0,2025-10,2025-12,2025-12-31,3.0,0.0,[],True,complete,2025-12,2025-12-31,2025-10-31,2025-12-31,0,target_period_aggregate,quarterly,False,,,
2025Q4,TP.TARIMUFE01,TP_TARIMUFE01,"Tarım, Ormancılık ve Balıkçılık",agri_ppi,AYLIK,quarterly,mean,1006.07,available,3,3,0,2025-10,2025-12,2025-12-31,3.0,0.0,[],True,complete,,,2025-10-31,2025-12-31,0,target_period_aggregate,quarterly,False,,,
2026Q1,TP.AB.N06,TP_AB_N06,2A Net Uluslararası Rezervler (1+2+3),net_international_reserves,HAFTALIK(CUMA),quarterly,last,1553491342.0,available_calendar_unverified,13,13,0,2026-01-02,2026-03-27,2026-03-27,,,null,,calendar_unverified,2026-03-27,2026-03-27,2026-01-02,2026-03-27,4,target_period_aggregate,quarterly,False,,,
2026Q1,TP.AB.N07,TP_AB_N07,2A1 Brüt Döviz Rezervleri,gross_fx_reserves,HAFTALIK(CUMA),quarterly,last,6897344174.0,available_calendar_unverified,13,13,0,2026-01-02,2026-03-27,2026-03-27,,,null,,calendar_unverified,2026-03-27,2026-03-27,2026-01-02,2026-03-27,4,target_period_aggregate,quarterly,False,,,
2026Q1,TP.BTO3,TP_BTO3,Karşılıksız Çek Adedi,bounced_check_count,AYLIK,quarterly,sum,53737.0,available,3,3,0,2026-01,2026-03,2026-03-31,3.0,0.0,[],True,complete,,,2026-01-31,2026-03-31,0,target_period_aggregate,quarterly,False,,,
2026Q1,TP.BTO4,TP_BTO4,Karşılıksız Çek Tutarı (Bin TL),bounced_check_amount,AYLIK,quarterly,sum,53254733.015,available,3,3,0,2026-01,2026-03,2026-03-31,3.0,0.0,[],True,complete,,,2026-01-31,2026-03-31,0,target_period_aggregate,quarterly,False,,,
2026Q1,TP.ODEAYRSUNUM6.Q4,TP_ODEAYRSUNUM6_Q4,1.1.Dış Ticaret Dengesi,trade_balance,AYLIK,quarterly,sum,-23868.0,available,3,3,0,2026-01,2026-03,2026-03-31,3.0,0.0,[],True,complete,,,2026-01-31,2026-03-31,0,target_period_aggregate,quarterly,False,,,
2026Q1,TP.PBD.H01,TP_PBD_H01,1.M1,money_supply_m1,AYLIK,quarterly,last,10578713479.0,available,3,3,0,2026-01,2026-03,2026-03-31,3.0,0.0,[],True,complete,2026-03,2026-03-31,2026-01-31,2026-03-31,0,target_period_aggregate,quarterly,False,,,
2026Q1,TP.PBD.H09,TP_PBD_H09,2.M2,money_supply_m2,AYLIK,quarterly,last,25729187059.0,available,3,3,0,2026-01,2026-03,2026-03-31,3.0,0.0,[],True,complete,2026-03,2026-03-31,2026-01-31,2026-03-31,0,target_period_aggregate,quarterly,False,,,
2026Q1,TP.PBD.H17,TP_PBD_H17,5.M3 (2005/12 sonrası),money_supply_m3,AYLIK,quarterly,last,28024250107.0,available,3,3,0,2026-01,2026-03,2026-03-31,3.0,0.0,[],True,complete,2026-03,2026-03-31,2026-01-31,2026-03-31,0,target_period_aggregate,quarterly,False,,,
2026Q1,TP.TARIMUFE01,TP_TARIMUFE01,"Tarım, Ormancılık ve Balıkçılık",agri_ppi,AYLIK,quarterly,mean,1123.25,available,3,3,0,2026-01,2026-03,2026-03-31,3.0,0.0,[],True,complete,,,2026-01-31,2026-03-31,0,target_period_aggregate,quarterly,False,,,
2026Q2,TP.AB.N06,TP_AB_N06,2A Net Uluslararası Rezervler (1+2+3),net_international_reserves,HAFTALIK(CUMA),quarterly,last,2107506637.0,available_calendar_unverified,13,13,0,2026-04-03,2026-06-26,2026-06-26,,,null,,calendar_unverified,2026-06-26,2026-06-26,2026-04-03,2026-06-26,4,target_period_aggregate,quarterly,False,,,
2026Q2,TP.AB.N07,TP_AB_N07,2A1 Brüt Döviz Rezervleri,gross_fx_reserves,HAFTALIK(CUMA),quarterly,last,6945177860.0,available_calendar_unverified,13,13,0,2026-04-03,2026-06-26,2026-06-26,,,null,,calendar_unverified,2026-06-26,2026-06-26,2026-04-03,2026-06-26,4,target_period_aggregate,quarterly,False,,,
2026Q2,TP.BTO3,TP_BTO3,Karşılıksız Çek Adedi,bounced_check_count,AYLIK,quarterly,sum,58303.0,available,3,3,0,2026-04,2026-06,2026-06-30,3.0,0.0,[],True,complete,,,2026-04-30,2026-06-30,0,target_period_aggregate,quarterly,False,,,
2026Q2,TP.BTO4,TP_BTO4,Karşılıksız Çek Tutarı (Bin TL),bounced_check_amount,AYLIK,quarterly,sum,59596033.53,available,3,3,0,2026-04,2026-06,2026-06-30,3.0,0.0,[],True,complete,,,2026-04-30,2026-06-30,0,target_period_aggregate,quarterly,False,,,
2026Q2,TP.ODEAYRSUNUM6.Q4,TP_ODEAYRSUNUM6_Q4,1.1.Dış Ticaret Dengesi,trade_balance,AYLIK,quarterly,sum,-19918.0,available,3,3,0,2026-04,2026-06,2026-06-30,3.0,0.0,[],True,complete,,,2026-04-30,2026-06-30,0,target_period_aggregate,quarterly,False,,,
2026Q2,TP.PBD.H01,TP_PBD_H01,1.M1,money_supply_m1,AYLIK,quarterly,last,10696346752.0,available,3,3,0,2026-04,2026-06,2026-06-30,3.0,0.0,[],True,complete,2026-06,2026-06-30,2026-04-30,2026-06-30,0,target_period_aggregate,quarterly,False,,,
2026Q2,TP.PBD.H09,TP_PBD_H09,2.M2,money_supply_m2,AYLIK,quarterly,last,27375153253.0,available,3,3,0,2026-04,2026-06,2026-06-30,3.0,0.0,[],True,complete,2026-06,2026-06-30,2026-04-30,2026-06-30,0,target_period_aggregate,quarterly,False,,,
2026Q2,TP.PBD.H17,TP_PBD_H17,5.M3 (2005/12 sonrası),money_supply_m3,AYLIK,quarterly,last,30098494181.0,available,3,3,0,2026-04,2026-06,2026-06-30,3.0,0.0,[],True,complete,2026-06,2026-06-30,2026-04-30,2026-06-30,0,target_period_aggregate,quarterly,False,,,
2026Q2,TP.TARIMUFE01,TP_TARIMUFE01,"Tarım, Ormancılık ve Balıkçılık",agri_ppi,AYLIK,quarterly,mean,1170.2,available,3,3,0,2026-04,2026-06,2026-06-30,3.0,0.0,[],True,complete,,,2026-04-30,2026-06-30,0,target_period_aggregate,quarterly,False,,,
