target_period,TP_BISPOLFAIZ_TUR,TP_BISPOLFAIZ_USA,TP_BISPOLFAIZ_XM,TP_BK_ANKARA,TP_BK_ISTANBUL,TP_BK_IZMIR,TP_BK_TR,TP_GSYIH60_HY_B1GQ,TP_GSYIH60_HY_P311,TP_IN_KL2_TOPLAM_TOP_D,TP_MK_KUL_YTL
2020-01,11.25,1.625,0.0,,,,,,,54211.0,297.91
2020-02,10.75,1.625,0.0,,,,,,,52173.0,315.32
2020-03,9.75,0.125,0.0,9.42,21.66,14.52,12.8,181.56601096,169.71936371,50055.0,330.65
2020-04,8.75,0.125,0.0,,,,,,,31871.0,372.91
2020-05,8.25,0.125,0.0,,,,,,,33839.0,386.81
2020-06,8.25,0.125,0.0,10.04,22.92,15.42,13.69,161.47788633,151.06076185,51655.0,382.84
2020-07,8.25,0.125,0.0,,,,,,,56470.0,413.81
2020-08,8.25,0.125,0.0,,,,,,,48753.0,471.63
2020-09,10.25,0.125,0.0,10.73,24.04,16.35,14.37,187.4771752,183.67462827,51628.0,467.61
2020-10,10.25,0.125,0.0,,,,,,,52679.0,488.86
2020-11,15.0,0.125,0.0,,,,,,,49756.0,478.84
2020-12,17.0,0.125,0.0,11.64,26.36,17.22,15.44,190.31174374,182.50275802,75568.0,462.72
2021-01,17.0,0.125,0.0,,,,,,,53784.0,449.12
2021-02,17.0,0.125,0.0,,,,,,,46616.0,413.65
2021-03,19.0,0.125,0.0,11.53,26.92,18.81,16.0,195.05576929,186.84564444,60920.0,423.38
2021-04,19.0,0.125,0.0,,,,,,,45878.0,464.33
2021-05,19.0,0.125,0.0,,,,,,,28343.0,501.26
2021-06,19.0,0.125,0.0,12.38,29.07,19.66,17.27,197.7399596,190.31678086,48200.0,512.01
2021-07,19.0,0.125,0.0,,,,,,,40660.0,500.55
2021-08,19.0,0.125,0.0,,,,,,,47223.0,489.92
2021-09,18.0,0.125,0.0,13.51,31.39,21.71,18.85,203.8978029,196.81658144,53690.0,470.59
2021-10,16.0,0.125,0.0,,,,,,,56735.0,521.44
2021-11,15.0,0.125,0.0,,,,,,,58923.0,634.13
2021-12,14.0,0.125,0.0,15.84,39.06,24.95,22.52,209.28306698,220.26016001,95170.0,817.61
2022-01,14.0,0.125,0.0,,,,,,,55890.0,795.39
2022-02,14.0,0.125,0.0,,,,,,,48205.0,824.04
2022-03,14.0,0.375,0.0,21.11,53.49,32.42,29.67,208.98568287,223.77942664,54568.0,926.51
2022-04,14.0,0.375,0.0,,,,,,,56423.0,921.01
2022-05,14.0,0.875,0.0,,,,,,,39877.0,944.07
2022-06,14.0,1.625,0.0,26.78,69.92,39.66,38.16,211.79583954,221.18844336,54155.0,1018.48
2022-07,14.0,2.375,0.5,,,,,,,39414.0,998.91
2022-08,13.0,2.375,0.5,,,,,,,51229.0,1040.39
2022-09,12.0,3.125,1.25,34.47,89.08,51.33,48.35,212.93750692,233.85526893,50535.0,1010.29
2022-10,10.5,3.125,1.25,,,,,,,47257.0,1010.47
2022-11,9.0,3.875,2.0,,,,,,,53841.0,1047.7
2022-12,9.0,4.375,2.5,40.71,101.57,62.33,56.39,216.1660281,244.56419256,100629.0,1091.54
2023-01,9.0,4.375,2.5,,,,,,,53587.0,1173.95
2023-02,8.5,4.625,3.0,,,,,,,36216.0,1153.58
2023-03,8.5,4.875,3.5,49.75,120.57,74.73,69.2,215.46856222,249.4200984,36572.0,1201.91
2023-04,8.5,4.875,3.5,,,,,,,31605.0,1348.78
2023-05,8.5,5.125,3.75,,,,,,,44365.0,1433.73
2023-06,15.0,5.125,4.0,61.04,140.83,88.69,82.53,222.71528077,249.9378136,33351.0,1495.28
2023-07,17.5,5.375,4.0,,,,,,,33957.0,1689.14
2023-08,25.0,5.375,4.25,,,,,,,40709.0,1716.91
2023-09,30.0,5.375,4.5,82.22,167.37,110.13,103.28,226.21698727,255.84456878,42199.0,1710.53
2023-10,35.0,5.375,4.5,,,,,,,42293.0,1795.05
2023-11,40.0,5.375,4.5,,,,,,,43810.0,1868.94
2023-12,42.5,5.375,4.5,94.76,187.66,127.81,117.63,228.26733386,264.37037632,100472.0,1984.48
2024-01,45.0,5.375,4.5,,,,,,,52082.0,2069.67
2024-02,45.0,5.375,4.5,,,,,,,54169.0,2085.58
2024-03,50.0,5.375,4.5,103.2,193.09,133.63,122.28,230.60445261,268.29523419,82087.0,2394.82
2024-04,50.0,5.375,4.5,,,,,,,25184.0,2539.01
2024-05,50.0,5.375,4.5,,,,,,,35682.0,2465.24
2024-06,50.0,5.375,4.25,115.37,205.88,151.44,134.56,227.43829171,257.32664448,28691.0,2477.29
2024-07,50.0,5.375,4.25,,,,,,,41951.0,2562.67
2024-08,50.0,5.375,4.25,,,,,,,41872.0,2731.34
2024-09,50.0,4.875,3.5,130.53,232.73,167.19,150.75,230.91977436,266.67307862,43263.0,2907.12
2024-10,50.0,4.875,3.25,,,,,,,48890.0,3090.72
2024-11,50.0,4.625,3.25,,,,,,,55723.0,3076.73
2024-12,47.5,4.375,3.0,147.09,260.58,190.55,168.76,234.69667096,274.22647537,126564.0,3041.08
2025-01,45.0,4.375,3.0,,,,,,,55009.0,3124.41
2025-02,45.0,4.375,2.75,,,,,,,47463.0,3458.78
2025-03,42.5,4.375,2.5,164.24,293.16,202.69,179.93,235.96467536,272.18456013,45739.0,3648.33
2025-04,46.0,4.375,2.25,,,,,,,32834.0,4052.18
2025-05,46.0,4.375,2.25,,,,,,,50035.0,4192.48
2025-06,46.0,4.375,2.0,178.71,305.19,217.97,191.19,237.66426013,270.27144969,47394.0,4314.26
2025-07,43.0,4.375,2.0,,,,,,,46208.0,4338.79
2025-08,43.0,4.375,2.0,,,,,,,48796.0,4441.09
2025-09,40.5,4.125,2.0,197.65,334.58,239.34,208.56,242.18230627,278.83794003,61436.0,4978.61
2025-10,39.5,3.875,2.0,,,,,,,61940.0,5744.17
2025-11,39.5,3.875,2.0,,,,,,,55576.0,5764.62
2025-12,38.0,3.625,2.0,210.07,367.86,252.18,224.75,242.22474866,289.57734846,140308.0,6030.79
2026-01,37.0,3.625,2.0,,,,,,,59320.0,6817.67
2026-02,37.0,3.625,2.0,,,,,,,58690.0,7515.92
2026-03,37.0,3.625,2.0,224.01,404.53,265.79,241.79,241.86362068,285.89274515,45280.0,7259.39
2026-04,37.0,3.625,2.0,,,,,,,55189.0,6835.34
2026-05,37.0,3.625,2.0,,,,,,,38118.0,6741.91
2026-06,37.0,3.625,2.25,239.24,442.57,285.62,258.45,243.87109226,280.00240853,50843.0,
