series_code,role,reason,series_name_tr,series_name_en,group_code,frequency,default_aggregation,default_aggregation_tr,parent_series_code,level,screen_order,can_sum,can_average,can_first,can_last,can_min,can_max,series_catalog_key,group_name_tr,category_id,category_path_tr,source,unit,is_archive,metadata_url,revision_url,method_change_url,group_catalog_sha256,group_downloaded_utc,searchable_text,is_duplicate_series_code,requested_start,requested_end,request_frequency_code,aggregation_used,chunk_count,observation_count,non_null_observation_count,missing_observation_count,first_period,last_period,first_non_null_period,last_non_null_period
TP.BISPOLFAIZ.TUR,policy_rate_actual,Turkiye gerceklesen merkez bankasi politika faizi,Türkiye (TUR) Merkez Bankası Politika Faiz Oranı,Türkiye (TUR) Central Bank Policy Interest Rate,bie_bispolfaiz,AYLIK,last,BİTİŞ,-1,1,470.0,0,0,1,1,1,1,bie_bispolfaiz::TP.BISPOLFAIZ.TUR,Merkez Bankaları Politika Faiz Oranı,550202,ULUSLARARASI İSTATİSTİKLER > ULUSLARARASI ÖDEMELER BANKASI (BIS) > MERKEZ BANKALARI İSTATİSTİKLERİ,Uluslararası Ödemeler Bankası (BIS),Yüzde,False,https://www.bis.org/statistics/cbpol/cbpol_doc.pdf,,,fca13567c4d132131cb7d72e51b9ab3279fc735a2b413552c27311f0a1c5ea14,2026-09-07T17:38:59.961267+00:00,TP.BISPOLFAIZ.TUR | Türkiye (TUR) Merkez Bankası Politika Faiz Oranı | Türkiye (TUR) Central Bank Policy Interest Rate | Merkez Bankaları Politika Faiz Oranı | ULUSLARARASI İSTATİSTİKLER > ULUSLARARASI ÖDEMELER BANKASI (BIS) > MERKEZ BANKALARI İSTATİSTİKLERİ | Uluslararası Ödemeler Bankası (BIS) | Yüzde,False,2020-01-01,2026-06-30,5,last,1,78,78,0,2020-01,2026-06,2020-01,2026-06
TP.BISPOLFAIZ.USA,global_policy_rate,ABD politika faizi ile dis finansal kosullari kontrol etmek,Amerika Birleşik Devletleri (USA) Merkez Bankası Politika Faiz Oranı,United States (USA) Central Bank Policy Interest Rate,bie_bispolfaiz,AYLIK,last,BİTİŞ,-1,1,20.0,0,0,1,1,1,1,bie_bispolfaiz::TP.BISPOLFAIZ.USA,Merkez Bankaları Politika Faiz Oranı,550202,ULUSLARARASI İSTATİSTİKLER > ULUSLARARASI ÖDEMELER BANKASI (BIS) > MERKEZ BANKALARI İSTATİSTİKLERİ,Uluslararası Ödemeler Bankası (BIS),Yüzde,False,https://www.bis.org/statistics/cbpol/cbpol_doc.pdf,,,fca13567c4d132131cb7d72e51b9ab3279fc735a2b413552c27311f0a1c5ea14,2026-09-07T17:38:59.961267+00:00,TP.BISPOLFAIZ.USA | Amerika Birleşik Devletleri (USA) Merkez Bankası Politika Faiz Oranı | United States (USA) Central Bank Policy Interest Rate | Merkez Bankaları Politika Faiz Oranı | ULUSLARARASI İSTATİSTİKLER > ULUSLARARASI ÖDEMELER BANKASI (BIS) > MERKEZ BANKALARI İSTATİSTİKLERİ | Uluslararası Ödemeler Bankası (BIS) | Yüzde,False,2020-01-01,2026-06-30,5,last,1,78,78,0,2020-01,2026-06,2020-01,2026-06
TP.BISPOLFAIZ.XM,global_policy_rate,Euro Bolgesi politika faizi ile dis finansal kosullari kontrol etmek,Euro Bölgesi (XM) Merkez Bankası Politika Faiz Oranı,Euro Area (XM) Central Bank Policy Interest Rate,bie_bispolfaiz,AYLIK,last,BİTİŞ,-1,1,130.0,0,0,1,1,1,1,bie_bispolfaiz::TP.BISPOLFAIZ.XM,Merkez Bankaları Politika Faiz Oranı,550202,ULUSLARARASI İSTATİSTİKLER > ULUSLARARASI ÖDEMELER BANKASI (BIS) > MERKEZ BANKALARI İSTATİSTİKLERİ,Uluslararası Ödemeler Bankası (BIS),Yüzde,False,https://www.bis.org/statistics/cbpol/cbpol_doc.pdf,,,fca13567c4d132131cb7d72e51b9ab3279fc735a2b413552c27311f0a1c5ea14,2026-09-07T17:38:59.961267+00:00,TP.BISPOLFAIZ.XM | Euro Bölgesi (XM) Merkez Bankası Politika Faiz Oranı | Euro Area (XM) Central Bank Policy Interest Rate | Merkez Bankaları Politika Faiz Oranı | ULUSLARARASI İSTATİSTİKLER > ULUSLARARASI ÖDEMELER BANKASI (BIS) > MERKEZ BANKALARI İSTATİSTİKLERİ | Uluslararası Ödemeler Bankası (BIS) | Yüzde,False,2020-01-01,2026-06-30,5,last,1,78,78,0,2020-01,2026-06,2020-01,2026-06
TP.BK.ANKARA,housing_rent_level,Ankara konut birim kirasi,Ankara Konut Birim Kiraları,Housing Unit Rents for Ankara,bie_bk,ÜÇ AYLIK,avg,ORTALAMA,-1,1,30.0,0,1,1,1,1,1,bie_bk::TP.BK.ANKARA,Değerlemesi Yapılan Konutların Birim Kiraları,2003,FİYAT ENDEKSLERİ > KONUT FİYAT ENDEKSİ (TCMB),TCMB,TL/m2,False,https://www.tcmb.gov.tr/wps/wcm/connect/TR/TCMB+TR/Main+Menu/Istatistikler/Reel+Sektor+Istatistikleri/Konut+Fiyat+Endeksi/Metaveri,,https://www.tcmb.gov.tr/wps/wcm/connect/TR/TCMB+TR/Main+Menu/Istatistikler/Reel+Sektor+Istatistikleri/Konut+Fiyat+Endeksi/Uygulama+Degisiklikleri,4ff6e1a2ebf5980576574eba8ee1ad2a751c92ed64af1fa77f8e6d77f58a8a4e,2026-09-07T17:39:26.587621+00:00,TP.BK.ANKARA | Ankara Konut Birim Kiraları | Housing Unit Rents for Ankara | Değerlemesi Yapılan Konutların Birim Kiraları | FİYAT ENDEKSLERİ > KONUT FİYAT ENDEKSİ (TCMB) | TCMB | TL/m2,False,2020-01-01,2026-06-30,6,avg,1,26,26,0,2020-Q1,2026-Q2,2020-Q1,2026-Q2
TP.BK.ISTANBUL,housing_rent_level,Istanbul konut birim kirasi,İstanbul Konut Birim Kiraları,Housing Unit Rents for Istanbul,bie_bk,ÜÇ AYLIK,avg,ORTALAMA,-1,1,20.0,0,1,1,1,1,1,bie_bk::TP.BK.ISTANBUL,Değerlemesi Yapılan Konutların Birim Kiraları,2003,FİYAT ENDEKSLERİ > KONUT FİYAT ENDEKSİ (TCMB),TCMB,TL/m2,False,https://www.tcmb.gov.tr/wps/wcm/connect/TR/TCMB+TR/Main+Menu/Istatistikler/Reel+Sektor+Istatistikleri/Konut+Fiyat+Endeksi/Metaveri,,https://www.tcmb.gov.tr/wps/wcm/connect/TR/TCMB+TR/Main+Menu/Istatistikler/Reel+Sektor+Istatistikleri/Konut+Fiyat+Endeksi/Uygulama+Degisiklikleri,4ff6e1a2ebf5980576574eba8ee1ad2a751c92ed64af1fa77f8e6d77f58a8a4e,2026-09-07T17:39:26.587621+00:00,TP.BK.ISTANBUL | İstanbul Konut Birim Kiraları | Housing Unit Rents for Istanbul | Değerlemesi Yapılan Konutların Birim Kiraları | FİYAT ENDEKSLERİ > KONUT FİYAT ENDEKSİ (TCMB) | TCMB | TL/m2,False,2020-01-01,2026-06-30,6,avg,1,26,26,0,2020-Q1,2026-Q2,2020-Q1,2026-Q2
TP.BK.IZMIR,housing_rent_level,Izmir konut birim kirasi,İzmir Konut Birim Kiraları,Housing Unit Rents for Izmir,bie_bk,ÜÇ AYLIK,avg,ORTALAMA,-1,1,40.0,0,1,1,1,1,1,bie_bk::TP.BK.IZMIR,Değerlemesi Yapılan Konutların Birim Kiraları,2003,FİYAT ENDEKSLERİ > KONUT FİYAT ENDEKSİ (TCMB),TCMB,TL/m2,False,https://www.tcmb.gov.tr/wps/wcm/connect/TR/TCMB+TR/Main+Menu/Istatistikler/Reel+Sektor+Istatistikleri/Konut+Fiyat+Endeksi/Metaveri,,https://www.tcmb.gov.tr/wps/wcm/connect/TR/TCMB+TR/Main+Menu/Istatistikler/Reel+Sektor+Istatistikleri/Konut+Fiyat+Endeksi/Uygulama+Degisiklikleri,4ff6e1a2ebf5980576574eba8ee1ad2a751c92ed64af1fa77f8e6d77f58a8a4e,2026-09-07T17:39:26.587621+00:00,TP.BK.IZMIR | İzmir Konut Birim Kiraları | Housing Unit Rents for Izmir | Değerlemesi Yapılan Konutların Birim Kiraları | FİYAT ENDEKSLERİ > KONUT FİYAT ENDEKSİ (TCMB) | TCMB | TL/m2,False,2020-01-01,2026-06-30,6,avg,1,26,26,0,2020-Q1,2026-Q2,2020-Q1,2026-Q2
TP.BK.TR,housing_rent_level,Turkiye konut birim kirasi,Türkiye Konut Birim Kiraları,Housing Unit Rents for Türkiye,bie_bk,ÜÇ AYLIK,avg,ORTALAMA,-1,1,10.0,0,1,1,1,1,1,bie_bk::TP.BK.TR,Değerlemesi Yapılan Konutların Birim Kiraları,2003,FİYAT ENDEKSLERİ > KONUT FİYAT ENDEKSİ (TCMB),TCMB,TL/m2,False,https://www.tcmb.gov.tr/wps/wcm/connect/TR/TCMB+TR/Main+Menu/Istatistikler/Reel+Sektor+Istatistikleri/Konut+Fiyat+Endeksi/Metaveri,,https://www.tcmb.gov.tr/wps/wcm/connect/TR/TCMB+TR/Main+Menu/Istatistikler/Reel+Sektor+Istatistikleri/Konut+Fiyat+Endeksi/Uygulama+Degisiklikleri,4ff6e1a2ebf5980576574eba8ee1ad2a751c92ed64af1fa77f8e6d77f58a8a4e,2026-09-07T17:39:26.587621+00:00,TP.BK.TR | Türkiye Konut Birim Kiraları | Housing Unit Rents for Türkiye | Değerlemesi Yapılan Konutların Birim Kiraları | FİYAT ENDEKSLERİ > KONUT FİYAT ENDEKSİ (TCMB) | TCMB | TL/m2,False,2020-01-01,2026-06-30,6,avg,1,26,26,0,2020-Q1,2026-Q2,2020-Q1,2026-Q2
TP.GSYIH60.HY.B1GQ,activity_control,Mevsim etkisinden arindirilmis reel GSYIH,"Gayrisafi Yurt İçi Hasıla (Harcama Yöntemiyle, Mevsim Etkisinden Arındırılmış  Zincirlenmiş Hacim Endeksi)","Gross Domestic Product (Purchaser's Price) (Expenditure Approach, Seasonally Adjusted Chained Volume Index)",bie_gsyhmevset,ÜÇ AYLIK,avg,ORTALAMA,-1,1,10.0,0,1,1,1,1,1,bie_gsyhmevset::TP.GSYIH60.HY.B1GQ,"Gayrisafi Yurt İçi Hasıla - Harcama Yöntemiyle, Mevsim Etkisinden Arındırılmış Zincirlenmiş Hacim Endeksi (2009=100)",150201,"BÜYÜME, İSTİHDAM, KAMU MALİYESİ > DÖNEMSEL GAYRİSAFİ YURT İÇİ HASILA (TÜİK) > HARCAMA YÖNTEMİ İLE GAYRİSAFİ YURT İÇİ HASILA",TÜİK,,False,https://veriportali.tuik.gov.tr/tr/press/54162/metadata,,,6ee9b8b82b5622dedbf9b86c3734a2c86cc278511ae1bb2bf32d52e45599cc4c,2026-09-07T20:47:08.053519+00:00,"TP.GSYIH60.HY.B1GQ | Gayrisafi Yurt İçi Hasıla (Harcama Yöntemiyle, Mevsim Etkisinden Arındırılmış  Zincirlenmiş Hacim Endeksi) | Gross Domestic Product (Purchaser's Price) (Expenditure Approach, Seasonally Adjusted Chained Volume Index) | Gayrisafi Yurt İçi Hasıla - Harcama Yöntemiyle, Mevsim Etkisinden Arındırılmış Zincirlenmiş Hacim Endeksi (2009=100) | BÜYÜME, İSTİHDAM, KAMU MALİYESİ > DÖNEMSEL GAYRİSAFİ YURT İÇİ HASILA (TÜİK) > HARCAMA YÖNTEMİ İLE GAYRİSAFİ YURT İÇİ HASILA | TÜİK",False,2020-01-01,2026-06-30,6,avg,1,26,26,0,2020-Q1,2026-Q2,2020-Q1,2026-Q2
TP.GSYIH60.HY.P311,consumption_control,Mevsim etkisinden arindirilmis reel hanehalki tuketimi,"Yerleşik Hanehalklarının Tüketimi (Harcama Yöntemiyle, Mevsim Etkisinden Arındırılmış  Zincirlenmiş Hacim Endeksi)","Final Consumption Expenditures of Households (Expenditure Approach, Seasonally Adjusted Chained Volume Index)",bie_gsyhmevset,ÜÇ AYLIK,avg,ORTALAMA,-1,1,20.0,0,1,1,1,1,1,bie_gsyhmevset::TP.GSYIH60.HY.P311,"Gayrisafi Yurt İçi Hasıla - Harcama Yöntemiyle, Mevsim Etkisinden Arındırılmış Zincirlenmiş Hacim Endeksi (2009=100)",150201,"BÜYÜME, İSTİHDAM, KAMU MALİYESİ > DÖNEMSEL GAYRİSAFİ YURT İÇİ HASILA (TÜİK) > HARCAMA YÖNTEMİ İLE GAYRİSAFİ YURT İÇİ HASILA",TÜİK,,False,https://veriportali.tuik.gov.tr/tr/press/54162/metadata,,,6ee9b8b82b5622dedbf9b86c3734a2c86cc278511ae1bb2bf32d52e45599cc4c,2026-09-07T20:47:08.053519+00:00,"TP.GSYIH60.HY.P311 | Yerleşik Hanehalklarının Tüketimi (Harcama Yöntemiyle, Mevsim Etkisinden Arındırılmış  Zincirlenmiş Hacim Endeksi) | Final Consumption Expenditures of Households (Expenditure Approach, Seasonally Adjusted Chained Volume Index) | Gayrisafi Yurt İçi Hasıla - Harcama Yöntemiyle, Mevsim Etkisinden Arındırılmış Zincirlenmiş Hacim Endeksi (2009=100) | BÜYÜME, İSTİHDAM, KAMU MALİYESİ > DÖNEMSEL GAYRİSAFİ YURT İÇİ HASILA (TÜİK) > HARCAMA YÖNTEMİ İLE GAYRİSAFİ YURT İÇİ HASILA | TÜİK",False,2020-01-01,2026-06-30,6,avg,1,26,26,0,2020-Q1,2026-Q2,2020-Q1,2026-Q2
TP.IN.KL2.TOPLAM.TOP.D,housing_completion,Yapi kullanma izin belgesi alan toplam daire sayisi,(Toplam) Binalar (Daire Sayısı),(Total) Buildings (Number of Dwelling Units),bie_inypkl2,AYLIK,sum,KÜMÜLATİF,-1,1,1440.0,0,1,1,1,1,1,bie_inypkl2::TP.IN.KL2.TOPLAM.TOP.D,İnşaat İstatistikleri-Yapı Kullanma İzin Belgelerine Göre,5002,"REEL SEKTÖR İSTATİSTİKLERİ > KONUT, İŞ YERİ VE İNŞAAT İSTATİSTİKLERİ (TÜİK)",TÜİK,"Adet,TL/m2",False,https://veriportali.tuik.gov.tr/tr/press/58303/metadata,https://veriportali.tuik.gov.tr/tr/press/58303/metadata,https://veriportali.tuik.gov.tr/tr/press/58303/metadata,062002993b2ea2fe078e0b5710dfa6f2a771906de7ad013a5e9b7266b25af13e,2026-09-07T20:47:14.762508+00:00,"TP.IN.KL2.TOPLAM.TOP.D | (Toplam) Binalar (Daire Sayısı) | (Total) Buildings (Number of Dwelling Units) | İnşaat İstatistikleri-Yapı Kullanma İzin Belgelerine Göre | REEL SEKTÖR İSTATİSTİKLERİ > KONUT, İŞ YERİ VE İNŞAAT İSTATİSTİKLERİ (TÜİK) | TÜİK | Adet,TL/m2",False,2020-01-01,2026-06-30,5,sum,1,78,78,0,2020-01,2026-06,2020-01,2026-06
TP.MK.KUL.YTL,alternative_asset,Konut ve mevduata alternatif yatirim kanali olarak TL gram altin fiyati,Külçe Altın Satış Fiyatı (TL/Gr),Bullion Gold Selling Price (TRY/Gr),bie_mkaltytl,AYLIK,avg,ORTALAMA,-1,1,20.0,0,1,1,1,1,1,bie_mkaltytl::TP.MK.KUL.YTL,Altın Fiyatları (Ankara Kuyumcular ve Saatçiler Odası),2502,DÖVİZ KURLARI VE KIYMETLİ MADENLER > ALTIN İSTATİSTİKLERİ,Serbest Piyasa,,False,,,,3fcc7d315426676f1487aef0e974f0883ed34710c6e540a51241a9360f59f3e0,2026-09-07T20:47:28.645994+00:00,TP.MK.KUL.YTL | Külçe Altın Satış Fiyatı (TL/Gr) | Bullion Gold Selling Price (TRY/Gr) | Altın Fiyatları (Ankara Kuyumcular ve Saatçiler Odası) | DÖVİZ KURLARI VE KIYMETLİ MADENLER > ALTIN İSTATİSTİKLERİ | Serbest Piyasa,False,2020-01-01,2026-06-30,5,avg,1,77,77,0,2020-01,2026-05,2020-01,2026-05
