table_no,table_name,group_code,group_name,measure_code,measure_label,missing_kind,missing_reason,value_origin,is_analytically_resolved,missing_measurement_count
5,Oranlar,10001,SEKTÖR,DenizcilikKrediPerformansOrani,Denizcilik Kredi Performans Oranı,structural_undefined,The source ratio is undefined because its denominator is zero.,source_null,False,573
5,Oranlar,10001,SEKTÖR,EnerjiKrediPerformansOrani,Enerji Kredi Performans Oranı,structural_undefined,The source ratio is undefined because its denominator is zero.,source_null,False,8
5,Oranlar,10002,MEVDUAT,DenizcilikKrediPerformansOrani,Denizcilik Kredi Performans Oranı,structural_undefined,The source ratio is undefined because its denominator is zero.,source_null,False,601
5,Oranlar,10002,MEVDUAT,EnerjiKrediPerformansOrani,Enerji Kredi Performans Oranı,structural_undefined,The source ratio is undefined because its denominator is zero.,source_null,False,8
5,Oranlar,10003,KALKINMA VE YATIRIM,DenizcilikKrediPerformansOrani,Denizcilik Kredi Performans Oranı,structural_undefined,The source ratio is undefined because its denominator is zero.,source_null,False,1578
5,Oranlar,10003,KALKINMA VE YATIRIM,DigerTuketiciKredileriPerformansOrani,Diğer Tüketici Kredileri Performans Oranı,structural_undefined,The source ratio is undefined because its denominator is zero.,source_null,False,302
5,Oranlar,10003,KALKINMA VE YATIRIM,EnerjiKrediPerformansOrani,Enerji Kredi Performans Oranı,structural_undefined,The source ratio is undefined because its denominator is zero.,source_null,False,1125
5,Oranlar,10003,KALKINMA VE YATIRIM,FinansalKuruluslarKrediPerformansOrani,Finansal Kuruluşlar Kredi Performans Oranı,structural_undefined,The source ratio is undefined because its denominator is zero.,source_null,False,1541
5,Oranlar,10003,KALKINMA VE YATIRIM,GidaMesrubatveTutunKrediPerformansOrani,Gıda Meşrubat ve Tütün Kredi Performans Oranı,structural_undefined,The source ratio is undefined because its denominator is zero.,source_null,False,610
5,Oranlar,10003,KALKINMA VE YATIRIM,InsaatKrediPerformansOrani,İnşaat Kredi Performans Oranı,structural_undefined,The source ratio is undefined because its denominator is zero.,source_null,False,1250
5,Oranlar,10003,KALKINMA VE YATIRIM,KonutKredisiPerformansOrani,Konut Kredisi Performans Oranı,structural_undefined,The source ratio is undefined because its denominator is zero.,source_null,False,1747
5,Oranlar,10003,KALKINMA VE YATIRIM,MetalveIslenmisMadenKrediPerformansOrani,Metal ve İşlenmiş Maden Kredi Performans Oranı,structural_undefined,The source ratio is undefined because its denominator is zero.,source_null,False,851
5,Oranlar,10003,KALKINMA VE YATIRIM,TasitKredisiPerformansOrani,Taşıt Kredisi Performans Oranı,structural_undefined,The source ratio is undefined because its denominator is zero.,source_null,False,420
5,Oranlar,10003,KALKINMA VE YATIRIM,TekstilveTekstilUrunleriKrediPerformansOrani,Tekstil ve Tekstil Ürünleri Kredi Performans Oranı,structural_undefined,The source ratio is undefined because its denominator is zero.,source_null,False,900
5,Oranlar,10003,KALKINMA VE YATIRIM,ToplamNakdiKrediTasarrufMevduatiOrani,Toplam Nakdi Kredi Tasarruf Mevduatı Oranı,source_not_applicable,The denominator source row is not published for this institution-group and city combination.,source_null,False,1782
5,Oranlar,10003,KALKINMA VE YATIRIM,ToplamNakdiKrediToplamMevduatOrani,Toplam Nakdi Kredi Toplam Mevduat Oranı,source_not_applicable,The denominator source row is not published for this institution-group and city combination.,source_null,False,1782
5,Oranlar,10003,KALKINMA VE YATIRIM,ToptanTicaretveKomisyonculukKrediPerformansOrani,Toptan Ticaret ve Komisyonculuk Kredi Performans Oranı,structural_undefined,The source ratio is undefined because its denominator is zero.,source_null,False,532
5,Oranlar,10003,KALKINMA VE YATIRIM,TurizmKrediPerformansOrani,Turizm Kredi Performans Oranı,structural_undefined,The source ratio is undefined because its denominator is zero.,source_null,False,1251
5,Oranlar,10003,KALKINMA VE YATIRIM,ZiraatveBalikcilikKrediPerformansOrani,Ziraat ve Balıkçılık Kredi Performans Oran,structural_undefined,The source ratio is undefined because its denominator is zero.,source_null,False,1169
5,Oranlar,10004,KATILIM,DenizcilikKrediPerformansOrani,Denizcilik Kredi Performans Oranı,structural_undefined,The source ratio is undefined because its denominator is zero.,source_null,False,1315
5,Oranlar,10004,KATILIM,EnerjiKrediPerformansOrani,Enerji Kredi Performans Oranı,structural_undefined,The source ratio is undefined because its denominator is zero.,source_null,False,352
5,Oranlar,10004,KATILIM,FinansalKuruluslarKrediPerformansOrani,Finansal Kuruluşlar Kredi Performans Oranı,structural_undefined,The source ratio is undefined because its denominator is zero.,source_null,False,701
5,Oranlar,10004,KATILIM,GidaMesrubatveTutunKrediPerformansOrani,Gıda Meşrubat ve Tütün Kredi Performans Oranı,structural_undefined,The source ratio is undefined because its denominator is zero.,source_null,False,119
5,Oranlar,10004,KATILIM,InsaatKrediPerformansOrani,İnşaat Kredi Performans Oranı,structural_undefined,The source ratio is undefined because its denominator is zero.,source_null,False,50
5,Oranlar,10004,KATILIM,MetalveIslenmisMadenKrediPerformansOrani,Metal ve İşlenmiş Maden Kredi Performans Oranı,structural_undefined,The source ratio is undefined because its denominator is zero.,source_null,False,223
5,Oranlar,10004,KATILIM,TekstilveTekstilUrunleriKrediPerformansOrani,Tekstil ve Tekstil Ürünleri Kredi Performans Oranı,structural_undefined,The source ratio is undefined because its denominator is zero.,source_null,False,372
5,Oranlar,10004,KATILIM,ToptanTicaretveKomisyonculukKrediPerformansOrani,Toptan Ticaret ve Komisyonculuk Kredi Performans Oranı,structural_undefined,The source ratio is undefined because its denominator is zero.,source_null,False,35
5,Oranlar,10004,KATILIM,TurizmKrediPerformansOrani,Turizm Kredi Performans Oranı,structural_undefined,The source ratio is undefined because its denominator is zero.,source_null,False,208
5,Oranlar,10004,KATILIM,ZiraatveBalikcilikKrediPerformansOrani,Ziraat ve Balıkçılık Kredi Performans Oran,structural_undefined,The source ratio is undefined because its denominator is zero.,source_null,False,131
5,Oranlar,10005,YABANCI,DenizcilikKrediPerformansOrani,Denizcilik Kredi Performans Oranı,structural_undefined,The source ratio is undefined because its denominator is zero.,source_null,False,953
5,Oranlar,10005,YABANCI,EnerjiKrediPerformansOrani,Enerji Kredi Performans Oranı,structural_undefined,The source ratio is undefined because its denominator is zero.,source_null,False,107
5,Oranlar,10005,YABANCI,FinansalKuruluslarKrediPerformansOrani,Finansal Kuruluşlar Kredi Performans Oranı,structural_undefined,The source ratio is undefined because its denominator is zero.,source_null,False,51
5,Oranlar,10005,YABANCI,MetalveIslenmisMadenKrediPerformansOrani,Metal ve İşlenmiş Maden Kredi Performans Oranı,structural_undefined,The source ratio is undefined because its denominator is zero.,source_null,False,19
5,Oranlar,10005,YABANCI,TekstilveTekstilUrunleriKrediPerformansOrani,Tekstil ve Tekstil Ürünleri Kredi Performans Oranı,structural_undefined,The source ratio is undefined because its denominator is zero.,source_null,False,29
5,Oranlar,10006,KAMU,DenizcilikKrediPerformansOrani,Denizcilik Kredi Performans Oranı,structural_undefined,The source ratio is undefined because its denominator is zero.,source_null,False,810
5,Oranlar,10006,KAMU,EnerjiKrediPerformansOrani,Enerji Kredi Performans Oranı,structural_undefined,The source ratio is undefined because its denominator is zero.,source_null,False,52
5,Oranlar,10006,KAMU,FinansalKuruluslarKrediPerformansOrani,Finansal Kuruluşlar Kredi Performans Oranı,structural_undefined,The source ratio is undefined because its denominator is zero.,source_null,False,20
5,Oranlar,10007,YERLİ ÖZEL,DenizcilikKrediPerformansOrani,Denizcilik Kredi Performans Oranı,structural_undefined,The source ratio is undefined because its denominator is zero.,source_null,False,1021
5,Oranlar,10007,YERLİ ÖZEL,EnerjiKrediPerformansOrani,Enerji Kredi Performans Oranı,structural_undefined,The source ratio is undefined because its denominator is zero.,source_null,False,33
5,Oranlar,10007,YERLİ ÖZEL,FinansalKuruluslarKrediPerformansOrani,Finansal Kuruluşlar Kredi Performans Oranı,structural_undefined,The source ratio is undefined because its denominator is zero.,source_null,False,38
5,Oranlar,10007,YERLİ ÖZEL,TekstilveTekstilUrunleriKrediPerformansOrani,Tekstil ve Tekstil Ürünleri Kredi Performans Oranı,structural_undefined,The source ratio is undefined because its denominator is zero.,source_null,False,3
6,Subeler ve Nufusa Gore Dagilim,10003,KALKINMA VE YATIRIM,KisiBasiTasarrufMevduati,Kişi Başı Tasarruf Mevduatı,source_not_applicable,The underlying deposit or credit measure is not published for this institution-group and city combination.,source_null,False,1782
6,Subeler ve Nufusa Gore Dagilim,10003,KALKINMA VE YATIRIM,KisiBasiToplamMevduat,Kişi Başı Toplam Mevduat,source_not_applicable,The underlying deposit or credit measure is not published for this institution-group and city combination.,source_null,False,1782
6,Subeler ve Nufusa Gore Dagilim,10003,KALKINMA VE YATIRIM,SubeSayisi,Yurtiçi Şube Sayısı,source_not_reported,The official source cell remains null; analytical zero is proven separately by the exact FinTurk functional-group identity.,derived_zero_function_group_identity,True,1201
6,Subeler ve Nufusa Gore Dagilim,10003,KALKINMA VE YATIRIM,SubeyeDusenNufus,Şubeye Düşen Nüfus,structural_undefined,"Population per branch is undefined because the branch count is zero, proven by the FinTurk functional-group identity.",source_null,False,1201
6,Subeler ve Nufusa Gore Dagilim,10004,KATILIM,SubeSayisi,Yurtiçi Şube Sayısı,source_not_reported,The official source cell remains null; analytical zero is proven separately by the exact FinTurk functional-group identity.,derived_zero_function_group_identity,True,127
6,Subeler ve Nufusa Gore Dagilim,10004,KATILIM,SubeyeDusenNufus,Şubeye Düşen Nüfus,structural_undefined,"Population per branch is undefined because the branch count is zero, proven by the FinTurk functional-group identity.",source_null,False,127
