target_period,series_code,analysis_column,series_name_tr,role,native_frequency,target_frequency,aggregation,value,source_observation_count,non_null_observation_count,missing_observation_count,first_source_period,last_source_period,source_period_end_max
2020-01,TP.ALTINPIYASA.KAP05,TP_ALTINPIYASA_KAP05,Altın - Kapanış Fiyatı  - TL/gr,alternative_asset,İŞ GÜNÜ,monthly,last,297.5,23,1,22,2020-01-01,2020-01-31,2020-01-31
2020-01,TP.MK.F.BILESIK,TP_MK_F_BILESIK,"(FİYAT) BİST 100 Endeks (XU100), Kapanış Fiyatlarına Göre (Ocak 1986=0,01)",equity_market,İŞ GÜNÜ,monthly,last,1191.4,23,22,1,2020-01-01,2020-01-31,2020-01-31
2020-02,TP.ALTINPIYASA.KAP05,TP_ALTINPIYASA_KAP05,Altın - Kapanış Fiyatı  - TL/gr,alternative_asset,İŞ GÜNÜ,monthly,last,,20,0,20,2020-02-03,2020-02-28,2020-02-28
2020-02,TP.MK.F.BILESIK,TP_MK_F_BILESIK,"(FİYAT) BİST 100 Endeks (XU100), Kapanış Fiyatlarına Göre (Ocak 1986=0,01)",equity_market,İŞ GÜNÜ,monthly,last,1059.94,20,20,0,2020-02-03,2020-02-28,2020-02-28
2020-03,TP.ALTINPIYASA.KAP05,TP_ALTINPIYASA_KAP05,Altın - Kapanış Fiyatı  - TL/gr,alternative_asset,İŞ GÜNÜ,monthly,last,,22,0,22,2020-03-02,2020-03-31,2020-03-31
2020-03,TP.MK.F.BILESIK,TP_MK_F_BILESIK,"(FİYAT) BİST 100 Endeks (XU100), Kapanış Fiyatlarına Göre (Ocak 1986=0,01)",equity_market,İŞ GÜNÜ,monthly,last,896.44,22,22,0,2020-03-02,2020-03-31,2020-03-31
2020-04,TP.ALTINPIYASA.KAP05,TP_ALTINPIYASA_KAP05,Altın - Kapanış Fiyatı  - TL/gr,alternative_asset,İŞ GÜNÜ,monthly,last,383.4,22,1,21,2020-04-01,2020-04-30,2020-04-30
2020-04,TP.MK.F.BILESIK,TP_MK_F_BILESIK,"(FİYAT) BİST 100 Endeks (XU100), Kapanış Fiyatlarına Göre (Ocak 1986=0,01)",equity_market,İŞ GÜNÜ,monthly,last,1011.1,22,21,1,2020-04-01,2020-04-30,2020-04-30
2020-05,TP.ALTINPIYASA.KAP05,TP_ALTINPIYASA_KAP05,Altın - Kapanış Fiyatı  - TL/gr,alternative_asset,İŞ GÜNÜ,monthly,last,395.5,21,1,20,2020-05-01,2020-05-29,2020-05-29
2020-05,TP.MK.F.BILESIK,TP_MK_F_BILESIK,"(FİYAT) BİST 100 Endeks (XU100), Kapanış Fiyatlarına Göre (Ocak 1986=0,01)",equity_market,İŞ GÜNÜ,monthly,last,1055.2,21,17,4,2020-05-01,2020-05-29,2020-05-29
2020-06,TP.ALTINPIYASA.KAP05,TP_ALTINPIYASA_KAP05,Altın - Kapanış Fiyatı  - TL/gr,alternative_asset,İŞ GÜNÜ,monthly,last,381.0,22,2,20,2020-06-01,2020-06-30,2020-06-30
2020-06,TP.MK.F.BILESIK,TP_MK_F_BILESIK,"(FİYAT) BİST 100 Endeks (XU100), Kapanış Fiyatlarına Göre (Ocak 1986=0,01)",equity_market,İŞ GÜNÜ,monthly,last,1165.25,22,22,0,2020-06-01,2020-06-30,2020-06-30
2020-07,TP.ALTINPIYASA.KAP05,TP_ALTINPIYASA_KAP05,Altın - Kapanış Fiyatı  - TL/gr,alternative_asset,İŞ GÜNÜ,monthly,last,390.0,23,1,22,2020-07-01,2020-07-31,2020-07-31
2020-07,TP.MK.F.BILESIK,TP_MK_F_BILESIK,"(FİYAT) BİST 100 Endeks (XU100), Kapanış Fiyatlarına Göre (Ocak 1986=0,01)",equity_market,İŞ GÜNÜ,monthly,last,1126.9,23,21,2,2020-07-01,2020-07-31,2020-07-31
2020-08,TP.ALTINPIYASA.KAP05,TP_ALTINPIYASA_KAP05,Altın - Kapanış Fiyatı  - TL/gr,alternative_asset,İŞ GÜNÜ,monthly,last,,21,0,21,2020-08-03,2020-08-31,2020-08-31
2020-08,TP.MK.F.BILESIK,TP_MK_F_BILESIK,"(FİYAT) BİST 100 Endeks (XU100), Kapanış Fiyatlarına Göre (Ocak 1986=0,01)",equity_market,İŞ GÜNÜ,monthly,last,1078.61,21,20,1,2020-08-03,2020-08-31,2020-08-31
2020-09,TP.ALTINPIYASA.KAP05,TP_ALTINPIYASA_KAP05,Altın - Kapanış Fiyatı  - TL/gr,alternative_asset,İŞ GÜNÜ,monthly,last,,22,0,22,2020-09-01,2020-09-30,2020-09-30
2020-09,TP.MK.F.BILESIK,TP_MK_F_BILESIK,"(FİYAT) BİST 100 Endeks (XU100), Kapanış Fiyatlarına Göre (Ocak 1986=0,01)",equity_market,İŞ GÜNÜ,monthly,last,1145.24,22,22,0,2020-09-01,2020-09-30,2020-09-30
2020-10,TP.ALTINPIYASA.KAP05,TP_ALTINPIYASA_KAP05,Altın - Kapanış Fiyatı  - TL/gr,alternative_asset,İŞ GÜNÜ,monthly,last,482.0,22,2,20,2020-10-01,2020-10-30,2020-10-30
2020-10,TP.MK.F.BILESIK,TP_MK_F_BILESIK,"(FİYAT) BİST 100 Endeks (XU100), Kapanış Fiyatlarına Göre (Ocak 1986=0,01)",equity_market,İŞ GÜNÜ,monthly,last,1112.37,22,21,1,2020-10-01,2020-10-30,2020-10-30
2020-11,TP.ALTINPIYASA.KAP05,TP_ALTINPIYASA_KAP05,Altın - Kapanış Fiyatı  - TL/gr,alternative_asset,İŞ GÜNÜ,monthly,last,455.0,21,2,19,2020-11-02,2020-11-30,2020-11-30
2020-11,TP.MK.F.BILESIK,TP_MK_F_BILESIK,"(FİYAT) BİST 100 Endeks (XU100), Kapanış Fiyatlarına Göre (Ocak 1986=0,01)",equity_market,İŞ GÜNÜ,monthly,last,1283.58,21,21,0,2020-11-02,2020-11-30,2020-11-30
2020-12,TP.ALTINPIYASA.KAP05,TP_ALTINPIYASA_KAP05,Altın - Kapanış Fiyatı  - TL/gr,alternative_asset,İŞ GÜNÜ,monthly,last,456.0,23,1,22,2020-12-01,2020-12-31,2020-12-31
2020-12,TP.MK.F.BILESIK,TP_MK_F_BILESIK,"(FİYAT) BİST 100 Endeks (XU100), Kapanış Fiyatlarına Göre (Ocak 1986=0,01)",equity_market,İŞ GÜNÜ,monthly,last,1476.72,23,23,0,2020-12-01,2020-12-31,2020-12-31
2021-01,TP.ALTINPIYASA.KAP05,TP_ALTINPIYASA_KAP05,Altın - Kapanış Fiyatı  - TL/gr,alternative_asset,İŞ GÜNÜ,monthly,last,,21,0,21,2021-01-01,2021-01-29,2021-01-29
2021-01,TP.MK.F.BILESIK,TP_MK_F_BILESIK,"(FİYAT) BİST 100 Endeks (XU100), Kapanış Fiyatlarına Göre (Ocak 1986=0,01)",equity_market,İŞ GÜNÜ,monthly,last,1473.45,21,20,1,2021-01-01,2021-01-29,2021-01-29
2021-02,TP.ALTINPIYASA.KAP05,TP_ALTINPIYASA_KAP05,Altın - Kapanış Fiyatı  - TL/gr,alternative_asset,İŞ GÜNÜ,monthly,last,420.0,20,3,17,2021-02-01,2021-02-26,2021-02-26
2021-02,TP.MK.F.BILESIK,TP_MK_F_BILESIK,"(FİYAT) BİST 100 Endeks (XU100), Kapanış Fiyatlarına Göre (Ocak 1986=0,01)",equity_market,İŞ GÜNÜ,monthly,last,1471.39,20,20,0,2021-02-01,2021-02-26,2021-02-26
2021-03,TP.ALTINPIYASA.KAP05,TP_ALTINPIYASA_KAP05,Altın - Kapanış Fiyatı  - TL/gr,alternative_asset,İŞ GÜNÜ,monthly,last,452.3,23,2,21,2021-03-01,2021-03-31,2021-03-31
2021-03,TP.MK.F.BILESIK,TP_MK_F_BILESIK,"(FİYAT) BİST 100 Endeks (XU100), Kapanış Fiyatlarına Göre (Ocak 1986=0,01)",equity_market,İŞ GÜNÜ,monthly,last,1391.73,23,23,0,2021-03-01,2021-03-31,2021-03-31
2021-04,TP.ALTINPIYASA.KAP05,TP_ALTINPIYASA_KAP05,Altın - Kapanış Fiyatı  - TL/gr,alternative_asset,İŞ GÜNÜ,monthly,last,467.0,22,1,21,2021-04-01,2021-04-30,2021-04-30
2021-04,TP.MK.F.BILESIK,TP_MK_F_BILESIK,"(FİYAT) BİST 100 Endeks (XU100), Kapanış Fiyatlarına Göre (Ocak 1986=0,01)",equity_market,İŞ GÜNÜ,monthly,last,1397.82,22,21,1,2021-04-01,2021-04-30,2021-04-30
2021-05,TP.ALTINPIYASA.KAP05,TP_ALTINPIYASA_KAP05,Altın - Kapanış Fiyatı  - TL/gr,alternative_asset,İŞ GÜNÜ,monthly,last,,21,0,21,2021-05-03,2021-05-31,2021-05-31
2021-05,TP.MK.F.BILESIK,TP_MK_F_BILESIK,"(FİYAT) BİST 100 Endeks (XU100), Kapanış Fiyatlarına Göre (Ocak 1986=0,01)",equity_market,İŞ GÜNÜ,monthly,last,1420.49,21,18,3,2021-05-03,2021-05-31,2021-05-31
2021-06,TP.ALTINPIYASA.KAP05,TP_ALTINPIYASA_KAP05,Altın - Kapanış Fiyatı  - TL/gr,alternative_asset,İŞ GÜNÜ,monthly,last,505.0,22,3,19,2021-06-01,2021-06-30,2021-06-30
2021-06,TP.MK.F.BILESIK,TP_MK_F_BILESIK,"(FİYAT) BİST 100 Endeks (XU100), Kapanış Fiyatlarına Göre (Ocak 1986=0,01)",equity_market,İŞ GÜNÜ,monthly,last,1356.34,22,22,0,2021-06-01,2021-06-30,2021-06-30
2021-07,TP.ALTINPIYASA.KAP05,TP_ALTINPIYASA_KAP05,Altın - Kapanış Fiyatı  - TL/gr,alternative_asset,İŞ GÜNÜ,monthly,last,492.0,22,1,21,2021-07-01,2021-07-30,2021-07-30
2021-07,TP.MK.F.BILESIK,TP_MK_F_BILESIK,"(FİYAT) BİST 100 Endeks (XU100), Kapanış Fiyatlarına Göre (Ocak 1986=0,01)",equity_market,İŞ GÜNÜ,monthly,last,1392.91,22,17,5,2021-07-01,2021-07-30,2021-07-30
2021-08,TP.ALTINPIYASA.KAP05,TP_ALTINPIYASA_KAP05,Altın - Kapanış Fiyatı  - TL/gr,alternative_asset,İŞ GÜNÜ,monthly,last,,22,0,22,2021-08-02,2021-08-31,2021-08-31
2021-08,TP.MK.F.BILESIK,TP_MK_F_BILESIK,"(FİYAT) BİST 100 Endeks (XU100), Kapanış Fiyatlarına Göre (Ocak 1986=0,01)",equity_market,İŞ GÜNÜ,monthly,last,1472.07,22,21,1,2021-08-02,2021-08-31,2021-08-31
2021-09,TP.ALTINPIYASA.KAP05,TP_ALTINPIYASA_KAP05,Altın - Kapanış Fiyatı  - TL/gr,alternative_asset,İŞ GÜNÜ,monthly,last,495.0,22,2,20,2021-09-01,2021-09-30,2021-09-30
2021-09,TP.MK.F.BILESIK,TP_MK_F_BILESIK,"(FİYAT) BİST 100 Endeks (XU100), Kapanış Fiyatlarına Göre (Ocak 1986=0,01)",equity_market,İŞ GÜNÜ,monthly,last,1406.39,22,22,0,2021-09-01,2021-09-30,2021-09-30
2021-10,TP.ALTINPIYASA.KAP05,TP_ALTINPIYASA_KAP05,Altın - Kapanış Fiyatı  - TL/gr,alternative_asset,İŞ GÜNÜ,monthly,last,528.25,21,1,20,2021-10-01,2021-10-29,2021-10-29
2021-10,TP.MK.F.BILESIK,TP_MK_F_BILESIK,"(FİYAT) BİST 100 Endeks (XU100), Kapanış Fiyatlarına Göre (Ocak 1986=0,01)",equity_market,İŞ GÜNÜ,monthly,last,1522.04,21,20,1,2021-10-01,2021-10-29,2021-10-29
2021-11,TP.ALTINPIYASA.KAP05,TP_ALTINPIYASA_KAP05,Altın - Kapanış Fiyatı  - TL/gr,alternative_asset,İŞ GÜNÜ,monthly,last,659.0,22,2,20,2021-11-01,2021-11-30,2021-11-30
2021-11,TP.MK.F.BILESIK,TP_MK_F_BILESIK,"(FİYAT) BİST 100 Endeks (XU100), Kapanış Fiyatlarına Göre (Ocak 1986=0,01)",equity_market,İŞ GÜNÜ,monthly,last,1809.65,22,22,0,2021-11-01,2021-11-30,2021-11-30
2021-12,TP.ALTINPIYASA.KAP05,TP_ALTINPIYASA_KAP05,Altın - Kapanış Fiyatı  - TL/gr,alternative_asset,İŞ GÜNÜ,monthly,last,776.0,23,6,17,2021-12-01,2021-12-31,2021-12-31
2021-12,TP.MK.F.BILESIK,TP_MK_F_BILESIK,"(FİYAT) BİST 100 Endeks (XU100), Kapanış Fiyatlarına Göre (Ocak 1986=0,01)",equity_market,İŞ GÜNÜ,monthly,last,1857.65,23,23,0,2021-12-01,2021-12-31,2021-12-31
2022-01,TP.ALTINPIYASA.KAP05,TP_ALTINPIYASA_KAP05,Altın - Kapanış Fiyatı  - TL/gr,alternative_asset,İŞ GÜNÜ,monthly,last,764.0,21,9,12,2022-01-03,2022-01-31,2022-01-31
2022-01,TP.MK.F.BILESIK,TP_MK_F_BILESIK,"(FİYAT) BİST 100 Endeks (XU100), Kapanış Fiyatlarına Göre (Ocak 1986=0,01)",equity_market,İŞ GÜNÜ,monthly,last,2003.2,21,21,0,2022-01-03,2022-01-31,2022-01-31
2022-02,TP.ALTINPIYASA.KAP05,TP_ALTINPIYASA_KAP05,Altın - Kapanış Fiyatı  - TL/gr,alternative_asset,İŞ GÜNÜ,monthly,last,854.0,20,13,7,2022-02-01,2022-02-28,2022-02-28
2022-02,TP.MK.F.BILESIK,TP_MK_F_BILESIK,"(FİYAT) BİST 100 Endeks (XU100), Kapanış Fiyatlarına Göre (Ocak 1986=0,01)",equity_market,İŞ GÜNÜ,monthly,last,1946.19,20,20,0,2022-02-01,2022-02-28,2022-02-28
2022-03,TP.ALTINPIYASA.KAP05,TP_ALTINPIYASA_KAP05,Altın - Kapanış Fiyatı  - TL/gr,alternative_asset,İŞ GÜNÜ,monthly,last,886.0,23,10,13,2022-03-01,2022-03-31,2022-03-31
2022-03,TP.MK.F.BILESIK,TP_MK_F_BILESIK,"(FİYAT) BİST 100 Endeks (XU100), Kapanış Fiyatlarına Göre (Ocak 1986=0,01)",equity_market,İŞ GÜNÜ,monthly,last,2233.3,23,23,0,2022-03-01,2022-03-31,2022-03-31
2022-04,TP.ALTINPIYASA.KAP05,TP_ALTINPIYASA_KAP05,Altın - Kapanış Fiyatı  - TL/gr,alternative_asset,İŞ GÜNÜ,monthly,last,923.2,21,5,16,2022-04-01,2022-04-29,2022-04-29
2022-04,TP.MK.F.BILESIK,TP_MK_F_BILESIK,"(FİYAT) BİST 100 Endeks (XU100), Kapanış Fiyatlarına Göre (Ocak 1986=0,01)",equity_market,İŞ GÜNÜ,monthly,last,2430.55,21,21,0,2022-04-01,2022-04-29,2022-04-29
2022-05,TP.ALTINPIYASA.KAP05,TP_ALTINPIYASA_KAP05,Altın - Kapanış Fiyatı  - TL/gr,alternative_asset,İŞ GÜNÜ,monthly,last,968.0,22,10,12,2022-05-02,2022-05-31,2022-05-31
2022-05,TP.MK.F.BILESIK,TP_MK_F_BILESIK,"(FİYAT) BİST 100 Endeks (XU100), Kapanış Fiyatlarına Göre (Ocak 1986=0,01)",equity_market,İŞ GÜNÜ,monthly,last,2547.09,22,18,4,2022-05-02,2022-05-31,2022-05-31
2022-06,TP.ALTINPIYASA.KAP05,TP_ALTINPIYASA_KAP05,Altın - Kapanış Fiyatı  - TL/gr,alternative_asset,İŞ GÜNÜ,monthly,last,966.0,22,16,6,2022-06-01,2022-06-30,2022-06-30
2022-06,TP.MK.F.BILESIK,TP_MK_F_BILESIK,"(FİYAT) BİST 100 Endeks (XU100), Kapanış Fiyatlarına Göre (Ocak 1986=0,01)",equity_market,İŞ GÜNÜ,monthly,last,2405.36,22,22,0,2022-06-01,2022-06-30,2022-06-30
2022-07,TP.ALTINPIYASA.KAP05,TP_ALTINPIYASA_KAP05,Altın - Kapanış Fiyatı  - TL/gr,alternative_asset,İŞ GÜNÜ,monthly,last,1002.0,21,10,11,2022-07-01,2022-07-29,2022-07-29
2022-07,TP.MK.F.BILESIK,TP_MK_F_BILESIK,"(FİYAT) BİST 100 Endeks (XU100), Kapanış Fiyatlarına Göre (Ocak 1986=0,01)",equity_market,İŞ GÜNÜ,monthly,last,2592.38,21,18,3,2022-07-01,2022-07-29,2022-07-29
2022-08,TP.ALTINPIYASA.KAP05,TP_ALTINPIYASA_KAP05,Altın - Kapanış Fiyatı  - TL/gr,alternative_asset,İŞ GÜNÜ,monthly,last,993.0,23,5,18,2022-08-01,2022-08-31,2022-08-31
2022-08,TP.MK.F.BILESIK,TP_MK_F_BILESIK,"(FİYAT) BİST 100 Endeks (XU100), Kapanış Fiyatlarına Göre (Ocak 1986=0,01)",equity_market,İŞ GÜNÜ,monthly,last,3171.21,23,22,1,2022-08-01,2022-08-31,2022-08-31
2022-09,TP.ALTINPIYASA.KAP05,TP_ALTINPIYASA_KAP05,Altın - Kapanış Fiyatı  - TL/gr,alternative_asset,İŞ GÜNÜ,monthly,last,973.0,22,6,16,2022-09-01,2022-09-30,2022-09-30
2022-09,TP.MK.F.BILESIK,TP_MK_F_BILESIK,"(FİYAT) BİST 100 Endeks (XU100), Kapanış Fiyatlarına Göre (Ocak 1986=0,01)",equity_market,İŞ GÜNÜ,monthly,last,3179.99,22,22,0,2022-09-01,2022-09-30,2022-09-30
2022-10,TP.ALTINPIYASA.KAP05,TP_ALTINPIYASA_KAP05,Altın - Kapanış Fiyatı  - TL/gr,alternative_asset,İŞ GÜNÜ,monthly,last,960.3,21,3,18,2022-10-03,2022-10-31,2022-10-31
2022-10,TP.MK.F.BILESIK,TP_MK_F_BILESIK,"(FİYAT) BİST 100 Endeks (XU100), Kapanış Fiyatlarına Göre (Ocak 1986=0,01)",equity_market,İŞ GÜNÜ,monthly,last,3978.96,21,21,0,2022-10-03,2022-10-31,2022-10-31
2022-11,TP.ALTINPIYASA.KAP05,TP_ALTINPIYASA_KAP05,Altın - Kapanış Fiyatı  - TL/gr,alternative_asset,İŞ GÜNÜ,monthly,last,1058.0,22,12,10,2022-11-01,2022-11-30,2022-11-30
2022-11,TP.MK.F.BILESIK,TP_MK_F_BILESIK,"(FİYAT) BİST 100 Endeks (XU100), Kapanış Fiyatlarına Göre (Ocak 1986=0,01)",equity_market,İŞ GÜNÜ,monthly,last,4977.64,22,22,0,2022-11-01,2022-11-30,2022-11-30
2022-12,TP.ALTINPIYASA.KAP05,TP_ALTINPIYASA_KAP05,Altın - Kapanış Fiyatı  - TL/gr,alternative_asset,İŞ GÜNÜ,monthly,last,1086.0,22,1,21,2022-12-01,2022-12-30,2022-12-30
2022-12,TP.MK.F.BILESIK,TP_MK_F_BILESIK,"(FİYAT) BİST 100 Endeks (XU100), Kapanış Fiyatlarına Göre (Ocak 1986=0,01)",equity_market,İŞ GÜNÜ,monthly,last,5509.16,22,22,0,2022-12-01,2022-12-30,2022-12-30
2023-01,TP.ALTINPIYASA.KAP05,TP_ALTINPIYASA_KAP05,Altın - Kapanış Fiyatı  - TL/gr,alternative_asset,İŞ GÜNÜ,monthly,last,1140.0,22,7,15,2023-01-02,2023-01-31,2023-01-31
2023-01,TP.MK.F.BILESIK,TP_MK_F_BILESIK,"(FİYAT) BİST 100 Endeks (XU100), Kapanış Fiyatlarına Göre (Ocak 1986=0,01)",equity_market,İŞ GÜNÜ,monthly,last,4976.55,22,22,0,2023-01-02,2023-01-31,2023-01-31
2023-02,TP.ALTINPIYASA.KAP05,TP_ALTINPIYASA_KAP05,Altın - Kapanış Fiyatı  - TL/gr,alternative_asset,İŞ GÜNÜ,monthly,last,,20,0,20,2023-02-01,2023-02-28,2023-02-28
2023-02,TP.MK.F.BILESIK,TP_MK_F_BILESIK,"(FİYAT) BİST 100 Endeks (XU100), Kapanış Fiyatlarına Göre (Ocak 1986=0,01)",equity_market,İŞ GÜNÜ,monthly,last,5237.33,20,15,5,2023-02-01,2023-02-28,2023-02-28
2023-03,TP.ALTINPIYASA.KAP05,TP_ALTINPIYASA_KAP05,Altın - Kapanış Fiyatı  - TL/gr,alternative_asset,İŞ GÜNÜ,monthly,last,1198.0,23,4,19,2023-03-01,2023-03-31,2023-03-31
2023-03,TP.MK.F.BILESIK,TP_MK_F_BILESIK,"(FİYAT) BİST 100 Endeks (XU100), Kapanış Fiyatlarına Göre (Ocak 1986=0,01)",equity_market,İŞ GÜNÜ,monthly,last,4812.93,23,23,0,2023-03-01,2023-03-31,2023-03-31
2023-04,TP.ALTINPIYASA.KAP05,TP_ALTINPIYASA_KAP05,Altın - Kapanış Fiyatı  - TL/gr,alternative_asset,İŞ GÜNÜ,monthly,last,1229.0,20,7,13,2023-04-03,2023-04-28,2023-04-28
2023-04,TP.MK.F.BILESIK,TP_MK_F_BILESIK,"(FİYAT) BİST 100 Endeks (XU100), Kapanış Fiyatlarına Göre (Ocak 1986=0,01)",equity_market,İŞ GÜNÜ,monthly,last,4617.93,20,19,1,2023-04-03,2023-04-28,2023-04-28
2023-05,TP.ALTINPIYASA.KAP05,TP_ALTINPIYASA_KAP05,Altın - Kapanış Fiyatı  - TL/gr,alternative_asset,İŞ GÜNÜ,monthly,last,1280.0,23,3,20,2023-05-01,2023-05-31,2023-05-31
2023-05,TP.MK.F.BILESIK,TP_MK_F_BILESIK,"(FİYAT) BİST 100 Endeks (XU100), Kapanış Fiyatlarına Göre (Ocak 1986=0,01)",equity_market,İŞ GÜNÜ,monthly,last,4886.91,23,21,2,2023-05-01,2023-05-31,2023-05-31
2023-06,TP.ALTINPIYASA.KAP05,TP_ALTINPIYASA_KAP05,Altın - Kapanış Fiyatı  - TL/gr,alternative_asset,İŞ GÜNÜ,monthly,last,,22,0,22,2023-06-01,2023-06-30,2023-06-30
2023-06,TP.MK.F.BILESIK,TP_MK_F_BILESIK,"(FİYAT) BİST 100 Endeks (XU100), Kapanış Fiyatlarına Göre (Ocak 1986=0,01)",equity_market,İŞ GÜNÜ,monthly,last,5759.11,22,19,3,2023-06-01,2023-06-30,2023-06-30
2023-07,TP.ALTINPIYASA.KAP05,TP_ALTINPIYASA_KAP05,Altın - Kapanış Fiyatı  - TL/gr,alternative_asset,İŞ GÜNÜ,monthly,last,1718.0,21,4,17,2023-07-03,2023-07-31,2023-07-31
2023-07,TP.MK.F.BILESIK,TP_MK_F_BILESIK,"(FİYAT) BİST 100 Endeks (XU100), Kapanış Fiyatlarına Göre (Ocak 1986=0,01)",equity_market,İŞ GÜNÜ,monthly,last,7216.96,21,21,0,2023-07-03,2023-07-31,2023-07-31
2023-08,TP.ALTINPIYASA.KAP05,TP_ALTINPIYASA_KAP05,Altın - Kapanış Fiyatı  - TL/gr,alternative_asset,İŞ GÜNÜ,monthly,last,,23,0,23,2023-08-01,2023-08-31,2023-08-31
2023-08,TP.MK.F.BILESIK,TP_MK_F_BILESIK,"(FİYAT) BİST 100 Endeks (XU100), Kapanış Fiyatlarına Göre (Ocak 1986=0,01)",equity_market,İŞ GÜNÜ,monthly,last,7917.93,23,22,1,2023-08-01,2023-08-31,2023-08-31
2023-09,TP.ALTINPIYASA.KAP05,TP_ALTINPIYASA_KAP05,Altın - Kapanış Fiyatı  - TL/gr,alternative_asset,İŞ GÜNÜ,monthly,last,1675.0,21,1,20,2023-09-01,2023-09-29,2023-09-29
2023-09,TP.MK.F.BILESIK,TP_MK_F_BILESIK,"(FİYAT) BİST 100 Endeks (XU100), Kapanış Fiyatlarına Göre (Ocak 1986=0,01)",equity_market,İŞ GÜNÜ,monthly,last,8334.94,21,21,0,2023-09-01,2023-09-29,2023-09-29
2023-10,TP.ALTINPIYASA.KAP05,TP_ALTINPIYASA_KAP05,Altın - Kapanış Fiyatı  - TL/gr,alternative_asset,İŞ GÜNÜ,monthly,last,1793.0,22,5,17,2023-10-02,2023-10-31,2023-10-31
2023-10,TP.MK.F.BILESIK,TP_MK_F_BILESIK,"(FİYAT) BİST 100 Endeks (XU100), Kapanış Fiyatlarına Göre (Ocak 1986=0,01)",equity_market,İŞ GÜNÜ,monthly,last,7514.1,22,22,0,2023-10-02,2023-10-31,2023-10-31
2023-11,TP.ALTINPIYASA.KAP05,TP_ALTINPIYASA_KAP05,Altın - Kapanış Fiyatı  - TL/gr,alternative_asset,İŞ GÜNÜ,monthly,last,1872.0,22,10,12,2023-11-01,2023-11-30,2023-11-30
2023-11,TP.MK.F.BILESIK,TP_MK_F_BILESIK,"(FİYAT) BİST 100 Endeks (XU100), Kapanış Fiyatlarına Göre (Ocak 1986=0,01)",equity_market,İŞ GÜNÜ,monthly,last,7948.6,22,22,0,2023-11-01,2023-11-30,2023-11-30
2023-12,TP.ALTINPIYASA.KAP05,TP_ALTINPIYASA_KAP05,Altın - Kapanış Fiyatı  - TL/gr,alternative_asset,İŞ GÜNÜ,monthly,last,1975.0,21,7,14,2023-12-01,2023-12-29,2023-12-29
2023-12,TP.MK.F.BILESIK,TP_MK_F_BILESIK,"(FİYAT) BİST 100 Endeks (XU100), Kapanış Fiyatlarına Göre (Ocak 1986=0,01)",equity_market,İŞ GÜNÜ,monthly,last,7470.18,21,21,0,2023-12-01,2023-12-29,2023-12-29
2024-01,TP.ALTINPIYASA.KAP05,TP_ALTINPIYASA_KAP05,Altın - Kapanış Fiyatı  - TL/gr,alternative_asset,İŞ GÜNÜ,monthly,last,2000.0,23,1,22,2024-01-01,2024-01-31,2024-01-31
2024-01,TP.MK.F.BILESIK,TP_MK_F_BILESIK,"(FİYAT) BİST 100 Endeks (XU100), Kapanış Fiyatlarına Göre (Ocak 1986=0,01)",equity_market,İŞ GÜNÜ,monthly,last,8496.66,23,22,1,2024-01-01,2024-01-31,2024-01-31
2024-02,TP.ALTINPIYASA.KAP05,TP_ALTINPIYASA_KAP05,Altın - Kapanış Fiyatı  - TL/gr,alternative_asset,İŞ GÜNÜ,monthly,last,2025.0,21,4,17,2024-02-01,2024-02-29,2024-02-29
2024-02,TP.MK.F.BILESIK,TP_MK_F_BILESIK,"(FİYAT) BİST 100 Endeks (XU100), Kapanış Fiyatlarına Göre (Ocak 1986=0,01)",equity_market,İŞ GÜNÜ,monthly,last,9193.69,21,21,0,2024-02-01,2024-02-29,2024-02-29
2024-03,TP.ALTINPIYASA.KAP05,TP_ALTINPIYASA_KAP05,Altın - Kapanış Fiyatı  - TL/gr,alternative_asset,İŞ GÜNÜ,monthly,last,2250.0,21,1,20,2024-03-01,2024-03-29,2024-03-29
2024-03,TP.MK.F.BILESIK,TP_MK_F_BILESIK,"(FİYAT) BİST 100 Endeks (XU100), Kapanış Fiyatlarına Göre (Ocak 1986=0,01)",equity_market,İŞ GÜNÜ,monthly,last,9142.4,21,21,0,2024-03-01,2024-03-29,2024-03-29
2024-04,TP.ALTINPIYASA.KAP05,TP_ALTINPIYASA_KAP05,Altın - Kapanış Fiyatı  - TL/gr,alternative_asset,İŞ GÜNÜ,monthly,last,2400.0,22,4,18,2024-04-01,2024-04-30,2024-04-30
2024-04,TP.MK.F.BILESIK,TP_MK_F_BILESIK,"(FİYAT) BİST 100 Endeks (XU100), Kapanış Fiyatlarına Göre (Ocak 1986=0,01)",equity_market,İŞ GÜNÜ,monthly,last,10045.74,22,18,4,2024-04-01,2024-04-30,2024-04-30
2024-05,TP.ALTINPIYASA.KAP05,TP_ALTINPIYASA_KAP05,Altın - Kapanış Fiyatı  - TL/gr,alternative_asset,İŞ GÜNÜ,monthly,last,2441.0,23,1,22,2024-05-01,2024-05-31,2024-05-31
2024-05,TP.MK.F.BILESIK,TP_MK_F_BILESIK,"(FİYAT) BİST 100 Endeks (XU100), Kapanış Fiyatlarına Göre (Ocak 1986=0,01)",equity_market,İŞ GÜNÜ,monthly,last,10400.48,23,22,1,2024-05-01,2024-05-31,2024-05-31
2024-06,TP.ALTINPIYASA.KAP05,TP_ALTINPIYASA_KAP05,Altın - Kapanış Fiyatı  - TL/gr,alternative_asset,İŞ GÜNÜ,monthly,last,2388.0,20,2,18,2024-06-03,2024-06-28,2024-06-28
2024-06,TP.MK.F.BILESIK,TP_MK_F_BILESIK,"(FİYAT) BİST 100 Endeks (XU100), Kapanış Fiyatlarına Göre (Ocak 1986=0,01)",equity_market,İŞ GÜNÜ,monthly,last,10647.91,20,17,3,2024-06-03,2024-06-28,2024-06-28
2024-07,TP.ALTINPIYASA.KAP05,TP_ALTINPIYASA_KAP05,Altın - Kapanış Fiyatı  - TL/gr,alternative_asset,İŞ GÜNÜ,monthly,last,2554.0,23,3,20,2024-07-01,2024-07-31,2024-07-31
2024-07,TP.MK.F.BILESIK,TP_MK_F_BILESIK,"(FİYAT) BİST 100 Endeks (XU100), Kapanış Fiyatlarına Göre (Ocak 1986=0,01)",equity_market,İŞ GÜNÜ,monthly,last,10638.58,23,22,1,2024-07-01,2024-07-31,2024-07-31
2024-08,TP.ALTINPIYASA.KAP05,TP_ALTINPIYASA_KAP05,Altın - Kapanış Fiyatı  - TL/gr,alternative_asset,İŞ GÜNÜ,monthly,last,,22,0,22,2024-08-01,2024-08-30,2024-08-30
2024-08,TP.MK.F.BILESIK,TP_MK_F_BILESIK,"(FİYAT) BİST 100 Endeks (XU100), Kapanış Fiyatlarına Göre (Ocak 1986=0,01)",equity_market,İŞ GÜNÜ,monthly,last,9833.22,22,21,1,2024-08-01,2024-08-30,2024-08-30
2024-09,TP.ALTINPIYASA.KAP05,TP_ALTINPIYASA_KAP05,Altın - Kapanış Fiyatı  - TL/gr,alternative_asset,İŞ GÜNÜ,monthly,last,2806.0,21,4,17,2024-09-02,2024-09-30,2024-09-30
2024-09,TP.MK.F.BILESIK,TP_MK_F_BILESIK,"(FİYAT) BİST 100 Endeks (XU100), Kapanış Fiyatlarına Göre (Ocak 1986=0,01)",equity_market,İŞ GÜNÜ,monthly,last,9665.78,21,21,0,2024-09-02,2024-09-30,2024-09-30
2024-10,TP.ALTINPIYASA.KAP05,TP_ALTINPIYASA_KAP05,Altın - Kapanış Fiyatı  - TL/gr,alternative_asset,İŞ GÜNÜ,monthly,last,2923.0,23,5,18,2024-10-01,2024-10-31,2024-10-31
2024-10,TP.MK.F.BILESIK,TP_MK_F_BILESIK,"(FİYAT) BİST 100 Endeks (XU100), Kapanış Fiyatlarına Göre (Ocak 1986=0,01)",equity_market,İŞ GÜNÜ,monthly,last,8863.88,23,22,1,2024-10-01,2024-10-31,2024-10-31
2024-11,TP.ALTINPIYASA.KAP05,TP_ALTINPIYASA_KAP05,Altın - Kapanış Fiyatı  - TL/gr,alternative_asset,İŞ GÜNÜ,monthly,last,2800.0,21,2,19,2024-11-01,2024-11-29,2024-11-29
2024-11,TP.MK.F.BILESIK,TP_MK_F_BILESIK,"(FİYAT) BİST 100 Endeks (XU100), Kapanış Fiyatlarına Göre (Ocak 1986=0,01)",equity_market,İŞ GÜNÜ,monthly,last,9652.0,21,21,0,2024-11-01,2024-11-29,2024-11-29
2024-12,TP.ALTINPIYASA.KAP05,TP_ALTINPIYASA_KAP05,Altın - Kapanış Fiyatı  - TL/gr,alternative_asset,İŞ GÜNÜ,monthly,last,2960.0,22,2,20,2024-12-02,2024-12-31,2024-12-31
2024-12,TP.MK.F.BILESIK,TP_MK_F_BILESIK,"(FİYAT) BİST 100 Endeks (XU100), Kapanış Fiyatlarına Göre (Ocak 1986=0,01)",equity_market,İŞ GÜNÜ,monthly,last,9830.56,22,22,0,2024-12-02,2024-12-31,2024-12-31
2025-01,TP.ALTINPIYASA.KAP05,TP_ALTINPIYASA_KAP05,Altın - Kapanış Fiyatı  - TL/gr,alternative_asset,İŞ GÜNÜ,monthly,last,3145.0,23,2,21,2025-01-01,2025-01-31,2025-01-31
2025-01,TP.MK.F.BILESIK,TP_MK_F_BILESIK,"(FİYAT) BİST 100 Endeks (XU100), Kapanış Fiyatlarına Göre (Ocak 1986=0,01)",equity_market,İŞ GÜNÜ,monthly,last,10004.38,23,22,1,2025-01-01,2025-01-31,2025-01-31
2025-02,TP.ALTINPIYASA.KAP05,TP_ALTINPIYASA_KAP05,Altın - Kapanış Fiyatı  - TL/gr,alternative_asset,İŞ GÜNÜ,monthly,last,3500.0,20,1,19,2025-02-03,2025-02-28,2025-02-28
2025-02,TP.MK.F.BILESIK,TP_MK_F_BILESIK,"(FİYAT) BİST 100 Endeks (XU100), Kapanış Fiyatlarına Göre (Ocak 1986=0,01)",equity_market,İŞ GÜNÜ,monthly,last,9658.72,20,20,0,2025-02-03,2025-02-28,2025-02-28
2025-03,TP.ALTINPIYASA.KAP05,TP_ALTINPIYASA_KAP05,Altın - Kapanış Fiyatı  - TL/gr,alternative_asset,İŞ GÜNÜ,monthly,last,3750.0,21,2,19,2025-03-03,2025-03-31,2025-03-31
2025-03,TP.MK.F.BILESIK,TP_MK_F_BILESIK,"(FİYAT) BİST 100 Endeks (XU100), Kapanış Fiyatlarına Göre (Ocak 1986=0,01)",equity_market,İŞ GÜNÜ,monthly,last,9659.48,21,20,1,2025-03-03,2025-03-31,2025-03-31
2025-04,TP.ALTINPIYASA.KAP05,TP_ALTINPIYASA_KAP05,Altın - Kapanış Fiyatı  - TL/gr,alternative_asset,İŞ GÜNÜ,monthly,last,4150.0,22,1,21,2025-04-01,2025-04-30,2025-04-30
2025-04,TP.MK.F.BILESIK,TP_MK_F_BILESIK,"(FİYAT) BİST 100 Endeks (XU100), Kapanış Fiyatlarına Göre (Ocak 1986=0,01)",equity_market,İŞ GÜNÜ,monthly,last,9078.43,22,20,2,2025-04-01,2025-04-30,2025-04-30
2025-05,TP.ALTINPIYASA.KAP05,TP_ALTINPIYASA_KAP05,Altın - Kapanış Fiyatı  - TL/gr,alternative_asset,İŞ GÜNÜ,monthly,last,,22,0,22,2025-05-01,2025-05-30,2025-05-30
2025-05,TP.MK.F.BILESIK,TP_MK_F_BILESIK,"(FİYAT) BİST 100 Endeks (XU100), Kapanış Fiyatlarına Göre (Ocak 1986=0,01)",equity_market,İŞ GÜNÜ,monthly,last,9019.57,22,20,2,2025-05-01,2025-05-30,2025-05-30
2025-06,TP.ALTINPIYASA.KAP05,TP_ALTINPIYASA_KAP05,Altın - Kapanış Fiyatı  - TL/gr,alternative_asset,İŞ GÜNÜ,monthly,last,,21,0,21,2025-06-02,2025-06-30,2025-06-30
2025-06,TP.MK.F.BILESIK,TP_MK_F_BILESIK,"(FİYAT) BİST 100 Endeks (XU100), Kapanış Fiyatlarına Göre (Ocak 1986=0,01)",equity_market,İŞ GÜNÜ,monthly,last,9948.51,21,19,2,2025-06-02,2025-06-30,2025-06-30
2025-07,TP.ALTINPIYASA.KAP05,TP_ALTINPIYASA_KAP05,Altın - Kapanış Fiyatı  - TL/gr,alternative_asset,İŞ GÜNÜ,monthly,last,4450.0,23,1,22,2025-07-01,2025-07-31,2025-07-31
2025-07,TP.MK.F.BILESIK,TP_MK_F_BILESIK,"(FİYAT) BİST 100 Endeks (XU100), Kapanış Fiyatlarına Göre (Ocak 1986=0,01)",equity_market,İŞ GÜNÜ,monthly,last,10743.2,23,22,1,2025-07-01,2025-07-31,2025-07-31
2025-08,TP.ALTINPIYASA.KAP05,TP_ALTINPIYASA_KAP05,Altın - Kapanış Fiyatı  - TL/gr,alternative_asset,İŞ GÜNÜ,monthly,last,4404.0,21,1,20,2025-08-01,2025-08-29,2025-08-29
2025-08,TP.MK.F.BILESIK,TP_MK_F_BILESIK,"(FİYAT) BİST 100 Endeks (XU100), Kapanış Fiyatlarına Göre (Ocak 1986=0,01)",equity_market,İŞ GÜNÜ,monthly,last,11288.05,21,21,0,2025-08-01,2025-08-29,2025-08-29
2025-09,TP.ALTINPIYASA.KAP05,TP_ALTINPIYASA_KAP05,Altın - Kapanış Fiyatı  - TL/gr,alternative_asset,İŞ GÜNÜ,monthly,last,,22,0,22,2025-09-01,2025-09-30,2025-09-30
2025-09,TP.MK.F.BILESIK,TP_MK_F_BILESIK,"(FİYAT) BİST 100 Endeks (XU100), Kapanış Fiyatlarına Göre (Ocak 1986=0,01)",equity_market,İŞ GÜNÜ,monthly,last,11012.12,22,22,0,2025-09-01,2025-09-30,2025-09-30
2025-10,TP.ALTINPIYASA.KAP05,TP_ALTINPIYASA_KAP05,Altın - Kapanış Fiyatı  - TL/gr,alternative_asset,İŞ GÜNÜ,monthly,last,,23,0,23,2025-10-01,2025-10-31,2025-10-31
2025-10,TP.MK.F.BILESIK,TP_MK_F_BILESIK,"(FİYAT) BİST 100 Endeks (XU100), Kapanış Fiyatlarına Göre (Ocak 1986=0,01)",equity_market,İŞ GÜNÜ,monthly,last,10971.52,23,22,1,2025-10-01,2025-10-31,2025-10-31
2025-11,TP.ALTINPIYASA.KAP05,TP_ALTINPIYASA_KAP05,Altın - Kapanış Fiyatı  - TL/gr,alternative_asset,İŞ GÜNÜ,monthly,last,5750.0,20,1,19,2025-11-03,2025-11-28,2025-11-28
2025-11,TP.MK.F.BILESIK,TP_MK_F_BILESIK,"(FİYAT) BİST 100 Endeks (XU100), Kapanış Fiyatlarına Göre (Ocak 1986=0,01)",equity_market,İŞ GÜNÜ,monthly,last,10898.7,20,20,0,2025-11-03,2025-11-28,2025-11-28
2025-12,TP.ALTINPIYASA.KAP05,TP_ALTINPIYASA_KAP05,Altın - Kapanış Fiyatı  - TL/gr,alternative_asset,İŞ GÜNÜ,monthly,last,,23,0,23,2025-12-01,2025-12-31,2025-12-31
2025-12,TP.MK.F.BILESIK,TP_MK_F_BILESIK,"(FİYAT) BİST 100 Endeks (XU100), Kapanış Fiyatlarına Göre (Ocak 1986=0,01)",equity_market,İŞ GÜNÜ,monthly,last,11261.52,23,23,0,2025-12-01,2025-12-31,2025-12-31
2026-01,TP.ALTINPIYASA.KAP05,TP_ALTINPIYASA_KAP05,Altın - Kapanış Fiyatı  - TL/gr,alternative_asset,İŞ GÜNÜ,monthly,last,,22,0,22,2026-01-01,2026-01-30,2026-01-30
2026-01,TP.MK.F.BILESIK,TP_MK_F_BILESIK,"(FİYAT) BİST 100 Endeks (XU100), Kapanış Fiyatlarına Göre (Ocak 1986=0,01)",equity_market,İŞ GÜNÜ,monthly,last,13838.29,22,21,1,2026-01-01,2026-01-30,2026-01-30
2026-02,TP.ALTINPIYASA.KAP05,TP_ALTINPIYASA_KAP05,Altın - Kapanış Fiyatı  - TL/gr,alternative_asset,İŞ GÜNÜ,monthly,last,,20,0,20,2026-02-02,2026-02-27,2026-02-27
2026-02,TP.MK.F.BILESIK,TP_MK_F_BILESIK,"(FİYAT) BİST 100 Endeks (XU100), Kapanış Fiyatlarına Göre (Ocak 1986=0,01)",equity_market,İŞ GÜNÜ,monthly,last,13717.81,20,20,0,2026-02-02,2026-02-27,2026-02-27
2026-03,TP.ALTINPIYASA.KAP05,TP_ALTINPIYASA_KAP05,Altın - Kapanış Fiyatı  - TL/gr,alternative_asset,İŞ GÜNÜ,monthly,last,,22,0,22,2026-03-02,2026-03-31,2026-03-31
2026-03,TP.MK.F.BILESIK,TP_MK_F_BILESIK,"(FİYAT) BİST 100 Endeks (XU100), Kapanış Fiyatlarına Göre (Ocak 1986=0,01)",equity_market,İŞ GÜNÜ,monthly,last,12790.98,22,21,1,2026-03-02,2026-03-31,2026-03-31
2026-04,TP.ALTINPIYASA.KAP05,TP_ALTINPIYASA_KAP05,Altın - Kapanış Fiyatı  - TL/gr,alternative_asset,İŞ GÜNÜ,monthly,last,,22,0,22,2026-04-01,2026-04-30,2026-04-30
2026-04,TP.MK.F.BILESIK,TP_MK_F_BILESIK,"(FİYAT) BİST 100 Endeks (XU100), Kapanış Fiyatlarına Göre (Ocak 1986=0,01)",equity_market,İŞ GÜNÜ,monthly,last,14442.56,22,21,1,2026-04-01,2026-04-30,2026-04-30
2026-05,TP.ALTINPIYASA.KAP05,TP_ALTINPIYASA_KAP05,Altın - Kapanış Fiyatı  - TL/gr,alternative_asset,İŞ GÜNÜ,monthly,last,,21,0,21,2026-05-01,2026-05-29,2026-05-29
2026-05,TP.MK.F.BILESIK,TP_MK_F_BILESIK,"(FİYAT) BİST 100 Endeks (XU100), Kapanış Fiyatlarına Göre (Ocak 1986=0,01)",equity_market,İŞ GÜNÜ,monthly,last,13662.75,21,16,5,2026-05-01,2026-05-29,2026-05-29
2026-06,TP.ALTINPIYASA.KAP05,TP_ALTINPIYASA_KAP05,Altın - Kapanış Fiyatı  - TL/gr,alternative_asset,İŞ GÜNÜ,monthly,last,,22,0,22,2026-06-01,2026-06-30,2026-06-30
2026-06,TP.MK.F.BILESIK,TP_MK_F_BILESIK,"(FİYAT) BİST 100 Endeks (XU100), Kapanış Fiyatlarına Göre (Ocak 1986=0,01)",equity_market,İŞ GÜNÜ,monthly,last,14121.83,22,22,0,2026-06-01,2026-06-30,2026-06-30
