target_period,TP_ALTINPIYASA_KAP05,TP_MK_F_BILESIK
2020-01,297.5,1191.4
2020-02,,1059.94
2020-03,,896.44
2020-04,383.4,1011.1
2020-05,395.5,1055.2
2020-06,381.0,1165.25
2020-07,390.0,1126.9
2020-08,,1078.61
2020-09,,1145.24
2020-10,482.0,1112.37
2020-11,455.0,1283.58
2020-12,456.0,1476.72
2021-01,,1473.45
2021-02,420.0,1471.39
2021-03,452.3,1391.73
2021-04,467.0,1397.82
2021-05,,1420.49
2021-06,505.0,1356.34
2021-07,492.0,1392.91
2021-08,,1472.07
2021-09,495.0,1406.39
2021-10,528.25,1522.04
2021-11,659.0,1809.65
2021-12,776.0,1857.65
2022-01,764.0,2003.2
2022-02,854.0,1946.19
2022-03,886.0,2233.3
2022-04,923.2,2430.55
2022-05,968.0,2547.09
2022-06,966.0,2405.36
2022-07,1002.0,2592.38
2022-08,993.0,3171.21
2022-09,973.0,3179.99
2022-10,960.3,3978.96
2022-11,1058.0,4977.64
2022-12,1086.0,5509.16
2023-01,1140.0,4976.55
2023-02,,5237.33
2023-03,1198.0,4812.93
2023-04,1229.0,4617.93
2023-05,1280.0,4886.91
2023-06,,5759.11
2023-07,1718.0,7216.96
2023-08,,7917.93
2023-09,1675.0,8334.94
2023-10,1793.0,7514.1
2023-11,1872.0,7948.6
2023-12,1975.0,7470.18
2024-01,2000.0,8496.66
2024-02,2025.0,9193.69
2024-03,2250.0,9142.4
2024-04,2400.0,10045.74
2024-05,2441.0,10400.48
2024-06,2388.0,10647.91
2024-07,2554.0,10638.58
2024-08,,9833.22
2024-09,2806.0,9665.78
2024-10,2923.0,8863.88
2024-11,2800.0,9652.0
2024-12,2960.0,9830.56
2025-01,3145.0,10004.38
2025-02,3500.0,9658.72
2025-03,3750.0,9659.48
2025-04,4150.0,9078.43
2025-05,,9019.57
2025-06,,9948.51
2025-07,4450.0,10743.2
2025-08,4404.0,11288.05
2025-09,,11012.12
2025-10,,10971.52
2025-11,5750.0,10898.7
2025-12,,11261.52
2026-01,,13838.29
2026-02,,13717.81
2026-03,,12790.98
2026-04,,14442.56
2026-05,,13662.75
2026-06,,14121.83
