month,table_no,table_name,group_code,source_row_index,source_caption,source_unit,source_file,source_sha256,source_request_info_file,source_request_info_sha256,period_validation_source,BankaAdi,BasitSira,Ad,BasitFont,Tp,Yp,Toplam
2021-01,7,Sendikasyon Sekuritizasyon Kredileri,10001,1,"Sendikasyon Seküritizasyon Kredileri (milyon TL), Dönem:2021/1",milyon TL,raw/2021-01_table07_group10001.json,86ce43d48f560a8a514f4a17f026cfeacf3882bb235a7647ebb267faac14fb6e,raw/2021-01_table07_group10001_info.json,771083992467ecb68396c29e90693ce8ae7f32a4b250c601657ef49bd8787c02,caption_and_validated_request_info,Sektör,1,Sendikasyon Kredileri (Dış Ticaret Finansmanı Amaçlı Olmayanlar),,0,1927,1927
2021-01,7,Sendikasyon Sekuritizasyon Kredileri,10001,2,"Sendikasyon Seküritizasyon Kredileri (milyon TL), Dönem:2021/1",milyon TL,raw/2021-01_table07_group10001.json,86ce43d48f560a8a514f4a17f026cfeacf3882bb235a7647ebb267faac14fb6e,raw/2021-01_table07_group10001_info.json,771083992467ecb68396c29e90693ce8ae7f32a4b250c601657ef49bd8787c02,caption_and_validated_request_info,Sektör,2,Sendikasyon Kredileri (Dış Ticaret Finansmanı Amaçlı Olanlar),,0,105969,105969
2021-01,7,Sendikasyon Sekuritizasyon Kredileri,10001,3,"Sendikasyon Seküritizasyon Kredileri (milyon TL), Dönem:2021/1",milyon TL,raw/2021-01_table07_group10001.json,86ce43d48f560a8a514f4a17f026cfeacf3882bb235a7647ebb267faac14fb6e,raw/2021-01_table07_group10001_info.json,771083992467ecb68396c29e90693ce8ae7f32a4b250c601657ef49bd8787c02,caption_and_validated_request_info,Sektör,3,Seküritizasyon Kredileri,,0,77183,77183
2021-02,7,Sendikasyon Sekuritizasyon Kredileri,10001,1,"Sendikasyon Seküritizasyon Kredileri (milyon TL), Dönem:2021/2",milyon TL,raw/2021-02_table07_group10001.json,9e4788bfb653d23ed7bf41d403cfbed6371088e8ea8a6f8e42073e6c0704cd9c,raw/2021-02_table07_group10001_info.json,473eededc5e970724ea20122b0291b13507a17e45c58cd3740015111817d92cc,caption_and_validated_request_info,Sektör,1,Sendikasyon Kredileri (Dış Ticaret Finansmanı Amaçlı Olmayanlar),,0,2035,2035
2021-02,7,Sendikasyon Sekuritizasyon Kredileri,10001,2,"Sendikasyon Seküritizasyon Kredileri (milyon TL), Dönem:2021/2",milyon TL,raw/2021-02_table07_group10001.json,9e4788bfb653d23ed7bf41d403cfbed6371088e8ea8a6f8e42073e6c0704cd9c,raw/2021-02_table07_group10001_info.json,473eededc5e970724ea20122b0291b13507a17e45c58cd3740015111817d92cc,caption_and_validated_request_info,Sektör,2,Sendikasyon Kredileri (Dış Ticaret Finansmanı Amaçlı Olanlar),,0,106753,106753
2021-02,7,Sendikasyon Sekuritizasyon Kredileri,10001,3,"Sendikasyon Seküritizasyon Kredileri (milyon TL), Dönem:2021/2",milyon TL,raw/2021-02_table07_group10001.json,9e4788bfb653d23ed7bf41d403cfbed6371088e8ea8a6f8e42073e6c0704cd9c,raw/2021-02_table07_group10001_info.json,473eededc5e970724ea20122b0291b13507a17e45c58cd3740015111817d92cc,caption_and_validated_request_info,Sektör,3,Seküritizasyon Kredileri,,0,79818,79818
2021-03,7,Sendikasyon Sekuritizasyon Kredileri,10001,1,"Sendikasyon Seküritizasyon Kredileri (milyon TL), Dönem:2021/3",milyon TL,raw/2021-03_table07_group10001.json,f77c8bee820957a7150f19ab94b6844799494d07727a790c0d2a0fca5ff9b711,raw/2021-03_table07_group10001_info.json,99ed244c92b80f43641ecf10e148a8289cbdb3b88e7f5d2f0280f5cf56c1ea75,caption_and_validated_request_info,Sektör,1,Sendikasyon Kredileri (Dış Ticaret Finansmanı Amaçlı Olmayanlar),,0,2113,2113
2021-03,7,Sendikasyon Sekuritizasyon Kredileri,10001,2,"Sendikasyon Seküritizasyon Kredileri (milyon TL), Dönem:2021/3",milyon TL,raw/2021-03_table07_group10001.json,f77c8bee820957a7150f19ab94b6844799494d07727a790c0d2a0fca5ff9b711,raw/2021-03_table07_group10001_info.json,99ed244c92b80f43641ecf10e148a8289cbdb3b88e7f5d2f0280f5cf56c1ea75,caption_and_validated_request_info,Sektör,2,Sendikasyon Kredileri (Dış Ticaret Finansmanı Amaçlı Olanlar),,0,117250,117250
2021-03,7,Sendikasyon Sekuritizasyon Kredileri,10001,3,"Sendikasyon Seküritizasyon Kredileri (milyon TL), Dönem:2021/3",milyon TL,raw/2021-03_table07_group10001.json,f77c8bee820957a7150f19ab94b6844799494d07727a790c0d2a0fca5ff9b711,raw/2021-03_table07_group10001_info.json,99ed244c92b80f43641ecf10e148a8289cbdb3b88e7f5d2f0280f5cf56c1ea75,caption_and_validated_request_info,Sektör,3,Seküritizasyon Kredileri,,0,96374,96374
2021-04,7,Sendikasyon Sekuritizasyon Kredileri,10001,1,"Sendikasyon Seküritizasyon Kredileri (milyon TL), Dönem:2021/4",milyon TL,raw/2021-04_table07_group10001.json,2384dbe016fa9e448e0c9b701ae4b330fb81e3632f0faddc41271519f67ba387,raw/2021-04_table07_group10001_info.json,88fb94d6344706cee0ee24765842a22bd11b63f999b02b28b06cc817c2b9722a,caption_and_validated_request_info,Sektör,1,Sendikasyon Kredileri (Dış Ticaret Finansmanı Amaçlı Olmayanlar),,0,2118,2118
2021-04,7,Sendikasyon Sekuritizasyon Kredileri,10001,2,"Sendikasyon Seküritizasyon Kredileri (milyon TL), Dönem:2021/4",milyon TL,raw/2021-04_table07_group10001.json,2384dbe016fa9e448e0c9b701ae4b330fb81e3632f0faddc41271519f67ba387,raw/2021-04_table07_group10001_info.json,88fb94d6344706cee0ee24765842a22bd11b63f999b02b28b06cc817c2b9722a,caption_and_validated_request_info,Sektör,2,Sendikasyon Kredileri (Dış Ticaret Finansmanı Amaçlı Olanlar),,0,120082,120082
2021-04,7,Sendikasyon Sekuritizasyon Kredileri,10001,3,"Sendikasyon Seküritizasyon Kredileri (milyon TL), Dönem:2021/4",milyon TL,raw/2021-04_table07_group10001.json,2384dbe016fa9e448e0c9b701ae4b330fb81e3632f0faddc41271519f67ba387,raw/2021-04_table07_group10001_info.json,88fb94d6344706cee0ee24765842a22bd11b63f999b02b28b06cc817c2b9722a,caption_and_validated_request_info,Sektör,3,Seküritizasyon Kredileri,,0,95317,95317
2021-05,7,Sendikasyon Sekuritizasyon Kredileri,10001,1,"Sendikasyon Seküritizasyon Kredileri (milyon TL), Dönem:2021/5",milyon TL,raw/2021-05_table07_group10001.json,9ff24e6164a428b2abaffead8fa3b5da574b9ea1b4054eb8b2aeeb0859de888a,raw/2021-05_table07_group10001_info.json,7b30fda4e6c72e3c3c626fb42bb26c5ec677dc657f4565373d4bc04907674ad1,caption_and_validated_request_info,Sektör,1,Sendikasyon Kredileri (Dış Ticaret Finansmanı Amaçlı Olmayanlar),,0,2058,2058
2021-05,7,Sendikasyon Sekuritizasyon Kredileri,10001,2,"Sendikasyon Seküritizasyon Kredileri (milyon TL), Dönem:2021/5",milyon TL,raw/2021-05_table07_group10001.json,9ff24e6164a428b2abaffead8fa3b5da574b9ea1b4054eb8b2aeeb0859de888a,raw/2021-05_table07_group10001_info.json,7b30fda4e6c72e3c3c626fb42bb26c5ec677dc657f4565373d4bc04907674ad1,caption_and_validated_request_info,Sektör,2,Sendikasyon Kredileri (Dış Ticaret Finansmanı Amaçlı Olanlar),,0,126850,126850
2021-05,7,Sendikasyon Sekuritizasyon Kredileri,10001,3,"Sendikasyon Seküritizasyon Kredileri (milyon TL), Dönem:2021/5",milyon TL,raw/2021-05_table07_group10001.json,9ff24e6164a428b2abaffead8fa3b5da574b9ea1b4054eb8b2aeeb0859de888a,raw/2021-05_table07_group10001_info.json,7b30fda4e6c72e3c3c626fb42bb26c5ec677dc657f4565373d4bc04907674ad1,caption_and_validated_request_info,Sektör,3,Seküritizasyon Kredileri,,0,97132,97132
2021-06,7,Sendikasyon Sekuritizasyon Kredileri,10001,1,"Sendikasyon Seküritizasyon Kredileri (milyon TL), Dönem:2021/6",milyon TL,raw/2021-06_table07_group10001.json,5ed157533e3a86b2814cc80b677a6da1ed88fc9a1e567d7e3a8417e9264864e0,raw/2021-06_table07_group10001_info.json,c85a23d349c62be1a71dc58c019dcf66e4e59a8986b555bee4bf4e0db38a7533,caption_and_validated_request_info,Sektör,1,Sendikasyon Kredileri (Dış Ticaret Finansmanı Amaçlı Olmayanlar),,0,2115,2115
2021-06,7,Sendikasyon Sekuritizasyon Kredileri,10001,2,"Sendikasyon Seküritizasyon Kredileri (milyon TL), Dönem:2021/6",milyon TL,raw/2021-06_table07_group10001.json,5ed157533e3a86b2814cc80b677a6da1ed88fc9a1e567d7e3a8417e9264864e0,raw/2021-06_table07_group10001_info.json,c85a23d349c62be1a71dc58c019dcf66e4e59a8986b555bee4bf4e0db38a7533,caption_and_validated_request_info,Sektör,2,Sendikasyon Kredileri (Dış Ticaret Finansmanı Amaçlı Olanlar),,0,134712,134712
2021-06,7,Sendikasyon Sekuritizasyon Kredileri,10001,3,"Sendikasyon Seküritizasyon Kredileri (milyon TL), Dönem:2021/6",milyon TL,raw/2021-06_table07_group10001.json,5ed157533e3a86b2814cc80b677a6da1ed88fc9a1e567d7e3a8417e9264864e0,raw/2021-06_table07_group10001_info.json,c85a23d349c62be1a71dc58c019dcf66e4e59a8986b555bee4bf4e0db38a7533,caption_and_validated_request_info,Sektör,3,Seküritizasyon Kredileri,,0,97191,97191
2021-07,7,Sendikasyon Sekuritizasyon Kredileri,10001,1,"Sendikasyon Seküritizasyon Kredileri (milyon TL), Dönem:2021/7",milyon TL,raw/2021-07_table07_group10001.json,5dfe6e91e3add444ff732ad84129e4eb3c813ac1dc2118bbaa5f5556ca16f4a3,raw/2021-07_table07_group10001_info.json,04eaabf6dfd72314bbd75d52ee3601ee298e7f9e1499ad514445119b7d99bc11,caption_and_validated_request_info,Sektör,1,Sendikasyon Kredileri (Dış Ticaret Finansmanı Amaçlı Olmayanlar),,0,2302,2302
2021-07,7,Sendikasyon Sekuritizasyon Kredileri,10001,2,"Sendikasyon Seküritizasyon Kredileri (milyon TL), Dönem:2021/7",milyon TL,raw/2021-07_table07_group10001.json,5dfe6e91e3add444ff732ad84129e4eb3c813ac1dc2118bbaa5f5556ca16f4a3,raw/2021-07_table07_group10001_info.json,04eaabf6dfd72314bbd75d52ee3601ee298e7f9e1499ad514445119b7d99bc11,caption_and_validated_request_info,Sektör,2,Sendikasyon Kredileri (Dış Ticaret Finansmanı Amaçlı Olanlar),,0,130762,130762
2021-07,7,Sendikasyon Sekuritizasyon Kredileri,10001,3,"Sendikasyon Seküritizasyon Kredileri (milyon TL), Dönem:2021/7",milyon TL,raw/2021-07_table07_group10001.json,5dfe6e91e3add444ff732ad84129e4eb3c813ac1dc2118bbaa5f5556ca16f4a3,raw/2021-07_table07_group10001_info.json,04eaabf6dfd72314bbd75d52ee3601ee298e7f9e1499ad514445119b7d99bc11,caption_and_validated_request_info,Sektör,3,Seküritizasyon Kredileri,,0,93181,93181
2021-08,7,Sendikasyon Sekuritizasyon Kredileri,10001,1,"Sendikasyon Seküritizasyon Kredileri (milyon TL), Dönem:2021/8",milyon TL,raw/2021-08_table07_group10001.json,c788513ac9f897cd60766d92eea2c3da76f65eb6c190c76a7acaac7d39e7f0f4,raw/2021-08_table07_group10001_info.json,dd415ff903191c10c17c629b8237946f214784912552ec7e0a41f75b74a8d3e0,caption_and_validated_request_info,Sektör,1,Sendikasyon Kredileri (Dış Ticaret Finansmanı Amaçlı Olmayanlar),,0,2268,2268
2021-08,7,Sendikasyon Sekuritizasyon Kredileri,10001,2,"Sendikasyon Seküritizasyon Kredileri (milyon TL), Dönem:2021/8",milyon TL,raw/2021-08_table07_group10001.json,c788513ac9f897cd60766d92eea2c3da76f65eb6c190c76a7acaac7d39e7f0f4,raw/2021-08_table07_group10001_info.json,dd415ff903191c10c17c629b8237946f214784912552ec7e0a41f75b74a8d3e0,caption_and_validated_request_info,Sektör,2,Sendikasyon Kredileri (Dış Ticaret Finansmanı Amaçlı Olanlar),,0,128817,128817
2021-08,7,Sendikasyon Sekuritizasyon Kredileri,10001,3,"Sendikasyon Seküritizasyon Kredileri (milyon TL), Dönem:2021/8",milyon TL,raw/2021-08_table07_group10001.json,c788513ac9f897cd60766d92eea2c3da76f65eb6c190c76a7acaac7d39e7f0f4,raw/2021-08_table07_group10001_info.json,dd415ff903191c10c17c629b8237946f214784912552ec7e0a41f75b74a8d3e0,caption_and_validated_request_info,Sektör,3,Seküritizasyon Kredileri,,0,90820,90820
2021-09,7,Sendikasyon Sekuritizasyon Kredileri,10001,1,"Sendikasyon Seküritizasyon Kredileri (milyon TL), Dönem:2021/9",milyon TL,raw/2021-09_table07_group10001.json,02ce42eb0763f870e6bb197e54ed458fb25befd53dcd3f4ee4ef2e9f279bf8fa,raw/2021-09_table07_group10001_info.json,f34443725857419c0c43a379885fd787e5084781ecdcd6da6e8a5273a489b96e,caption_and_validated_request_info,Sektör,1,Sendikasyon Kredileri (Dış Ticaret Finansmanı Amaçlı Olmayanlar),,0,2266,2266
2021-09,7,Sendikasyon Sekuritizasyon Kredileri,10001,2,"Sendikasyon Seküritizasyon Kredileri (milyon TL), Dönem:2021/9",milyon TL,raw/2021-09_table07_group10001.json,02ce42eb0763f870e6bb197e54ed458fb25befd53dcd3f4ee4ef2e9f279bf8fa,raw/2021-09_table07_group10001_info.json,f34443725857419c0c43a379885fd787e5084781ecdcd6da6e8a5273a489b96e,caption_and_validated_request_info,Sektör,2,Sendikasyon Kredileri (Dış Ticaret Finansmanı Amaçlı Olanlar),,0,135381,135381
2021-09,7,Sendikasyon Sekuritizasyon Kredileri,10001,3,"Sendikasyon Seküritizasyon Kredileri (milyon TL), Dönem:2021/9",milyon TL,raw/2021-09_table07_group10001.json,02ce42eb0763f870e6bb197e54ed458fb25befd53dcd3f4ee4ef2e9f279bf8fa,raw/2021-09_table07_group10001_info.json,f34443725857419c0c43a379885fd787e5084781ecdcd6da6e8a5273a489b96e,caption_and_validated_request_info,Sektör,3,Seküritizasyon Kredileri,,0,94981,94981
2021-10,7,Sendikasyon Sekuritizasyon Kredileri,10001,1,"Sendikasyon Seküritizasyon Kredileri (milyon TL), Dönem:2021/10",milyon TL,raw/2021-10_table07_group10001.json,f638879c54adab7a99573cd8d4668001025467ab11088290d931a16951e44ca1,raw/2021-10_table07_group10001_info.json,f4531a1842cc55b37a4746e21f1375b4dfa344c697eb132c0408512973411f74,caption_and_validated_request_info,Sektör,1,Sendikasyon Kredileri (Dış Ticaret Finansmanı Amaçlı Olmayanlar),,0,2473,2473
2021-10,7,Sendikasyon Sekuritizasyon Kredileri,10001,2,"Sendikasyon Seküritizasyon Kredileri (milyon TL), Dönem:2021/10",milyon TL,raw/2021-10_table07_group10001.json,f638879c54adab7a99573cd8d4668001025467ab11088290d931a16951e44ca1,raw/2021-10_table07_group10001_info.json,f4531a1842cc55b37a4746e21f1375b4dfa344c697eb132c0408512973411f74,caption_and_validated_request_info,Sektör,2,Sendikasyon Kredileri (Dış Ticaret Finansmanı Amaçlı Olanlar),,1,144713,144714
2021-10,7,Sendikasyon Sekuritizasyon Kredileri,10001,3,"Sendikasyon Seküritizasyon Kredileri (milyon TL), Dönem:2021/10",milyon TL,raw/2021-10_table07_group10001.json,f638879c54adab7a99573cd8d4668001025467ab11088290d931a16951e44ca1,raw/2021-10_table07_group10001_info.json,f4531a1842cc55b37a4746e21f1375b4dfa344c697eb132c0408512973411f74,caption_and_validated_request_info,Sektör,3,Seküritizasyon Kredileri,,1,99701,99702
2021-11,7,Sendikasyon Sekuritizasyon Kredileri,10001,1,"Sendikasyon Seküritizasyon Kredileri (milyon TL), Dönem:2021/11",milyon TL,raw/2021-11_table07_group10001.json,5bb008d1fb66ca05c3c9ed05ba48aaec56265bd7b7a27cc32e0357415d2e27c5,raw/2021-11_table07_group10001_info.json,d04e304458dc5de368bd99cff8987466f75c97d7b64de052ffa4d860a8ea9cba,caption_and_validated_request_info,Sektör,1,Sendikasyon Kredileri (Dış Ticaret Finansmanı Amaçlı Olmayanlar),,0,3079,3079
2021-11,7,Sendikasyon Sekuritizasyon Kredileri,10001,2,"Sendikasyon Seküritizasyon Kredileri (milyon TL), Dönem:2021/11",milyon TL,raw/2021-11_table07_group10001.json,5bb008d1fb66ca05c3c9ed05ba48aaec56265bd7b7a27cc32e0357415d2e27c5,raw/2021-11_table07_group10001_info.json,d04e304458dc5de368bd99cff8987466f75c97d7b64de052ffa4d860a8ea9cba,caption_and_validated_request_info,Sektör,2,Sendikasyon Kredileri (Dış Ticaret Finansmanı Amaçlı Olanlar),,1,195944,195944
2021-11,7,Sendikasyon Sekuritizasyon Kredileri,10001,3,"Sendikasyon Seküritizasyon Kredileri (milyon TL), Dönem:2021/11",milyon TL,raw/2021-11_table07_group10001.json,5bb008d1fb66ca05c3c9ed05ba48aaec56265bd7b7a27cc32e0357415d2e27c5,raw/2021-11_table07_group10001_info.json,d04e304458dc5de368bd99cff8987466f75c97d7b64de052ffa4d860a8ea9cba,caption_and_validated_request_info,Sektör,3,Seküritizasyon Kredileri,,8,133221,133229
2021-12,7,Sendikasyon Sekuritizasyon Kredileri,10001,1,"Sendikasyon Seküritizasyon Kredileri (milyon TL), Dönem:2021/12",milyon TL,raw/2021-12_table07_group10001.json,8285e7a009d35aea16ddc377d6c10eaa064462b2782bb17ab263b7b2648a53af,raw/2021-12_table07_group10001_info.json,0f433d645f452d0238ef5097fac4c6de8aa88a9f19dfdf63af955f18a680d2a1,caption_and_validated_request_info,Sektör,1,Sendikasyon Kredileri (Dış Ticaret Finansmanı Amaçlı Olmayanlar),,0,2757,2758
2021-12,7,Sendikasyon Sekuritizasyon Kredileri,10001,2,"Sendikasyon Seküritizasyon Kredileri (milyon TL), Dönem:2021/12",milyon TL,raw/2021-12_table07_group10001.json,8285e7a009d35aea16ddc377d6c10eaa064462b2782bb17ab263b7b2648a53af,raw/2021-12_table07_group10001_info.json,0f433d645f452d0238ef5097fac4c6de8aa88a9f19dfdf63af955f18a680d2a1,caption_and_validated_request_info,Sektör,2,Sendikasyon Kredileri (Dış Ticaret Finansmanı Amaçlı Olanlar),,1,199528,199529
2021-12,7,Sendikasyon Sekuritizasyon Kredileri,10001,3,"Sendikasyon Seküritizasyon Kredileri (milyon TL), Dönem:2021/12",milyon TL,raw/2021-12_table07_group10001.json,8285e7a009d35aea16ddc377d6c10eaa064462b2782bb17ab263b7b2648a53af,raw/2021-12_table07_group10001_info.json,0f433d645f452d0238ef5097fac4c6de8aa88a9f19dfdf63af955f18a680d2a1,caption_and_validated_request_info,Sektör,3,Seküritizasyon Kredileri,,1,140879,140880
2022-01,7,Sendikasyon Sekuritizasyon Kredileri,10001,1,"Sendikasyon Seküritizasyon Kredileri (milyon TL), Dönem:2022/1",milyon TL,raw/2022-01_table07_group10001.json,92167b89c69462acd30a0b1ce6a3e1b97eb8112996ac42ae62c7ba26f23d3cf3,raw/2022-01_table07_group10001_info.json,5a176c266cc761559592f1c8a08233e5d58fe9efc18ea128f85ef8d13a0704f1,caption_and_validated_request_info,Sektör,1,Sendikasyon Kredileri (Dış Ticaret Finansmanı Amaçlı Olmayanlar),,0,2938,2938
2022-01,7,Sendikasyon Sekuritizasyon Kredileri,10001,2,"Sendikasyon Seküritizasyon Kredileri (milyon TL), Dönem:2022/1",milyon TL,raw/2022-01_table07_group10001.json,92167b89c69462acd30a0b1ce6a3e1b97eb8112996ac42ae62c7ba26f23d3cf3,raw/2022-01_table07_group10001_info.json,5a176c266cc761559592f1c8a08233e5d58fe9efc18ea128f85ef8d13a0704f1,caption_and_validated_request_info,Sektör,2,Sendikasyon Kredileri (Dış Ticaret Finansmanı Amaçlı Olanlar),,0,200548,200548
2022-01,7,Sendikasyon Sekuritizasyon Kredileri,10001,3,"Sendikasyon Seküritizasyon Kredileri (milyon TL), Dönem:2022/1",milyon TL,raw/2022-01_table07_group10001.json,92167b89c69462acd30a0b1ce6a3e1b97eb8112996ac42ae62c7ba26f23d3cf3,raw/2022-01_table07_group10001_info.json,5a176c266cc761559592f1c8a08233e5d58fe9efc18ea128f85ef8d13a0704f1,caption_and_validated_request_info,Sektör,3,Seküritizasyon Kredileri,,0,142292,142292
2022-02,7,Sendikasyon Sekuritizasyon Kredileri,10001,1,"Sendikasyon Seküritizasyon Kredileri (milyon TL), Dönem:2022/2",milyon TL,raw/2022-02_table07_group10001.json,e9275f4bfc89574c2427fa42203570436ff1ff755cb956563234ffdd66442ea7,raw/2022-02_table07_group10001_info.json,a056a99dbdf6624db666cb30513c6a129706c64b84ddc397ea91c89729e05f17,caption_and_validated_request_info,Sektör,1,Sendikasyon Kredileri (Dış Ticaret Finansmanı Amaçlı Olmayanlar),,0,2995,2995
2022-02,7,Sendikasyon Sekuritizasyon Kredileri,10001,2,"Sendikasyon Seküritizasyon Kredileri (milyon TL), Dönem:2022/2",milyon TL,raw/2022-02_table07_group10001.json,e9275f4bfc89574c2427fa42203570436ff1ff755cb956563234ffdd66442ea7,raw/2022-02_table07_group10001_info.json,a056a99dbdf6624db666cb30513c6a129706c64b84ddc397ea91c89729e05f17,caption_and_validated_request_info,Sektör,2,Sendikasyon Kredileri (Dış Ticaret Finansmanı Amaçlı Olanlar),,0,207431,207431
2022-02,7,Sendikasyon Sekuritizasyon Kredileri,10001,3,"Sendikasyon Seküritizasyon Kredileri (milyon TL), Dönem:2022/2",milyon TL,raw/2022-02_table07_group10001.json,e9275f4bfc89574c2427fa42203570436ff1ff755cb956563234ffdd66442ea7,raw/2022-02_table07_group10001_info.json,a056a99dbdf6624db666cb30513c6a129706c64b84ddc397ea91c89729e05f17,caption_and_validated_request_info,Sektör,3,Seküritizasyon Kredileri,,0,144707,144707
2022-03,7,Sendikasyon Sekuritizasyon Kredileri,10001,1,"Sendikasyon Seküritizasyon Kredileri (milyon TL), Dönem:2022/3",milyon TL,raw/2022-03_table07_group10001.json,26799f6f8a4f4c4e626ac71a93d763e20f19a9f2ae3257f13ef5c075c32a59bc,raw/2022-03_table07_group10001_info.json,374b19e96a75a7b5ac95bf87c1f0327765ed43639382f16b30ec07af83b54bf1,caption_and_validated_request_info,Sektör,1,Sendikasyon Kredileri (Dış Ticaret Finansmanı Amaçlı Olmayanlar),,62,3045,3107
2022-03,7,Sendikasyon Sekuritizasyon Kredileri,10001,2,"Sendikasyon Seküritizasyon Kredileri (milyon TL), Dönem:2022/3",milyon TL,raw/2022-03_table07_group10001.json,26799f6f8a4f4c4e626ac71a93d763e20f19a9f2ae3257f13ef5c075c32a59bc,raw/2022-03_table07_group10001_info.json,374b19e96a75a7b5ac95bf87c1f0327765ed43639382f16b30ec07af83b54bf1,caption_and_validated_request_info,Sektör,2,Sendikasyon Kredileri (Dış Ticaret Finansmanı Amaçlı Olanlar),,0,218118,218118
2022-03,7,Sendikasyon Sekuritizasyon Kredileri,10001,3,"Sendikasyon Seküritizasyon Kredileri (milyon TL), Dönem:2022/3",milyon TL,raw/2022-03_table07_group10001.json,26799f6f8a4f4c4e626ac71a93d763e20f19a9f2ae3257f13ef5c075c32a59bc,raw/2022-03_table07_group10001_info.json,374b19e96a75a7b5ac95bf87c1f0327765ed43639382f16b30ec07af83b54bf1,caption_and_validated_request_info,Sektör,3,Seküritizasyon Kredileri,,0,150274,150274
2022-04,7,Sendikasyon Sekuritizasyon Kredileri,10001,1,"Sendikasyon Seküritizasyon Kredileri (milyon TL), Dönem:2022/4",milyon TL,raw/2022-04_table07_group10001.json,5f15467192404ab401a361dbfbe6d95500ddf36b4ebc5b36e89ccce1d7df1723,raw/2022-04_table07_group10001_info.json,3e8f60ac4fa3ce599a98e34583b4a253e7b82bdbdb9f84e0aa0d2db6573d904e,caption_and_validated_request_info,Sektör,1,Sendikasyon Kredileri (Dış Ticaret Finansmanı Amaçlı Olmayanlar),,9,3178,3187
2022-04,7,Sendikasyon Sekuritizasyon Kredileri,10001,2,"Sendikasyon Seküritizasyon Kredileri (milyon TL), Dönem:2022/4",milyon TL,raw/2022-04_table07_group10001.json,5f15467192404ab401a361dbfbe6d95500ddf36b4ebc5b36e89ccce1d7df1723,raw/2022-04_table07_group10001_info.json,3e8f60ac4fa3ce599a98e34583b4a253e7b82bdbdb9f84e0aa0d2db6573d904e,caption_and_validated_request_info,Sektör,2,Sendikasyon Kredileri (Dış Ticaret Finansmanı Amaçlı Olanlar),,0,214235,214235
2022-04,7,Sendikasyon Sekuritizasyon Kredileri,10001,3,"Sendikasyon Seküritizasyon Kredileri (milyon TL), Dönem:2022/4",milyon TL,raw/2022-04_table07_group10001.json,5f15467192404ab401a361dbfbe6d95500ddf36b4ebc5b36e89ccce1d7df1723,raw/2022-04_table07_group10001_info.json,3e8f60ac4fa3ce599a98e34583b4a253e7b82bdbdb9f84e0aa0d2db6573d904e,caption_and_validated_request_info,Sektör,3,Seküritizasyon Kredileri,,0,151511,151511
2022-05,7,Sendikasyon Sekuritizasyon Kredileri,10001,1,"Sendikasyon Seküritizasyon Kredileri (milyon TL), Dönem:2022/5",milyon TL,raw/2022-05_table07_group10001.json,14a8b60df1a79b38d221d457ec43df5506604b13b8dded6aa83cbb7757ba1359,raw/2022-05_table07_group10001_info.json,8f006ec2b8f367e83ccc42b4b131bc1916ec1e3e4aad1b0c75e230e07bd0be0a,caption_and_validated_request_info,Sektör,1,Sendikasyon Kredileri (Dış Ticaret Finansmanı Amaçlı Olmayanlar),,9,3560,3569
2022-05,7,Sendikasyon Sekuritizasyon Kredileri,10001,2,"Sendikasyon Seküritizasyon Kredileri (milyon TL), Dönem:2022/5",milyon TL,raw/2022-05_table07_group10001.json,14a8b60df1a79b38d221d457ec43df5506604b13b8dded6aa83cbb7757ba1359,raw/2022-05_table07_group10001_info.json,8f006ec2b8f367e83ccc42b4b131bc1916ec1e3e4aad1b0c75e230e07bd0be0a,caption_and_validated_request_info,Sektör,2,Sendikasyon Kredileri (Dış Ticaret Finansmanı Amaçlı Olanlar),,0,240906,240906
2022-05,7,Sendikasyon Sekuritizasyon Kredileri,10001,3,"Sendikasyon Seküritizasyon Kredileri (milyon TL), Dönem:2022/5",milyon TL,raw/2022-05_table07_group10001.json,14a8b60df1a79b38d221d457ec43df5506604b13b8dded6aa83cbb7757ba1359,raw/2022-05_table07_group10001_info.json,8f006ec2b8f367e83ccc42b4b131bc1916ec1e3e4aad1b0c75e230e07bd0be0a,caption_and_validated_request_info,Sektör,3,Seküritizasyon Kredileri,,0,165592,165592
2022-06,7,Sendikasyon Sekuritizasyon Kredileri,10001,1,"Sendikasyon Seküritizasyon Kredileri (milyon TL), Dönem:2022/6",milyon TL,raw/2022-06_table07_group10001.json,a6a6c7617bbaa11de804617f5a644b177acc18a05f854f77b3d4394adb9f891a,raw/2022-06_table07_group10001_info.json,91525addda81f41f6840925a41d586990a33ac73dffe4117695e9d9f5fec91e8,caption_and_validated_request_info,Sektör,1,Sendikasyon Kredileri (Dış Ticaret Finansmanı Amaçlı Olmayanlar),,0,3506,3506
2022-06,7,Sendikasyon Sekuritizasyon Kredileri,10001,2,"Sendikasyon Seküritizasyon Kredileri (milyon TL), Dönem:2022/6",milyon TL,raw/2022-06_table07_group10001.json,a6a6c7617bbaa11de804617f5a644b177acc18a05f854f77b3d4394adb9f891a,raw/2022-06_table07_group10001_info.json,91525addda81f41f6840925a41d586990a33ac73dffe4117695e9d9f5fec91e8,caption_and_validated_request_info,Sektör,2,Sendikasyon Kredileri (Dış Ticaret Finansmanı Amaçlı Olanlar),,0,238776,238776
2022-06,7,Sendikasyon Sekuritizasyon Kredileri,10001,3,"Sendikasyon Seküritizasyon Kredileri (milyon TL), Dönem:2022/6",milyon TL,raw/2022-06_table07_group10001.json,a6a6c7617bbaa11de804617f5a644b177acc18a05f854f77b3d4394adb9f891a,raw/2022-06_table07_group10001_info.json,91525addda81f41f6840925a41d586990a33ac73dffe4117695e9d9f5fec91e8,caption_and_validated_request_info,Sektör,3,Seküritizasyon Kredileri,,0,165346,165346
2022-07,7,Sendikasyon Sekuritizasyon Kredileri,10001,1,"Sendikasyon Seküritizasyon Kredileri (milyon TL), Dönem:2022/7",milyon TL,raw/2022-07_table07_group10001.json,33517fc15dcf0ac6b8fb7d108dc1c365d98210f490ec0915377bbf969b99f963,raw/2022-07_table07_group10001_info.json,95d59b5b6f4c00a8e1d83458e264d24a54053b895a64944cbc7be7ca6adb8d62,caption_and_validated_request_info,Sektör,1,Sendikasyon Kredileri (Dış Ticaret Finansmanı Amaçlı Olmayanlar),,9,2672,2681
2022-07,7,Sendikasyon Sekuritizasyon Kredileri,10001,2,"Sendikasyon Seküritizasyon Kredileri (milyon TL), Dönem:2022/7",milyon TL,raw/2022-07_table07_group10001.json,33517fc15dcf0ac6b8fb7d108dc1c365d98210f490ec0915377bbf969b99f963,raw/2022-07_table07_group10001_info.json,95d59b5b6f4c00a8e1d83458e264d24a54053b895a64944cbc7be7ca6adb8d62,caption_and_validated_request_info,Sektör,2,Sendikasyon Kredileri (Dış Ticaret Finansmanı Amaçlı Olanlar),,0,252865,252865
2022-07,7,Sendikasyon Sekuritizasyon Kredileri,10001,3,"Sendikasyon Seküritizasyon Kredileri (milyon TL), Dönem:2022/7",milyon TL,raw/2022-07_table07_group10001.json,33517fc15dcf0ac6b8fb7d108dc1c365d98210f490ec0915377bbf969b99f963,raw/2022-07_table07_group10001_info.json,95d59b5b6f4c00a8e1d83458e264d24a54053b895a64944cbc7be7ca6adb8d62,caption_and_validated_request_info,Sektör,3,Seküritizasyon Kredileri,,0,175198,175198
2022-08,7,Sendikasyon Sekuritizasyon Kredileri,10001,1,"Sendikasyon Seküritizasyon Kredileri (milyon TL), Dönem:2022/8",milyon TL,raw/2022-08_table07_group10001.json,2674bfe155a7f5763d6bb96d07dfb4e0d64d81524cfa483021031af467fbd150,raw/2022-08_table07_group10001_info.json,afb7fe1124805b694cded2d02fb9baa27ad7648114a17d9a73199bc923d0501c,caption_and_validated_request_info,Sektör,1,Sendikasyon Kredileri (Dış Ticaret Finansmanı Amaçlı Olmayanlar),,0,2490,2490
2022-08,7,Sendikasyon Sekuritizasyon Kredileri,10001,2,"Sendikasyon Seküritizasyon Kredileri (milyon TL), Dönem:2022/8",milyon TL,raw/2022-08_table07_group10001.json,2674bfe155a7f5763d6bb96d07dfb4e0d64d81524cfa483021031af467fbd150,raw/2022-08_table07_group10001_info.json,afb7fe1124805b694cded2d02fb9baa27ad7648114a17d9a73199bc923d0501c,caption_and_validated_request_info,Sektör,2,Sendikasyon Kredileri (Dış Ticaret Finansmanı Amaçlı Olanlar),,0,253475,253475
2022-08,7,Sendikasyon Sekuritizasyon Kredileri,10001,3,"Sendikasyon Seküritizasyon Kredileri (milyon TL), Dönem:2022/8",milyon TL,raw/2022-08_table07_group10001.json,2674bfe155a7f5763d6bb96d07dfb4e0d64d81524cfa483021031af467fbd150,raw/2022-08_table07_group10001_info.json,afb7fe1124805b694cded2d02fb9baa27ad7648114a17d9a73199bc923d0501c,caption_and_validated_request_info,Sektör,3,Seküritizasyon Kredileri,,0,178862,178862
2022-09,7,Sendikasyon Sekuritizasyon Kredileri,10001,1,"Sendikasyon Seküritizasyon Kredileri (milyon TL), Dönem:2022/9",milyon TL,raw/2022-09_table07_group10001.json,bc133e418d2046e00e90d16807b32ac1044b968b97138723466fbc2db2f2b089,raw/2022-09_table07_group10001_info.json,5d84f923f8bc153fb3d840861bcd456ac66493dd3f48fe4df7418bdf7e81227a,caption_and_validated_request_info,Sektör,1,Sendikasyon Kredileri (Dış Ticaret Finansmanı Amaçlı Olmayanlar),,0,2406,2406
2022-09,7,Sendikasyon Sekuritizasyon Kredileri,10001,2,"Sendikasyon Seküritizasyon Kredileri (milyon TL), Dönem:2022/9",milyon TL,raw/2022-09_table07_group10001.json,bc133e418d2046e00e90d16807b32ac1044b968b97138723466fbc2db2f2b089,raw/2022-09_table07_group10001_info.json,5d84f923f8bc153fb3d840861bcd456ac66493dd3f48fe4df7418bdf7e81227a,caption_and_validated_request_info,Sektör,2,Sendikasyon Kredileri (Dış Ticaret Finansmanı Amaçlı Olanlar),,0,254444,254444
2022-09,7,Sendikasyon Sekuritizasyon Kredileri,10001,3,"Sendikasyon Seküritizasyon Kredileri (milyon TL), Dönem:2022/9",milyon TL,raw/2022-09_table07_group10001.json,bc133e418d2046e00e90d16807b32ac1044b968b97138723466fbc2db2f2b089,raw/2022-09_table07_group10001_info.json,5d84f923f8bc153fb3d840861bcd456ac66493dd3f48fe4df7418bdf7e81227a,caption_and_validated_request_info,Sektör,3,Seküritizasyon Kredileri,,0,178881,178881
2022-10,7,Sendikasyon Sekuritizasyon Kredileri,10001,1,"Sendikasyon Seküritizasyon Kredileri (milyon TL), Dönem:2022/10",milyon TL,raw/2022-10_table07_group10001.json,85f67ebbbc31e5d7c6d71ad97080ef3d96cf117eef0e0b0af72b99c5e41938b2,raw/2022-10_table07_group10001_info.json,14b426a04e81e7f04941535f90edb13ad5d48ad798fd70e280df5459b73226a6,caption_and_validated_request_info,Sektör,1,Sendikasyon Kredileri (Dış Ticaret Finansmanı Amaçlı Olmayanlar),,0,2440,2440
2022-10,7,Sendikasyon Sekuritizasyon Kredileri,10001,2,"Sendikasyon Seküritizasyon Kredileri (milyon TL), Dönem:2022/10",milyon TL,raw/2022-10_table07_group10001.json,85f67ebbbc31e5d7c6d71ad97080ef3d96cf117eef0e0b0af72b99c5e41938b2,raw/2022-10_table07_group10001_info.json,14b426a04e81e7f04941535f90edb13ad5d48ad798fd70e280df5459b73226a6,caption_and_validated_request_info,Sektör,2,Sendikasyon Kredileri (Dış Ticaret Finansmanı Amaçlı Olanlar),,0,252855,252855
2022-10,7,Sendikasyon Sekuritizasyon Kredileri,10001,3,"Sendikasyon Seküritizasyon Kredileri (milyon TL), Dönem:2022/10",milyon TL,raw/2022-10_table07_group10001.json,85f67ebbbc31e5d7c6d71ad97080ef3d96cf117eef0e0b0af72b99c5e41938b2,raw/2022-10_table07_group10001_info.json,14b426a04e81e7f04941535f90edb13ad5d48ad798fd70e280df5459b73226a6,caption_and_validated_request_info,Sektör,3,Seküritizasyon Kredileri,,0,178071,178071
2022-11,7,Sendikasyon Sekuritizasyon Kredileri,10001,1,"Sendikasyon Seküritizasyon Kredileri (milyon TL), Dönem:2022/11",milyon TL,raw/2022-11_table07_group10001.json,f911d7198a0ed5fe69b0319575cdff6a7fd199ce36a4af69db60ead807cf84f8,raw/2022-11_table07_group10001_info.json,6881b7c4b0334ded838300c19fedd7be7a7e0bbe2cd8d3c311017f44711c6ba7,caption_and_validated_request_info,Sektör,1,Sendikasyon Kredileri (Dış Ticaret Finansmanı Amaçlı Olmayanlar),,0,2514,2514
2022-11,7,Sendikasyon Sekuritizasyon Kredileri,10001,2,"Sendikasyon Seküritizasyon Kredileri (milyon TL), Dönem:2022/11",milyon TL,raw/2022-11_table07_group10001.json,f911d7198a0ed5fe69b0319575cdff6a7fd199ce36a4af69db60ead807cf84f8,raw/2022-11_table07_group10001_info.json,6881b7c4b0334ded838300c19fedd7be7a7e0bbe2cd8d3c311017f44711c6ba7,caption_and_validated_request_info,Sektör,2,Sendikasyon Kredileri (Dış Ticaret Finansmanı Amaçlı Olanlar),,0,242538,242538
2022-11,7,Sendikasyon Sekuritizasyon Kredileri,10001,3,"Sendikasyon Seküritizasyon Kredileri (milyon TL), Dönem:2022/11",milyon TL,raw/2022-11_table07_group10001.json,f911d7198a0ed5fe69b0319575cdff6a7fd199ce36a4af69db60ead807cf84f8,raw/2022-11_table07_group10001_info.json,6881b7c4b0334ded838300c19fedd7be7a7e0bbe2cd8d3c311017f44711c6ba7,caption_and_validated_request_info,Sektör,3,Seküritizasyon Kredileri,,0,176022,176022
2022-12,7,Sendikasyon Sekuritizasyon Kredileri,10001,1,"Sendikasyon Seküritizasyon Kredileri (milyon TL), Dönem:2022/12",milyon TL,raw/2022-12_table07_group10001.json,be1c1cd90fe37912a59d71c3402cdc68f4dcf74af325887f2faff0bccda0893a,raw/2022-12_table07_group10001_info.json,955f51490461d79d91988e41c72ff81dc4cbd8fe1ba68b30c5532e8661612c39,caption_and_validated_request_info,Sektör,1,Sendikasyon Kredileri (Dış Ticaret Finansmanı Amaçlı Olmayanlar),,520,2495,3015
2022-12,7,Sendikasyon Sekuritizasyon Kredileri,10001,2,"Sendikasyon Seküritizasyon Kredileri (milyon TL), Dönem:2022/12",milyon TL,raw/2022-12_table07_group10001.json,be1c1cd90fe37912a59d71c3402cdc68f4dcf74af325887f2faff0bccda0893a,raw/2022-12_table07_group10001_info.json,955f51490461d79d91988e41c72ff81dc4cbd8fe1ba68b30c5532e8661612c39,caption_and_validated_request_info,Sektör,2,Sendikasyon Kredileri (Dış Ticaret Finansmanı Amaçlı Olanlar),,0,240622,240622
2022-12,7,Sendikasyon Sekuritizasyon Kredileri,10001,3,"Sendikasyon Seküritizasyon Kredileri (milyon TL), Dönem:2022/12",milyon TL,raw/2022-12_table07_group10001.json,be1c1cd90fe37912a59d71c3402cdc68f4dcf74af325887f2faff0bccda0893a,raw/2022-12_table07_group10001_info.json,955f51490461d79d91988e41c72ff81dc4cbd8fe1ba68b30c5532e8661612c39,caption_and_validated_request_info,Sektör,3,Seküritizasyon Kredileri,,0,170263,170263
2023-01,7,Sendikasyon Sekuritizasyon Kredileri,10001,1,"Sendikasyon Seküritizasyon Kredileri (milyon TL), Dönem:2023/1",milyon TL,raw/2023-01_table07_group10001.json,bdefd095ba337b1714be298be08e80a041580e789d8557110725ef7dee9f0a18,raw/2023-01_table07_group10001_info.json,6bd99904796fb54e4d74ca3bb495dff53f6bdf7e8d08af154dbecead15423e4d,caption_and_validated_request_info,Sektör,1,Sendikasyon Kredileri (Dış Ticaret Finansmanı Amaçlı Olmayanlar),,0,2520,2520
2023-01,7,Sendikasyon Sekuritizasyon Kredileri,10001,2,"Sendikasyon Seküritizasyon Kredileri (milyon TL), Dönem:2023/1",milyon TL,raw/2023-01_table07_group10001.json,bdefd095ba337b1714be298be08e80a041580e789d8557110725ef7dee9f0a18,raw/2023-01_table07_group10001_info.json,6bd99904796fb54e4d74ca3bb495dff53f6bdf7e8d08af154dbecead15423e4d,caption_and_validated_request_info,Sektör,2,Sendikasyon Kredileri (Dış Ticaret Finansmanı Amaçlı Olanlar),,0,244478,244478
2023-01,7,Sendikasyon Sekuritizasyon Kredileri,10001,3,"Sendikasyon Seküritizasyon Kredileri (milyon TL), Dönem:2023/1",milyon TL,raw/2023-01_table07_group10001.json,bdefd095ba337b1714be298be08e80a041580e789d8557110725ef7dee9f0a18,raw/2023-01_table07_group10001_info.json,6bd99904796fb54e4d74ca3bb495dff53f6bdf7e8d08af154dbecead15423e4d,caption_and_validated_request_info,Sektör,3,Seküritizasyon Kredileri,,0,170097,170097
2023-02,7,Sendikasyon Sekuritizasyon Kredileri,10001,1,"Sendikasyon Seküritizasyon Kredileri (milyon TL), Dönem:2023/2",milyon TL,raw/2023-02_table07_group10001.json,7343ed6c57b25a53ab819b8b305cfb9ca070936d2502c01948518dc26c958589,raw/2023-02_table07_group10001_info.json,45a38ca2f8e0fe5bce13a0732c34490938b196f3edeb792f183feda93d7c9c5d,caption_and_validated_request_info,Sektör,1,Sendikasyon Kredileri (Dış Ticaret Finansmanı Amaçlı Olmayanlar),,0,2489,2489
2023-02,7,Sendikasyon Sekuritizasyon Kredileri,10001,2,"Sendikasyon Seküritizasyon Kredileri (milyon TL), Dönem:2023/2",milyon TL,raw/2023-02_table07_group10001.json,7343ed6c57b25a53ab819b8b305cfb9ca070936d2502c01948518dc26c958589,raw/2023-02_table07_group10001_info.json,45a38ca2f8e0fe5bce13a0732c34490938b196f3edeb792f183feda93d7c9c5d,caption_and_validated_request_info,Sektör,2,Sendikasyon Kredileri (Dış Ticaret Finansmanı Amaçlı Olanlar),,0,241924,241924
2023-02,7,Sendikasyon Sekuritizasyon Kredileri,10001,3,"Sendikasyon Seküritizasyon Kredileri (milyon TL), Dönem:2023/2",milyon TL,raw/2023-02_table07_group10001.json,7343ed6c57b25a53ab819b8b305cfb9ca070936d2502c01948518dc26c958589,raw/2023-02_table07_group10001_info.json,45a38ca2f8e0fe5bce13a0732c34490938b196f3edeb792f183feda93d7c9c5d,caption_and_validated_request_info,Sektör,3,Seküritizasyon Kredileri,,0,184128,184128
2023-03,7,Sendikasyon Sekuritizasyon Kredileri,10001,1,"Sendikasyon Seküritizasyon Kredileri (milyon TL), Dönem:2023/3",milyon TL,raw/2023-03_table07_group10001.json,e1387e47e2c78bdb30893df9f11165dbad98a31837a15485393ca258c601300e,raw/2023-03_table07_group10001_info.json,4d51df934f71c3213faff67303ed169450e8794408ec5002dc16d704c04c8118,caption_and_validated_request_info,Sektör,1,Sendikasyon Kredileri (Dış Ticaret Finansmanı Amaçlı Olmayanlar),,0,2205,2205
2023-03,7,Sendikasyon Sekuritizasyon Kredileri,10001,2,"Sendikasyon Seküritizasyon Kredileri (milyon TL), Dönem:2023/3",milyon TL,raw/2023-03_table07_group10001.json,e1387e47e2c78bdb30893df9f11165dbad98a31837a15485393ca258c601300e,raw/2023-03_table07_group10001_info.json,4d51df934f71c3213faff67303ed169450e8794408ec5002dc16d704c04c8118,caption_and_validated_request_info,Sektör,2,Sendikasyon Kredileri (Dış Ticaret Finansmanı Amaçlı Olanlar),,0,249456,249456
2023-03,7,Sendikasyon Sekuritizasyon Kredileri,10001,3,"Sendikasyon Seküritizasyon Kredileri (milyon TL), Dönem:2023/3",milyon TL,raw/2023-03_table07_group10001.json,e1387e47e2c78bdb30893df9f11165dbad98a31837a15485393ca258c601300e,raw/2023-03_table07_group10001_info.json,4d51df934f71c3213faff67303ed169450e8794408ec5002dc16d704c04c8118,caption_and_validated_request_info,Sektör,3,Seküritizasyon Kredileri,,0,187001,187001
2023-04,7,Sendikasyon Sekuritizasyon Kredileri,10001,1,"Sendikasyon Seküritizasyon Kredileri (milyon TL), Dönem:2023/4",milyon TL,raw/2023-04_table07_group10001.json,fee3f4839c014d8c56ee697ea4321f89e81f60135099dd398542471254e1079a,raw/2023-04_table07_group10001_info.json,e0c9148ea204217c36c60db6065aff3d8348e69edeea89b521c7cd60e1353114,caption_and_validated_request_info,Sektör,1,Sendikasyon Kredileri (Dış Ticaret Finansmanı Amaçlı Olmayanlar),,0,2257,2257
2023-04,7,Sendikasyon Sekuritizasyon Kredileri,10001,2,"Sendikasyon Seküritizasyon Kredileri (milyon TL), Dönem:2023/4",milyon TL,raw/2023-04_table07_group10001.json,fee3f4839c014d8c56ee697ea4321f89e81f60135099dd398542471254e1079a,raw/2023-04_table07_group10001_info.json,e0c9148ea204217c36c60db6065aff3d8348e69edeea89b521c7cd60e1353114,caption_and_validated_request_info,Sektör,2,Sendikasyon Kredileri (Dış Ticaret Finansmanı Amaçlı Olanlar),,0,251656,251656
2023-04,7,Sendikasyon Sekuritizasyon Kredileri,10001,3,"Sendikasyon Seküritizasyon Kredileri (milyon TL), Dönem:2023/4",milyon TL,raw/2023-04_table07_group10001.json,fee3f4839c014d8c56ee697ea4321f89e81f60135099dd398542471254e1079a,raw/2023-04_table07_group10001_info.json,e0c9148ea204217c36c60db6065aff3d8348e69edeea89b521c7cd60e1353114,caption_and_validated_request_info,Sektör,3,Seküritizasyon Kredileri,,0,189223,189223
2023-05,7,Sendikasyon Sekuritizasyon Kredileri,10001,1,"Sendikasyon Seküritizasyon Kredileri (milyon TL), Dönem:2023/5",milyon TL,raw/2023-05_table07_group10001.json,75e24246cca5a1889b1b6b3f4210d997f92f73083b42666f280094baddb67761,raw/2023-05_table07_group10001_info.json,1dd2a06207957d8d390b99669a3a2d81c28614b775211cc64a4f32a796d5a25c,caption_and_validated_request_info,Sektör,1,Sendikasyon Kredileri (Dış Ticaret Finansmanı Amaçlı Olmayanlar),,0,2335,2335
2023-05,7,Sendikasyon Sekuritizasyon Kredileri,10001,2,"Sendikasyon Seküritizasyon Kredileri (milyon TL), Dönem:2023/5",milyon TL,raw/2023-05_table07_group10001.json,75e24246cca5a1889b1b6b3f4210d997f92f73083b42666f280094baddb67761,raw/2023-05_table07_group10001_info.json,1dd2a06207957d8d390b99669a3a2d81c28614b775211cc64a4f32a796d5a25c,caption_and_validated_request_info,Sektör,2,Sendikasyon Kredileri (Dış Ticaret Finansmanı Amaçlı Olanlar),,0,256595,256595
2023-05,7,Sendikasyon Sekuritizasyon Kredileri,10001,3,"Sendikasyon Seküritizasyon Kredileri (milyon TL), Dönem:2023/5",milyon TL,raw/2023-05_table07_group10001.json,75e24246cca5a1889b1b6b3f4210d997f92f73083b42666f280094baddb67761,raw/2023-05_table07_group10001_info.json,1dd2a06207957d8d390b99669a3a2d81c28614b775211cc64a4f32a796d5a25c,caption_and_validated_request_info,Sektör,3,Seküritizasyon Kredileri,,0,214806,214806
2023-06,7,Sendikasyon Sekuritizasyon Kredileri,10001,1,"Sendikasyon Seküritizasyon Kredileri (milyon TL), Dönem:2023/6",milyon TL,raw/2023-06_table07_group10001.json,ac8a77b27e4030dd4801f032936cfecf81fecb8858524f65257baac67ca3cca0,raw/2023-06_table07_group10001_info.json,4793b70777edf7226188b563797dc2ab04b05d2ef9cc3be7fde6ea8096cbb8aa,caption_and_validated_request_info,Sektör,1,Sendikasyon Kredileri (Dış Ticaret Finansmanı Amaçlı Olmayanlar),,0,2991,2991
2023-06,7,Sendikasyon Sekuritizasyon Kredileri,10001,2,"Sendikasyon Seküritizasyon Kredileri (milyon TL), Dönem:2023/6",milyon TL,raw/2023-06_table07_group10001.json,ac8a77b27e4030dd4801f032936cfecf81fecb8858524f65257baac67ca3cca0,raw/2023-06_table07_group10001_info.json,4793b70777edf7226188b563797dc2ab04b05d2ef9cc3be7fde6ea8096cbb8aa,caption_and_validated_request_info,Sektör,2,Sendikasyon Kredileri (Dış Ticaret Finansmanı Amaçlı Olanlar),,0,308051,308051
2023-06,7,Sendikasyon Sekuritizasyon Kredileri,10001,3,"Sendikasyon Seküritizasyon Kredileri (milyon TL), Dönem:2023/6",milyon TL,raw/2023-06_table07_group10001.json,ac8a77b27e4030dd4801f032936cfecf81fecb8858524f65257baac67ca3cca0,raw/2023-06_table07_group10001_info.json,4793b70777edf7226188b563797dc2ab04b05d2ef9cc3be7fde6ea8096cbb8aa,caption_and_validated_request_info,Sektör,3,Seküritizasyon Kredileri,,0,263499,263499
2023-07,7,Sendikasyon Sekuritizasyon Kredileri,10001,1,"Sendikasyon Seküritizasyon Kredileri (milyon TL), Dönem:2023/7",milyon TL,raw/2023-07_table07_group10001.json,59f0aa23042597f2a13cbf78811cbdaef7c4b571274c30e39158b2bef1ad225f,raw/2023-07_table07_group10001_info.json,ddef177e2744a75a215c41cb5a1b34b581817618dd00784fb3cff0021a59558a,caption_and_validated_request_info,Sektör,1,Sendikasyon Kredileri (Dış Ticaret Finansmanı Amaçlı Olmayanlar),,0,3244,3244
2023-07,7,Sendikasyon Sekuritizasyon Kredileri,10001,2,"Sendikasyon Seküritizasyon Kredileri (milyon TL), Dönem:2023/7",milyon TL,raw/2023-07_table07_group10001.json,59f0aa23042597f2a13cbf78811cbdaef7c4b571274c30e39158b2bef1ad225f,raw/2023-07_table07_group10001_info.json,ddef177e2744a75a215c41cb5a1b34b581817618dd00784fb3cff0021a59558a,caption_and_validated_request_info,Sektör,2,Sendikasyon Kredileri (Dış Ticaret Finansmanı Amaçlı Olanlar),,0,324061,324061
2023-07,7,Sendikasyon Sekuritizasyon Kredileri,10001,3,"Sendikasyon Seküritizasyon Kredileri (milyon TL), Dönem:2023/7",milyon TL,raw/2023-07_table07_group10001.json,59f0aa23042597f2a13cbf78811cbdaef7c4b571274c30e39158b2bef1ad225f,raw/2023-07_table07_group10001_info.json,ddef177e2744a75a215c41cb5a1b34b581817618dd00784fb3cff0021a59558a,caption_and_validated_request_info,Sektör,3,Seküritizasyon Kredileri,,0,272758,272758
2023-08,7,Sendikasyon Sekuritizasyon Kredileri,10001,1,"Sendikasyon Seküritizasyon Kredileri (milyon TL), Dönem:2023/8",milyon TL,raw/2023-08_table07_group10001.json,3993be72581e78a408a866842874f394ae7fba701957d2115a9aacbbd772f665,raw/2023-08_table07_group10001_info.json,ca9cc05311e2f99acd16139b4c5b1a1f6a96da89e681bf7b02b38d28cca09eef,caption_and_validated_request_info,Sektör,1,Sendikasyon Kredileri (Dış Ticaret Finansmanı Amaçlı Olmayanlar),,0,3193,3193
2023-08,7,Sendikasyon Sekuritizasyon Kredileri,10001,2,"Sendikasyon Seküritizasyon Kredileri (milyon TL), Dönem:2023/8",milyon TL,raw/2023-08_table07_group10001.json,3993be72581e78a408a866842874f394ae7fba701957d2115a9aacbbd772f665,raw/2023-08_table07_group10001_info.json,ca9cc05311e2f99acd16139b4c5b1a1f6a96da89e681bf7b02b38d28cca09eef,caption_and_validated_request_info,Sektör,2,Sendikasyon Kredileri (Dış Ticaret Finansmanı Amaçlı Olanlar),,0,320007,320007
2023-08,7,Sendikasyon Sekuritizasyon Kredileri,10001,3,"Sendikasyon Seküritizasyon Kredileri (milyon TL), Dönem:2023/8",milyon TL,raw/2023-08_table07_group10001.json,3993be72581e78a408a866842874f394ae7fba701957d2115a9aacbbd772f665,raw/2023-08_table07_group10001_info.json,ca9cc05311e2f99acd16139b4c5b1a1f6a96da89e681bf7b02b38d28cca09eef,caption_and_validated_request_info,Sektör,3,Seküritizasyon Kredileri,,0,265852,265852
2023-09,7,Sendikasyon Sekuritizasyon Kredileri,10001,1,"Sendikasyon Seküritizasyon Kredileri (milyon TL), Dönem:2023/9",milyon TL,raw/2023-09_table07_group10001.json,c24dc0f307cb728aca1b9fa5daa367db54e9dc2ce27b81ea14d244524c7de1cb,raw/2023-09_table07_group10001_info.json,e22112e915f4686deb3d083523d61d5d5767a56d2b009cf1dc0931bea4574d00,caption_and_validated_request_info,Sektör,1,Sendikasyon Kredileri (Dış Ticaret Finansmanı Amaçlı Olmayanlar),,0,10941,10941
2023-09,7,Sendikasyon Sekuritizasyon Kredileri,10001,2,"Sendikasyon Seküritizasyon Kredileri (milyon TL), Dönem:2023/9",milyon TL,raw/2023-09_table07_group10001.json,c24dc0f307cb728aca1b9fa5daa367db54e9dc2ce27b81ea14d244524c7de1cb,raw/2023-09_table07_group10001_info.json,e22112e915f4686deb3d083523d61d5d5767a56d2b009cf1dc0931bea4574d00,caption_and_validated_request_info,Sektör,2,Sendikasyon Kredileri (Dış Ticaret Finansmanı Amaçlı Olanlar),,0,329676,329676
2023-09,7,Sendikasyon Sekuritizasyon Kredileri,10001,3,"Sendikasyon Seküritizasyon Kredileri (milyon TL), Dönem:2023/9",milyon TL,raw/2023-09_table07_group10001.json,c24dc0f307cb728aca1b9fa5daa367db54e9dc2ce27b81ea14d244524c7de1cb,raw/2023-09_table07_group10001_info.json,e22112e915f4686deb3d083523d61d5d5767a56d2b009cf1dc0931bea4574d00,caption_and_validated_request_info,Sektör,3,Seküritizasyon Kredileri,,0,288068,288068
2023-10,7,Sendikasyon Sekuritizasyon Kredileri,10001,1,"Sendikasyon Seküritizasyon Kredileri (milyon TL), Dönem:2023/10",milyon TL,raw/2023-10_table07_group10001.json,d51c72fd8575e85344794ae0bc0241431bdda7b4232e03063eb43545a513cab3,raw/2023-10_table07_group10001_info.json,1ccbccd4279523a4ee93f93128bcfd5b1bb6cc4688888c31f3d278d97a9eb433,caption_and_validated_request_info,Sektör,1,Sendikasyon Kredileri (Dış Ticaret Finansmanı Amaçlı Olmayanlar),,0,3294,3294
2023-10,7,Sendikasyon Sekuritizasyon Kredileri,10001,2,"Sendikasyon Seküritizasyon Kredileri (milyon TL), Dönem:2023/10",milyon TL,raw/2023-10_table07_group10001.json,d51c72fd8575e85344794ae0bc0241431bdda7b4232e03063eb43545a513cab3,raw/2023-10_table07_group10001_info.json,1ccbccd4279523a4ee93f93128bcfd5b1bb6cc4688888c31f3d278d97a9eb433,caption_and_validated_request_info,Sektör,2,Sendikasyon Kredileri (Dış Ticaret Finansmanı Amaçlı Olanlar),,0,348960,348960
2023-10,7,Sendikasyon Sekuritizasyon Kredileri,10001,3,"Sendikasyon Seküritizasyon Kredileri (milyon TL), Dönem:2023/10",milyon TL,raw/2023-10_table07_group10001.json,d51c72fd8575e85344794ae0bc0241431bdda7b4232e03063eb43545a513cab3,raw/2023-10_table07_group10001_info.json,1ccbccd4279523a4ee93f93128bcfd5b1bb6cc4688888c31f3d278d97a9eb433,caption_and_validated_request_info,Sektör,3,Seküritizasyon Kredileri,,0,301479,301479
2023-11,7,Sendikasyon Sekuritizasyon Kredileri,10001,1,"Sendikasyon Seküritizasyon Kredileri (milyon TL), Dönem:2023/11",milyon TL,raw/2023-11_table07_group10001.json,a6963b058608bf80849f1792cf66400b51d2b7916f9d4dd956d54275fd6596c8,raw/2023-11_table07_group10001_info.json,28b88f3445213b3efe6fe8bc8f528e48e124958a71129bfa3b5fa214025d4b83,caption_and_validated_request_info,Sektör,1,Sendikasyon Kredileri (Dış Ticaret Finansmanı Amaçlı Olmayanlar),,0,3473,3473
2023-11,7,Sendikasyon Sekuritizasyon Kredileri,10001,2,"Sendikasyon Seküritizasyon Kredileri (milyon TL), Dönem:2023/11",milyon TL,raw/2023-11_table07_group10001.json,a6963b058608bf80849f1792cf66400b51d2b7916f9d4dd956d54275fd6596c8,raw/2023-11_table07_group10001_info.json,28b88f3445213b3efe6fe8bc8f528e48e124958a71129bfa3b5fa214025d4b83,caption_and_validated_request_info,Sektör,2,Sendikasyon Kredileri (Dış Ticaret Finansmanı Amaçlı Olanlar),,0,398796,398796
2023-11,7,Sendikasyon Sekuritizasyon Kredileri,10001,3,"Sendikasyon Seküritizasyon Kredileri (milyon TL), Dönem:2023/11",milyon TL,raw/2023-11_table07_group10001.json,a6963b058608bf80849f1792cf66400b51d2b7916f9d4dd956d54275fd6596c8,raw/2023-11_table07_group10001_info.json,28b88f3445213b3efe6fe8bc8f528e48e124958a71129bfa3b5fa214025d4b83,caption_and_validated_request_info,Sektör,3,Seküritizasyon Kredileri,,0,311892,311892
2023-12,7,Sendikasyon Sekuritizasyon Kredileri,10001,1,"Sendikasyon Seküritizasyon Kredileri (milyon TL), Dönem:2023/12",milyon TL,raw/2023-12_table07_group10001.json,a21dd8ccc0fc3dbfc68e6e55db2b271938b45fb7245a4c38f90a51c7f13a10d6,raw/2023-12_table07_group10001_info.json,fc81b2f59e2dbbd8c9b69398341e64da6817a5ae946f468baf6febd7a3ea50ec,caption_and_validated_request_info,Sektör,1,Sendikasyon Kredileri (Dış Ticaret Finansmanı Amaçlı Olmayanlar),,0,3565,3565
2023-12,7,Sendikasyon Sekuritizasyon Kredileri,10001,2,"Sendikasyon Seküritizasyon Kredileri (milyon TL), Dönem:2023/12",milyon TL,raw/2023-12_table07_group10001.json,a21dd8ccc0fc3dbfc68e6e55db2b271938b45fb7245a4c38f90a51c7f13a10d6,raw/2023-12_table07_group10001_info.json,fc81b2f59e2dbbd8c9b69398341e64da6817a5ae946f468baf6febd7a3ea50ec,caption_and_validated_request_info,Sektör,2,Sendikasyon Kredileri (Dış Ticaret Finansmanı Amaçlı Olanlar),,0,408215,408215
2023-12,7,Sendikasyon Sekuritizasyon Kredileri,10001,3,"Sendikasyon Seküritizasyon Kredileri (milyon TL), Dönem:2023/12",milyon TL,raw/2023-12_table07_group10001.json,a21dd8ccc0fc3dbfc68e6e55db2b271938b45fb7245a4c38f90a51c7f13a10d6,raw/2023-12_table07_group10001_info.json,fc81b2f59e2dbbd8c9b69398341e64da6817a5ae946f468baf6febd7a3ea50ec,caption_and_validated_request_info,Sektör,3,Seküritizasyon Kredileri,,0,311973,311973
2024-01,7,Sendikasyon Sekuritizasyon Kredileri,10001,1,"Sendikasyon Seküritizasyon Kredileri (milyon TL), Dönem:2024/1",milyon TL,raw/2024-01_table07_group10001.json,d2e1b1e9b05ae65ba3eb299be22cf16e659847e4c9cebbe16d1fdcc53fb67e74,raw/2024-01_table07_group10001_info.json,6c776d4e552535bb8b65f64817564130e0f28cc1daf809ad707dcd56fa2e2996,caption_and_validated_request_info,Sektör,1,Sendikasyon Kredileri (Dış Ticaret Finansmanı Amaçlı Olmayanlar),,0,3601,3601
2024-01,7,Sendikasyon Sekuritizasyon Kredileri,10001,2,"Sendikasyon Seküritizasyon Kredileri (milyon TL), Dönem:2024/1",milyon TL,raw/2024-01_table07_group10001.json,d2e1b1e9b05ae65ba3eb299be22cf16e659847e4c9cebbe16d1fdcc53fb67e74,raw/2024-01_table07_group10001_info.json,6c776d4e552535bb8b65f64817564130e0f28cc1daf809ad707dcd56fa2e2996,caption_and_validated_request_info,Sektör,2,Sendikasyon Kredileri (Dış Ticaret Finansmanı Amaçlı Olanlar),,0,414502,414502
2024-01,7,Sendikasyon Sekuritizasyon Kredileri,10001,3,"Sendikasyon Seküritizasyon Kredileri (milyon TL), Dönem:2024/1",milyon TL,raw/2024-01_table07_group10001.json,d2e1b1e9b05ae65ba3eb299be22cf16e659847e4c9cebbe16d1fdcc53fb67e74,raw/2024-01_table07_group10001_info.json,6c776d4e552535bb8b65f64817564130e0f28cc1daf809ad707dcd56fa2e2996,caption_and_validated_request_info,Sektör,3,Seküritizasyon Kredileri,,0,318640,318640
2024-02,7,Sendikasyon Sekuritizasyon Kredileri,10001,1,"Sendikasyon Seküritizasyon Kredileri (milyon TL), Dönem:2024/2",milyon TL,raw/2024-02_table07_group10001.json,1283ae4c9461217eb1d8e7e7a125c33d8da5940ca23090742561b0e61bdacc85,raw/2024-02_table07_group10001_info.json,76ac748a4552d6017bbe6ccac14d9f3a163015c95ff6426898bb0db0e1ca5be0,caption_and_validated_request_info,Sektör,1,Sendikasyon Kredileri (Dış Ticaret Finansmanı Amaçlı Olmayanlar),,0,3706,3706
2024-02,7,Sendikasyon Sekuritizasyon Kredileri,10001,2,"Sendikasyon Seküritizasyon Kredileri (milyon TL), Dönem:2024/2",milyon TL,raw/2024-02_table07_group10001.json,1283ae4c9461217eb1d8e7e7a125c33d8da5940ca23090742561b0e61bdacc85,raw/2024-02_table07_group10001_info.json,76ac748a4552d6017bbe6ccac14d9f3a163015c95ff6426898bb0db0e1ca5be0,caption_and_validated_request_info,Sektör,2,Sendikasyon Kredileri (Dış Ticaret Finansmanı Amaçlı Olanlar),,0,426378,426378
2024-02,7,Sendikasyon Sekuritizasyon Kredileri,10001,3,"Sendikasyon Seküritizasyon Kredileri (milyon TL), Dönem:2024/2",milyon TL,raw/2024-02_table07_group10001.json,1283ae4c9461217eb1d8e7e7a125c33d8da5940ca23090742561b0e61bdacc85,raw/2024-02_table07_group10001_info.json,76ac748a4552d6017bbe6ccac14d9f3a163015c95ff6426898bb0db0e1ca5be0,caption_and_validated_request_info,Sektör,3,Seküritizasyon Kredileri,,0,328409,328409
2024-03,7,Sendikasyon Sekuritizasyon Kredileri,10001,1,"Sendikasyon Seküritizasyon Kredileri (milyon TL), Dönem:2024/3",milyon TL,raw/2024-03_table07_group10001.json,974fbb5db25872ef6645ffe5d78663847926e933bf2564c0a5c13179f662251c,raw/2024-03_table07_group10001_info.json,05f8d43f9855679d9c548c828059f06e83815c27185d7b9219c51bc0a0d2cff7,caption_and_validated_request_info,Sektör,1,Sendikasyon Kredileri (Dış Ticaret Finansmanı Amaçlı Olmayanlar),,0,4174,4174
2024-03,7,Sendikasyon Sekuritizasyon Kredileri,10001,2,"Sendikasyon Seküritizasyon Kredileri (milyon TL), Dönem:2024/3",milyon TL,raw/2024-03_table07_group10001.json,974fbb5db25872ef6645ffe5d78663847926e933bf2564c0a5c13179f662251c,raw/2024-03_table07_group10001_info.json,05f8d43f9855679d9c548c828059f06e83815c27185d7b9219c51bc0a0d2cff7,caption_and_validated_request_info,Sektör,2,Sendikasyon Kredileri (Dış Ticaret Finansmanı Amaçlı Olanlar),,0,440616,440616
2024-03,7,Sendikasyon Sekuritizasyon Kredileri,10001,3,"Sendikasyon Seküritizasyon Kredileri (milyon TL), Dönem:2024/3",milyon TL,raw/2024-03_table07_group10001.json,974fbb5db25872ef6645ffe5d78663847926e933bf2564c0a5c13179f662251c,raw/2024-03_table07_group10001_info.json,05f8d43f9855679d9c548c828059f06e83815c27185d7b9219c51bc0a0d2cff7,caption_and_validated_request_info,Sektör,3,Seküritizasyon Kredileri,,0,354856,354856
2024-04,7,Sendikasyon Sekuritizasyon Kredileri,10001,1,"Sendikasyon Seküritizasyon Kredileri (milyon TL), Dönem:2024/4",milyon TL,raw/2024-04_table07_group10001.json,720bce580260b7566c823fffffd458bf47b1ec72022d839970b315d85fb0329c,raw/2024-04_table07_group10001_info.json,7616b26320319a69a8b18ae999006cd22fd17923a4b72eba1d616ca2eb544dac,caption_and_validated_request_info,Sektör,1,Sendikasyon Kredileri (Dış Ticaret Finansmanı Amaçlı Olmayanlar),,0,3806,3806
2024-04,7,Sendikasyon Sekuritizasyon Kredileri,10001,2,"Sendikasyon Seküritizasyon Kredileri (milyon TL), Dönem:2024/4",milyon TL,raw/2024-04_table07_group10001.json,720bce580260b7566c823fffffd458bf47b1ec72022d839970b315d85fb0329c,raw/2024-04_table07_group10001_info.json,7616b26320319a69a8b18ae999006cd22fd17923a4b72eba1d616ca2eb544dac,caption_and_validated_request_info,Sektör,2,Sendikasyon Kredileri (Dış Ticaret Finansmanı Amaçlı Olanlar),,0,455159,455159
2024-04,7,Sendikasyon Sekuritizasyon Kredileri,10001,3,"Sendikasyon Seküritizasyon Kredileri (milyon TL), Dönem:2024/4",milyon TL,raw/2024-04_table07_group10001.json,720bce580260b7566c823fffffd458bf47b1ec72022d839970b315d85fb0329c,raw/2024-04_table07_group10001_info.json,7616b26320319a69a8b18ae999006cd22fd17923a4b72eba1d616ca2eb544dac,caption_and_validated_request_info,Sektör,3,Seküritizasyon Kredileri,,0,353030,353030
2024-05,7,Sendikasyon Sekuritizasyon Kredileri,10001,1,"Sendikasyon Seküritizasyon Kredileri (milyon TL), Dönem:2024/5",milyon TL,raw/2024-05_table07_group10001.json,786d134aad1eaf1a4ee928434c9552d66e7c9541505677abd12a70262eb66d69,raw/2024-05_table07_group10001_info.json,1e6712979f732eaba183f4c5c0f8d688640cf8d3a85a56e4e82e950e538091d6,caption_and_validated_request_info,Sektör,1,Sendikasyon Kredileri (Dış Ticaret Finansmanı Amaçlı Olmayanlar),,0,3813,3813
2024-05,7,Sendikasyon Sekuritizasyon Kredileri,10001,2,"Sendikasyon Seküritizasyon Kredileri (milyon TL), Dönem:2024/5",milyon TL,raw/2024-05_table07_group10001.json,786d134aad1eaf1a4ee928434c9552d66e7c9541505677abd12a70262eb66d69,raw/2024-05_table07_group10001_info.json,1e6712979f732eaba183f4c5c0f8d688640cf8d3a85a56e4e82e950e538091d6,caption_and_validated_request_info,Sektör,2,Sendikasyon Kredileri (Dış Ticaret Finansmanı Amaçlı Olanlar),,0,477417,477417
2024-05,7,Sendikasyon Sekuritizasyon Kredileri,10001,3,"Sendikasyon Seküritizasyon Kredileri (milyon TL), Dönem:2024/5",milyon TL,raw/2024-05_table07_group10001.json,786d134aad1eaf1a4ee928434c9552d66e7c9541505677abd12a70262eb66d69,raw/2024-05_table07_group10001_info.json,1e6712979f732eaba183f4c5c0f8d688640cf8d3a85a56e4e82e950e538091d6,caption_and_validated_request_info,Sektör,3,Seküritizasyon Kredileri,,0,341932,341932
2024-06,7,Sendikasyon Sekuritizasyon Kredileri,10001,1,"Sendikasyon Seküritizasyon Kredileri (milyon TL), Dönem:2024/6",milyon TL,raw/2024-06_table07_group10001.json,6a5f4dfca1e60a388ab6f73a07d10b5af24317a130401e6f08554cc397f6f73a,raw/2024-06_table07_group10001_info.json,e7e0e07d2c792ad36b45bcbdd67da25199305c94c327c6c5ff69af20a4ab2cf5,caption_and_validated_request_info,Sektör,1,Sendikasyon Kredileri (Dış Ticaret Finansmanı Amaçlı Olmayanlar),,0,3858,3858
2024-06,7,Sendikasyon Sekuritizasyon Kredileri,10001,2,"Sendikasyon Seküritizasyon Kredileri (milyon TL), Dönem:2024/6",milyon TL,raw/2024-06_table07_group10001.json,6a5f4dfca1e60a388ab6f73a07d10b5af24317a130401e6f08554cc397f6f73a,raw/2024-06_table07_group10001_info.json,e7e0e07d2c792ad36b45bcbdd67da25199305c94c327c6c5ff69af20a4ab2cf5,caption_and_validated_request_info,Sektör,2,Sendikasyon Kredileri (Dış Ticaret Finansmanı Amaçlı Olanlar),,0,546099,546099
2024-06,7,Sendikasyon Sekuritizasyon Kredileri,10001,3,"Sendikasyon Seküritizasyon Kredileri (milyon TL), Dönem:2024/6",milyon TL,raw/2024-06_table07_group10001.json,6a5f4dfca1e60a388ab6f73a07d10b5af24317a130401e6f08554cc397f6f73a,raw/2024-06_table07_group10001_info.json,e7e0e07d2c792ad36b45bcbdd67da25199305c94c327c6c5ff69af20a4ab2cf5,caption_and_validated_request_info,Sektör,3,Seküritizasyon Kredileri,,0,349545,349545
2024-07,7,Sendikasyon Sekuritizasyon Kredileri,10001,1,"Sendikasyon Seküritizasyon Kredileri (milyon TL), Dönem:2024/7",milyon TL,raw/2024-07_table07_group10001.json,5f7b72b165866f2c3a726dd166314c5d6675ea4b2ece7189fb1e3217fc5996b7,raw/2024-07_table07_group10001_info.json,b9f0c334299028fd4df8fa4550b39aab908b319c8abc7e925fee10d836c9ab65,caption_and_validated_request_info,Sektör,1,Sendikasyon Kredileri (Dış Ticaret Finansmanı Amaçlı Olmayanlar),,0,4096,4096
2024-07,7,Sendikasyon Sekuritizasyon Kredileri,10001,2,"Sendikasyon Seküritizasyon Kredileri (milyon TL), Dönem:2024/7",milyon TL,raw/2024-07_table07_group10001.json,5f7b72b165866f2c3a726dd166314c5d6675ea4b2ece7189fb1e3217fc5996b7,raw/2024-07_table07_group10001_info.json,b9f0c334299028fd4df8fa4550b39aab908b319c8abc7e925fee10d836c9ab65,caption_and_validated_request_info,Sektör,2,Sendikasyon Kredileri (Dış Ticaret Finansmanı Amaçlı Olanlar),,0,548985,548985
2024-07,7,Sendikasyon Sekuritizasyon Kredileri,10001,3,"Sendikasyon Seküritizasyon Kredileri (milyon TL), Dönem:2024/7",milyon TL,raw/2024-07_table07_group10001.json,5f7b72b165866f2c3a726dd166314c5d6675ea4b2ece7189fb1e3217fc5996b7,raw/2024-07_table07_group10001_info.json,b9f0c334299028fd4df8fa4550b39aab908b319c8abc7e925fee10d836c9ab65,caption_and_validated_request_info,Sektör,3,Seküritizasyon Kredileri,,0,352419,352419
2024-08,7,Sendikasyon Sekuritizasyon Kredileri,10001,1,"Sendikasyon Seküritizasyon Kredileri (milyon TL), Dönem:2024/8",milyon TL,raw/2024-08_table07_group10001.json,a7cb94a94262f5fe1ed44f27b43fac2bb54c1bd03c0286f0a1f75b6184016200,raw/2024-08_table07_group10001_info.json,456ed95a1a82ba4c5c2c8529b2b392ce630ebf6a6097e1268f470c32e39ec95d,caption_and_validated_request_info,Sektör,1,Sendikasyon Kredileri (Dış Ticaret Finansmanı Amaçlı Olmayanlar),,193,6610,6803
2024-08,7,Sendikasyon Sekuritizasyon Kredileri,10001,2,"Sendikasyon Seküritizasyon Kredileri (milyon TL), Dönem:2024/8",milyon TL,raw/2024-08_table07_group10001.json,a7cb94a94262f5fe1ed44f27b43fac2bb54c1bd03c0286f0a1f75b6184016200,raw/2024-08_table07_group10001_info.json,456ed95a1a82ba4c5c2c8529b2b392ce630ebf6a6097e1268f470c32e39ec95d,caption_and_validated_request_info,Sektör,2,Sendikasyon Kredileri (Dış Ticaret Finansmanı Amaçlı Olanlar),,0,586522,586522
2024-08,7,Sendikasyon Sekuritizasyon Kredileri,10001,3,"Sendikasyon Seküritizasyon Kredileri (milyon TL), Dönem:2024/8",milyon TL,raw/2024-08_table07_group10001.json,a7cb94a94262f5fe1ed44f27b43fac2bb54c1bd03c0286f0a1f75b6184016200,raw/2024-08_table07_group10001_info.json,456ed95a1a82ba4c5c2c8529b2b392ce630ebf6a6097e1268f470c32e39ec95d,caption_and_validated_request_info,Sektör,3,Seküritizasyon Kredileri,,0,358044,358044
2024-09,7,Sendikasyon Sekuritizasyon Kredileri,10001,1,"Sendikasyon Seküritizasyon Kredileri (milyon TL), Dönem:2024/9",milyon TL,raw/2024-09_table07_group10001.json,3e5dc72dbd90a07ac39702f25186798ce98041671dc6f116de2124e1baa13b93,raw/2024-09_table07_group10001_info.json,a192de76fb629517a717ea389b758989bc4e6f2c568946373363fafee7832e40,caption_and_validated_request_info,Sektör,1,Sendikasyon Kredileri (Dış Ticaret Finansmanı Amaçlı Olmayanlar),,0,6891,6891
2024-09,7,Sendikasyon Sekuritizasyon Kredileri,10001,2,"Sendikasyon Seküritizasyon Kredileri (milyon TL), Dönem:2024/9",milyon TL,raw/2024-09_table07_group10001.json,3e5dc72dbd90a07ac39702f25186798ce98041671dc6f116de2124e1baa13b93,raw/2024-09_table07_group10001_info.json,a192de76fb629517a717ea389b758989bc4e6f2c568946373363fafee7832e40,caption_and_validated_request_info,Sektör,2,Sendikasyon Kredileri (Dış Ticaret Finansmanı Amaçlı Olanlar),,0,572189,572189
2024-09,7,Sendikasyon Sekuritizasyon Kredileri,10001,3,"Sendikasyon Seküritizasyon Kredileri (milyon TL), Dönem:2024/9",milyon TL,raw/2024-09_table07_group10001.json,3e5dc72dbd90a07ac39702f25186798ce98041671dc6f116de2124e1baa13b93,raw/2024-09_table07_group10001_info.json,a192de76fb629517a717ea389b758989bc4e6f2c568946373363fafee7832e40,caption_and_validated_request_info,Sektör,3,Seküritizasyon Kredileri,,0,370852,370852
2024-10,7,Sendikasyon Sekuritizasyon Kredileri,10001,1,"Sendikasyon Seküritizasyon Kredileri (milyon TL), Dönem:2024/10",milyon TL,raw/2024-10_table07_group10001.json,95ac160a6e8df386ce2a9726f234550be51ccbf6627f1e7879474f8d9d59e82c,raw/2024-10_table07_group10001_info.json,5806874df574f244b14133b59828548c084d2e6f8d2ffda799f73329d24d4268,caption_and_validated_request_info,Sektör,1,Sendikasyon Kredileri (Dış Ticaret Finansmanı Amaçlı Olmayanlar),,0,6448,6448
2024-10,7,Sendikasyon Sekuritizasyon Kredileri,10001,2,"Sendikasyon Seküritizasyon Kredileri (milyon TL), Dönem:2024/10",milyon TL,raw/2024-10_table07_group10001.json,95ac160a6e8df386ce2a9726f234550be51ccbf6627f1e7879474f8d9d59e82c,raw/2024-10_table07_group10001_info.json,5806874df574f244b14133b59828548c084d2e6f8d2ffda799f73329d24d4268,caption_and_validated_request_info,Sektör,2,Sendikasyon Kredileri (Dış Ticaret Finansmanı Amaçlı Olanlar),,0,563642,563642
2024-10,7,Sendikasyon Sekuritizasyon Kredileri,10001,3,"Sendikasyon Seküritizasyon Kredileri (milyon TL), Dönem:2024/10",milyon TL,raw/2024-10_table07_group10001.json,95ac160a6e8df386ce2a9726f234550be51ccbf6627f1e7879474f8d9d59e82c,raw/2024-10_table07_group10001_info.json,5806874df574f244b14133b59828548c084d2e6f8d2ffda799f73329d24d4268,caption_and_validated_request_info,Sektör,3,Seküritizasyon Kredileri,,0,374095,374095
2024-11,7,Sendikasyon Sekuritizasyon Kredileri,10001,1,"Sendikasyon Seküritizasyon Kredileri (milyon TL), Dönem:2024/11",milyon TL,raw/2024-11_table07_group10001.json,749ba3834f945249e3657c5bc4181417f951620b83fc37579e3cb57af6726912,raw/2024-11_table07_group10001_info.json,fc58c4aba130eb6dc9a18c49c8ffe4af5ea23bb5482bd9356fbb5b856ec12f12,caption_and_validated_request_info,Sektör,1,Sendikasyon Kredileri (Dış Ticaret Finansmanı Amaçlı Olmayanlar),,0,6391,6391
2024-11,7,Sendikasyon Sekuritizasyon Kredileri,10001,2,"Sendikasyon Seküritizasyon Kredileri (milyon TL), Dönem:2024/11",milyon TL,raw/2024-11_table07_group10001.json,749ba3834f945249e3657c5bc4181417f951620b83fc37579e3cb57af6726912,raw/2024-11_table07_group10001_info.json,fc58c4aba130eb6dc9a18c49c8ffe4af5ea23bb5482bd9356fbb5b856ec12f12,caption_and_validated_request_info,Sektör,2,Sendikasyon Kredileri (Dış Ticaret Finansmanı Amaçlı Olanlar),,0,561748,561748
2024-11,7,Sendikasyon Sekuritizasyon Kredileri,10001,3,"Sendikasyon Seküritizasyon Kredileri (milyon TL), Dönem:2024/11",milyon TL,raw/2024-11_table07_group10001.json,749ba3834f945249e3657c5bc4181417f951620b83fc37579e3cb57af6726912,raw/2024-11_table07_group10001_info.json,fc58c4aba130eb6dc9a18c49c8ffe4af5ea23bb5482bd9356fbb5b856ec12f12,caption_and_validated_request_info,Sektör,3,Seküritizasyon Kredileri,,0,372223,372223
2024-12,7,Sendikasyon Sekuritizasyon Kredileri,10001,1,"Sendikasyon Seküritizasyon Kredileri (milyon TL), Dönem:2024/12",milyon TL,raw/2024-12_table07_group10001.json,70d55a474edb5e70ff4b3ba00aaee1b77f6fdc0237ad1c52ff313870ff748f7a,raw/2024-12_table07_group10001_info.json,1d189975f9bc0958f3ce0bbc80ed7640a965718dd89ade6df41ab0163d2067ec,caption_and_validated_request_info,Sektör,1,Sendikasyon Kredileri (Dış Ticaret Finansmanı Amaçlı Olmayanlar),,167,6436,6603
2024-12,7,Sendikasyon Sekuritizasyon Kredileri,10001,2,"Sendikasyon Seküritizasyon Kredileri (milyon TL), Dönem:2024/12",milyon TL,raw/2024-12_table07_group10001.json,70d55a474edb5e70ff4b3ba00aaee1b77f6fdc0237ad1c52ff313870ff748f7a,raw/2024-12_table07_group10001_info.json,1d189975f9bc0958f3ce0bbc80ed7640a965718dd89ade6df41ab0163d2067ec,caption_and_validated_request_info,Sektör,2,Sendikasyon Kredileri (Dış Ticaret Finansmanı Amaçlı Olanlar),,0,617838,617838
2024-12,7,Sendikasyon Sekuritizasyon Kredileri,10001,3,"Sendikasyon Seküritizasyon Kredileri (milyon TL), Dönem:2024/12",milyon TL,raw/2024-12_table07_group10001.json,70d55a474edb5e70ff4b3ba00aaee1b77f6fdc0237ad1c52ff313870ff748f7a,raw/2024-12_table07_group10001_info.json,1d189975f9bc0958f3ce0bbc80ed7640a965718dd89ade6df41ab0163d2067ec,caption_and_validated_request_info,Sektör,3,Seküritizasyon Kredileri,,0,370309,370309
2025-01,7,Sendikasyon Sekuritizasyon Kredileri,10001,1,"Sendikasyon Seküritizasyon Kredileri (milyon TL), Dönem:2025/1",milyon TL,raw/2025-01_table07_group10001.json,4722e5b91c1b54fcf0c47fd9e9ec346b9c04bbcdae87638b441afa428b41a245,raw/2025-01_table07_group10001_info.json,b7e108f5c6b5747928e7f5c40bb259bb9834a81b03fde632e37fdfd0b5314d34,caption_and_validated_request_info,Sektör,1,Sendikasyon Kredileri (Dış Ticaret Finansmanı Amaçlı Olmayanlar),,0,6521,6521
2025-01,7,Sendikasyon Sekuritizasyon Kredileri,10001,2,"Sendikasyon Seküritizasyon Kredileri (milyon TL), Dönem:2025/1",milyon TL,raw/2025-01_table07_group10001.json,4722e5b91c1b54fcf0c47fd9e9ec346b9c04bbcdae87638b441afa428b41a245,raw/2025-01_table07_group10001_info.json,b7e108f5c6b5747928e7f5c40bb259bb9834a81b03fde632e37fdfd0b5314d34,caption_and_validated_request_info,Sektör,2,Sendikasyon Kredileri (Dış Ticaret Finansmanı Amaçlı Olanlar),,0,628428,628428
2025-01,7,Sendikasyon Sekuritizasyon Kredileri,10001,3,"Sendikasyon Seküritizasyon Kredileri (milyon TL), Dönem:2025/1",milyon TL,raw/2025-01_table07_group10001.json,4722e5b91c1b54fcf0c47fd9e9ec346b9c04bbcdae87638b441afa428b41a245,raw/2025-01_table07_group10001_info.json,b7e108f5c6b5747928e7f5c40bb259bb9834a81b03fde632e37fdfd0b5314d34,caption_and_validated_request_info,Sektör,3,Seküritizasyon Kredileri,,0,374023,374023
2025-02,7,Sendikasyon Sekuritizasyon Kredileri,10001,1,"Sendikasyon Seküritizasyon Kredileri (milyon TL), Dönem:2025/2",milyon TL,raw/2025-02_table07_group10001.json,ce94753236180e9fe1d962c50438d4e7436880a2d1298771b1bc32a04e460300,raw/2025-02_table07_group10001_info.json,c6831e1f0af4bb7b103c48cd182cbd5ae014d11fdd284c32ff18b2f18abbbf51,caption_and_validated_request_info,Sektör,1,Sendikasyon Kredileri (Dış Ticaret Finansmanı Amaçlı Olmayanlar),,0,6639,6639
2025-02,7,Sendikasyon Sekuritizasyon Kredileri,10001,2,"Sendikasyon Seküritizasyon Kredileri (milyon TL), Dönem:2025/2",milyon TL,raw/2025-02_table07_group10001.json,ce94753236180e9fe1d962c50438d4e7436880a2d1298771b1bc32a04e460300,raw/2025-02_table07_group10001_info.json,c6831e1f0af4bb7b103c48cd182cbd5ae014d11fdd284c32ff18b2f18abbbf51,caption_and_validated_request_info,Sektör,2,Sendikasyon Kredileri (Dış Ticaret Finansmanı Amaçlı Olanlar),,0,639236,639236
2025-02,7,Sendikasyon Sekuritizasyon Kredileri,10001,3,"Sendikasyon Seküritizasyon Kredileri (milyon TL), Dönem:2025/2",milyon TL,raw/2025-02_table07_group10001.json,ce94753236180e9fe1d962c50438d4e7436880a2d1298771b1bc32a04e460300,raw/2025-02_table07_group10001_info.json,c6831e1f0af4bb7b103c48cd182cbd5ae014d11fdd284c32ff18b2f18abbbf51,caption_and_validated_request_info,Sektör,3,Seküritizasyon Kredileri,,0,402691,402691
2025-03,7,Sendikasyon Sekuritizasyon Kredileri,10001,1,"Sendikasyon Seküritizasyon Kredileri (milyon TL), Dönem:2025/3",milyon TL,raw/2025-03_table07_group10001.json,552b9c1136d488a88b17bc89b0166701f111a30783c95e7e5e5acf6264b117ca,raw/2025-03_table07_group10001_info.json,706ad1a93db27cdc9399446c7f3967061ddfc5f7eb82a83e2b70b224bd665d6d,caption_and_validated_request_info,Sektör,1,Sendikasyon Kredileri (Dış Ticaret Finansmanı Amaçlı Olmayanlar),,108,7091,7199
2025-03,7,Sendikasyon Sekuritizasyon Kredileri,10001,2,"Sendikasyon Seküritizasyon Kredileri (milyon TL), Dönem:2025/3",milyon TL,raw/2025-03_table07_group10001.json,552b9c1136d488a88b17bc89b0166701f111a30783c95e7e5e5acf6264b117ca,raw/2025-03_table07_group10001_info.json,706ad1a93db27cdc9399446c7f3967061ddfc5f7eb82a83e2b70b224bd665d6d,caption_and_validated_request_info,Sektör,2,Sendikasyon Kredileri (Dış Ticaret Finansmanı Amaçlı Olanlar),,0,678411,678411
2025-03,7,Sendikasyon Sekuritizasyon Kredileri,10001,3,"Sendikasyon Seküritizasyon Kredileri (milyon TL), Dönem:2025/3",milyon TL,raw/2025-03_table07_group10001.json,552b9c1136d488a88b17bc89b0166701f111a30783c95e7e5e5acf6264b117ca,raw/2025-03_table07_group10001_info.json,706ad1a93db27cdc9399446c7f3967061ddfc5f7eb82a83e2b70b224bd665d6d,caption_and_validated_request_info,Sektör,3,Seküritizasyon Kredileri,,0,444031,444031
2025-04,7,Sendikasyon Sekuritizasyon Kredileri,10001,1,"Sendikasyon Seküritizasyon Kredileri (milyon TL), Dönem:2025/4",milyon TL,raw/2025-04_table07_group10001.json,d1d392de540cde8795122d3e249de3b042eda2cc7e17b57a8be87a8e06f314be,raw/2025-04_table07_group10001_info.json,0a471399a9a00395c47def7b4b83dc7ee647a8189dede4d4886a4d3a40b2f0c6,caption_and_validated_request_info,Sektör,1,Sendikasyon Kredileri (Dış Ticaret Finansmanı Amaçlı Olmayanlar),,0,7500,7500
2025-04,7,Sendikasyon Sekuritizasyon Kredileri,10001,2,"Sendikasyon Seküritizasyon Kredileri (milyon TL), Dönem:2025/4",milyon TL,raw/2025-04_table07_group10001.json,d1d392de540cde8795122d3e249de3b042eda2cc7e17b57a8be87a8e06f314be,raw/2025-04_table07_group10001_info.json,0a471399a9a00395c47def7b4b83dc7ee647a8189dede4d4886a4d3a40b2f0c6,caption_and_validated_request_info,Sektör,2,Sendikasyon Kredileri (Dış Ticaret Finansmanı Amaçlı Olanlar),,0,708210,708210
2025-04,7,Sendikasyon Sekuritizasyon Kredileri,10001,3,"Sendikasyon Seküritizasyon Kredileri (milyon TL), Dönem:2025/4",milyon TL,raw/2025-04_table07_group10001.json,d1d392de540cde8795122d3e249de3b042eda2cc7e17b57a8be87a8e06f314be,raw/2025-04_table07_group10001_info.json,0a471399a9a00395c47def7b4b83dc7ee647a8189dede4d4886a4d3a40b2f0c6,caption_and_validated_request_info,Sektör,3,Seküritizasyon Kredileri,,0,447771,447771
2025-05,7,Sendikasyon Sekuritizasyon Kredileri,10001,1,"Sendikasyon Seküritizasyon Kredileri (milyon TL), Dönem:2025/5",milyon TL,raw/2025-05_table07_group10001.json,12dfc704d23e46eab8e54ca32379233ea960f38717f8e3377976173c58cfbe9c,raw/2025-05_table07_group10001_info.json,126d6148cbf20d55cf4f18181b7e60fefe290d2fe7e9449dc28d8d32c42579c0,caption_and_validated_request_info,Sektör,1,Sendikasyon Kredileri (Dış Ticaret Finansmanı Amaçlı Olmayanlar),,0,7613,7613
2025-05,7,Sendikasyon Sekuritizasyon Kredileri,10001,2,"Sendikasyon Seküritizasyon Kredileri (milyon TL), Dönem:2025/5",milyon TL,raw/2025-05_table07_group10001.json,12dfc704d23e46eab8e54ca32379233ea960f38717f8e3377976173c58cfbe9c,raw/2025-05_table07_group10001_info.json,126d6148cbf20d55cf4f18181b7e60fefe290d2fe7e9449dc28d8d32c42579c0,caption_and_validated_request_info,Sektör,2,Sendikasyon Kredileri (Dış Ticaret Finansmanı Amaçlı Olanlar),,0,737706,737706
2025-05,7,Sendikasyon Sekuritizasyon Kredileri,10001,3,"Sendikasyon Seküritizasyon Kredileri (milyon TL), Dönem:2025/5",milyon TL,raw/2025-05_table07_group10001.json,12dfc704d23e46eab8e54ca32379233ea960f38717f8e3377976173c58cfbe9c,raw/2025-05_table07_group10001_info.json,126d6148cbf20d55cf4f18181b7e60fefe290d2fe7e9449dc28d8d32c42579c0,caption_and_validated_request_info,Sektör,3,Seküritizasyon Kredileri,,0,450726,450726
2025-06,7,Sendikasyon Sekuritizasyon Kredileri,10001,1,"Sendikasyon Seküritizasyon Kredileri (milyon TL), Dönem:2025/6",milyon TL,raw/2025-06_table07_group10001.json,99bf1b0650b2938ece9a460f7cb03e7977164a704795fb457b0d8ce9591a1de9,raw/2025-06_table07_group10001_info.json,a7bab8d0d68b90370a6cf6267ffc0ee6e91304089f15c47fd06360744ecbe475,caption_and_validated_request_info,Sektör,1,Sendikasyon Kredileri (Dış Ticaret Finansmanı Amaçlı Olmayanlar),,0,7958,7958
2025-06,7,Sendikasyon Sekuritizasyon Kredileri,10001,2,"Sendikasyon Seküritizasyon Kredileri (milyon TL), Dönem:2025/6",milyon TL,raw/2025-06_table07_group10001.json,99bf1b0650b2938ece9a460f7cb03e7977164a704795fb457b0d8ce9591a1de9,raw/2025-06_table07_group10001_info.json,a7bab8d0d68b90370a6cf6267ffc0ee6e91304089f15c47fd06360744ecbe475,caption_and_validated_request_info,Sektör,2,Sendikasyon Kredileri (Dış Ticaret Finansmanı Amaçlı Olanlar),,0,799387,799387
2025-06,7,Sendikasyon Sekuritizasyon Kredileri,10001,3,"Sendikasyon Seküritizasyon Kredileri (milyon TL), Dönem:2025/6",milyon TL,raw/2025-06_table07_group10001.json,99bf1b0650b2938ece9a460f7cb03e7977164a704795fb457b0d8ce9591a1de9,raw/2025-06_table07_group10001_info.json,a7bab8d0d68b90370a6cf6267ffc0ee6e91304089f15c47fd06360744ecbe475,caption_and_validated_request_info,Sektör,3,Seküritizasyon Kredileri,,0,462576,462576
2025-07,7,Sendikasyon Sekuritizasyon Kredileri,10001,1,"Sendikasyon Seküritizasyon Kredileri (milyon TL), Dönem:2025/7",milyon TL,raw/2025-07_table07_group10001.json,cf25b9911c2a0ffac8680248f99986975d518f40ba7a6c990d7d404de9f006e1,raw/2025-07_table07_group10001_info.json,c6396e41a8fbc862d31c373ad3b97cb5b44034138024485d239157322a651146,caption_and_validated_request_info,Sektör,1,Sendikasyon Kredileri (Dış Ticaret Finansmanı Amaçlı Olmayanlar),,0,7945,7945
2025-07,7,Sendikasyon Sekuritizasyon Kredileri,10001,2,"Sendikasyon Seküritizasyon Kredileri (milyon TL), Dönem:2025/7",milyon TL,raw/2025-07_table07_group10001.json,cf25b9911c2a0ffac8680248f99986975d518f40ba7a6c990d7d404de9f006e1,raw/2025-07_table07_group10001_info.json,c6396e41a8fbc862d31c373ad3b97cb5b44034138024485d239157322a651146,caption_and_validated_request_info,Sektör,2,Sendikasyon Kredileri (Dış Ticaret Finansmanı Amaçlı Olanlar),,0,809078,809078
2025-07,7,Sendikasyon Sekuritizasyon Kredileri,10001,3,"Sendikasyon Seküritizasyon Kredileri (milyon TL), Dönem:2025/7",milyon TL,raw/2025-07_table07_group10001.json,cf25b9911c2a0ffac8680248f99986975d518f40ba7a6c990d7d404de9f006e1,raw/2025-07_table07_group10001_info.json,c6396e41a8fbc862d31c373ad3b97cb5b44034138024485d239157322a651146,caption_and_validated_request_info,Sektör,3,Seküritizasyon Kredileri,,0,468562,468562
2025-08,7,Sendikasyon Sekuritizasyon Kredileri,10001,1,"Sendikasyon Seküritizasyon Kredileri (milyon TL), Dönem:2025/8",milyon TL,raw/2025-08_table07_group10001.json,b3fa3622fcb3c9592d7a5a879ed1dd657635003b72aa48754ae1b860ffe2b0f2,raw/2025-08_table07_group10001_info.json,403335829e125aad0aa813f6c4d0f822eab31b2c57a2a5c14078af4e60c25fc9,caption_and_validated_request_info,Sektör,1,Sendikasyon Kredileri (Dış Ticaret Finansmanı Amaçlı Olmayanlar),,0,9722,9722
2025-08,7,Sendikasyon Sekuritizasyon Kredileri,10001,2,"Sendikasyon Seküritizasyon Kredileri (milyon TL), Dönem:2025/8",milyon TL,raw/2025-08_table07_group10001.json,b3fa3622fcb3c9592d7a5a879ed1dd657635003b72aa48754ae1b860ffe2b0f2,raw/2025-08_table07_group10001_info.json,403335829e125aad0aa813f6c4d0f822eab31b2c57a2a5c14078af4e60c25fc9,caption_and_validated_request_info,Sektör,2,Sendikasyon Kredileri (Dış Ticaret Finansmanı Amaçlı Olanlar),,0,832841,832841
2025-08,7,Sendikasyon Sekuritizasyon Kredileri,10001,3,"Sendikasyon Seküritizasyon Kredileri (milyon TL), Dönem:2025/8",milyon TL,raw/2025-08_table07_group10001.json,b3fa3622fcb3c9592d7a5a879ed1dd657635003b72aa48754ae1b860ffe2b0f2,raw/2025-08_table07_group10001_info.json,403335829e125aad0aa813f6c4d0f822eab31b2c57a2a5c14078af4e60c25fc9,caption_and_validated_request_info,Sektör,3,Seküritizasyon Kredileri,,0,470161,470161
2025-09,7,Sendikasyon Sekuritizasyon Kredileri,10001,1,"Sendikasyon Seküritizasyon Kredileri (milyon TL), Dönem:2025/9",milyon TL,raw/2025-09_table07_group10001.json,2fd40f271ec6aa995768a40ba9b0747fdac4228e8ed7ec2baa40df5d6f07260a,raw/2025-09_table07_group10001_info.json,e658005d4417b2c17ba9016027d568f4fa1079472a2f10f9dd388158515afa5e,caption_and_validated_request_info,Sektör,1,Sendikasyon Kredileri (Dış Ticaret Finansmanı Amaçlı Olmayanlar),,0,9886,9886
2025-09,7,Sendikasyon Sekuritizasyon Kredileri,10001,2,"Sendikasyon Seküritizasyon Kredileri (milyon TL), Dönem:2025/9",milyon TL,raw/2025-09_table07_group10001.json,2fd40f271ec6aa995768a40ba9b0747fdac4228e8ed7ec2baa40df5d6f07260a,raw/2025-09_table07_group10001_info.json,e658005d4417b2c17ba9016027d568f4fa1079472a2f10f9dd388158515afa5e,caption_and_validated_request_info,Sektör,2,Sendikasyon Kredileri (Dış Ticaret Finansmanı Amaçlı Olanlar),,0,845121,845121
2025-09,7,Sendikasyon Sekuritizasyon Kredileri,10001,3,"Sendikasyon Seküritizasyon Kredileri (milyon TL), Dönem:2025/9",milyon TL,raw/2025-09_table07_group10001.json,2fd40f271ec6aa995768a40ba9b0747fdac4228e8ed7ec2baa40df5d6f07260a,raw/2025-09_table07_group10001_info.json,e658005d4417b2c17ba9016027d568f4fa1079472a2f10f9dd388158515afa5e,caption_and_validated_request_info,Sektör,3,Seküritizasyon Kredileri,,0,461145,461145
2025-10,7,Sendikasyon Sekuritizasyon Kredileri,10001,1,"Sendikasyon Seküritizasyon Kredileri (milyon TL), Dönem:2025/10",milyon TL,raw/2025-10_table07_group10001.json,f853ea9e64147ad0003ac5f19cb70ba57a745a48f272d480940cbb87005c2999,raw/2025-10_table07_group10001_info.json,bd7c23b2264fb7acd2aeb72f8928604f7549b4cf8bbeb599600c3c76673bce17,caption_and_validated_request_info,Sektör,1,Sendikasyon Kredileri (Dış Ticaret Finansmanı Amaçlı Olmayanlar),,0,24356,24356
2025-10,7,Sendikasyon Sekuritizasyon Kredileri,10001,2,"Sendikasyon Seküritizasyon Kredileri (milyon TL), Dönem:2025/10",milyon TL,raw/2025-10_table07_group10001.json,f853ea9e64147ad0003ac5f19cb70ba57a745a48f272d480940cbb87005c2999,raw/2025-10_table07_group10001_info.json,bd7c23b2264fb7acd2aeb72f8928604f7549b4cf8bbeb599600c3c76673bce17,caption_and_validated_request_info,Sektör,2,Sendikasyon Kredileri (Dış Ticaret Finansmanı Amaçlı Olanlar),,0,846805,846805
2025-10,7,Sendikasyon Sekuritizasyon Kredileri,10001,3,"Sendikasyon Seküritizasyon Kredileri (milyon TL), Dönem:2025/10",milyon TL,raw/2025-10_table07_group10001.json,f853ea9e64147ad0003ac5f19cb70ba57a745a48f272d480940cbb87005c2999,raw/2025-10_table07_group10001_info.json,bd7c23b2264fb7acd2aeb72f8928604f7549b4cf8bbeb599600c3c76673bce17,caption_and_validated_request_info,Sektör,3,Seküritizasyon Kredileri,,0,505956,505956
2025-11,7,Sendikasyon Sekuritizasyon Kredileri,10001,1,"Sendikasyon Seküritizasyon Kredileri (milyon TL), Dönem:2025/11",milyon TL,raw/2025-11_table07_group10001.json,d5252ae0e3dd38c13e9c1fb750dc26c809c52f7645054896989973317140988a,raw/2025-11_table07_group10001_info.json,60388ce7baae9344e7c5985300bd5bf39cb5dfe93ca85c61ffa7cf2e8f4c6007,caption_and_validated_request_info,Sektör,1,Sendikasyon Kredileri (Dış Ticaret Finansmanı Amaçlı Olmayanlar),,0,24653,24653
2025-11,7,Sendikasyon Sekuritizasyon Kredileri,10001,2,"Sendikasyon Seküritizasyon Kredileri (milyon TL), Dönem:2025/11",milyon TL,raw/2025-11_table07_group10001.json,d5252ae0e3dd38c13e9c1fb750dc26c809c52f7645054896989973317140988a,raw/2025-11_table07_group10001_info.json,60388ce7baae9344e7c5985300bd5bf39cb5dfe93ca85c61ffa7cf2e8f4c6007,caption_and_validated_request_info,Sektör,2,Sendikasyon Kredileri (Dış Ticaret Finansmanı Amaçlı Olanlar),,0,920018,920018
2025-11,7,Sendikasyon Sekuritizasyon Kredileri,10001,3,"Sendikasyon Seküritizasyon Kredileri (milyon TL), Dönem:2025/11",milyon TL,raw/2025-11_table07_group10001.json,d5252ae0e3dd38c13e9c1fb750dc26c809c52f7645054896989973317140988a,raw/2025-11_table07_group10001_info.json,60388ce7baae9344e7c5985300bd5bf39cb5dfe93ca85c61ffa7cf2e8f4c6007,caption_and_validated_request_info,Sektör,3,Seküritizasyon Kredileri,,0,505165,505165
2025-12,7,Sendikasyon Sekuritizasyon Kredileri,10001,1,"Sendikasyon Seküritizasyon Kredileri (milyon TL), Dönem:2025/12",milyon TL,raw/2025-12_table07_group10001.json,3e647fb614b1ec0a3d00f872dffb4cb4364c772bb0d96fc2efdce7396ece8f60,raw/2025-12_table07_group10001_info.json,2c95ef18db025088cb6c77068da7c803444969123c62db2d295897e63ec16f42,caption_and_validated_request_info,Sektör,1,Sendikasyon Kredileri (Dış Ticaret Finansmanı Amaçlı Olmayanlar),,0,25232,25232
2025-12,7,Sendikasyon Sekuritizasyon Kredileri,10001,2,"Sendikasyon Seküritizasyon Kredileri (milyon TL), Dönem:2025/12",milyon TL,raw/2025-12_table07_group10001.json,3e647fb614b1ec0a3d00f872dffb4cb4364c772bb0d96fc2efdce7396ece8f60,raw/2025-12_table07_group10001_info.json,2c95ef18db025088cb6c77068da7c803444969123c62db2d295897e63ec16f42,caption_and_validated_request_info,Sektör,2,Sendikasyon Kredileri (Dış Ticaret Finansmanı Amaçlı Olanlar),,0,938261,938261
2025-12,7,Sendikasyon Sekuritizasyon Kredileri,10001,3,"Sendikasyon Seküritizasyon Kredileri (milyon TL), Dönem:2025/12",milyon TL,raw/2025-12_table07_group10001.json,3e647fb614b1ec0a3d00f872dffb4cb4364c772bb0d96fc2efdce7396ece8f60,raw/2025-12_table07_group10001_info.json,2c95ef18db025088cb6c77068da7c803444969123c62db2d295897e63ec16f42,caption_and_validated_request_info,Sektör,3,Seküritizasyon Kredileri,,0,511268,511268
2026-01,7,Sendikasyon Sekuritizasyon Kredileri,10001,1,"Sendikasyon Seküritizasyon Kredileri (milyon TL), Dönem:2026/1",milyon TL,raw/2026-01_table07_group10001.json,302bb013bef651277ef84e2f61c85f637aff0cb67c20377356949fdb8803e1c3,raw/2026-01_table07_group10001_info.json,a307c64adae2c06f06d5ee6bbd24517c99209116d8f25bb45f36e9d31d6fd2a8,caption_and_validated_request_info,Sektör,1,Sendikasyon Kredileri (Dış Ticaret Finansmanı Amaçlı Olmayanlar),,0,25852,25852
2026-01,7,Sendikasyon Sekuritizasyon Kredileri,10001,2,"Sendikasyon Seküritizasyon Kredileri (milyon TL), Dönem:2026/1",milyon TL,raw/2026-01_table07_group10001.json,302bb013bef651277ef84e2f61c85f637aff0cb67c20377356949fdb8803e1c3,raw/2026-01_table07_group10001_info.json,a307c64adae2c06f06d5ee6bbd24517c99209116d8f25bb45f36e9d31d6fd2a8,caption_and_validated_request_info,Sektör,2,Sendikasyon Kredileri (Dış Ticaret Finansmanı Amaçlı Olanlar),,2,956661,956663
2026-01,7,Sendikasyon Sekuritizasyon Kredileri,10001,3,"Sendikasyon Seküritizasyon Kredileri (milyon TL), Dönem:2026/1",milyon TL,raw/2026-01_table07_group10001.json,302bb013bef651277ef84e2f61c85f637aff0cb67c20377356949fdb8803e1c3,raw/2026-01_table07_group10001_info.json,a307c64adae2c06f06d5ee6bbd24517c99209116d8f25bb45f36e9d31d6fd2a8,caption_and_validated_request_info,Sektör,3,Seküritizasyon Kredileri,,0,562229,562229
2026-02,7,Sendikasyon Sekuritizasyon Kredileri,10001,1,"Sendikasyon Seküritizasyon Kredileri (milyon TL), Dönem:2026/2",milyon TL,raw/2026-02_table07_group10001.json,58aaa20039218cc242dae728966f62d1570a9795989649e6f9aecb2b97b51ab3,raw/2026-02_table07_group10001_info.json,692cd87372eab08bdd00d925eb33f26b1e2f64dbe2ed3c6e2648af9470228295,caption_and_validated_request_info,Sektör,1,Sendikasyon Kredileri (Dış Ticaret Finansmanı Amaçlı Olmayanlar),,0,25924,25924
2026-02,7,Sendikasyon Sekuritizasyon Kredileri,10001,2,"Sendikasyon Seküritizasyon Kredileri (milyon TL), Dönem:2026/2",milyon TL,raw/2026-02_table07_group10001.json,58aaa20039218cc242dae728966f62d1570a9795989649e6f9aecb2b97b51ab3,raw/2026-02_table07_group10001_info.json,692cd87372eab08bdd00d925eb33f26b1e2f64dbe2ed3c6e2648af9470228295,caption_and_validated_request_info,Sektör,2,Sendikasyon Kredileri (Dış Ticaret Finansmanı Amaçlı Olanlar),,0,973198,973198
2026-02,7,Sendikasyon Sekuritizasyon Kredileri,10001,3,"Sendikasyon Seküritizasyon Kredileri (milyon TL), Dönem:2026/2",milyon TL,raw/2026-02_table07_group10001.json,58aaa20039218cc242dae728966f62d1570a9795989649e6f9aecb2b97b51ab3,raw/2026-02_table07_group10001_info.json,692cd87372eab08bdd00d925eb33f26b1e2f64dbe2ed3c6e2648af9470228295,caption_and_validated_request_info,Sektör,3,Seküritizasyon Kredileri,,0,577313,577313
2026-03,7,Sendikasyon Sekuritizasyon Kredileri,10001,1,"Sendikasyon Seküritizasyon Kredileri (milyon TL), Dönem:2026/3",milyon TL,raw/2026-03_table07_group10001.json,eb2a3dc41c0c228da7403ac61dfca5e5233f9e509cc715bae7a28f83930108c0,raw/2026-03_table07_group10001_info.json,7df82e464d740bbe7c7f718a2d1617e8b8b911def191daaa687cc747de718d26,caption_and_validated_request_info,Sektör,1,Sendikasyon Kredileri (Dış Ticaret Finansmanı Amaçlı Olmayanlar),,0,27866,27866
2026-03,7,Sendikasyon Sekuritizasyon Kredileri,10001,2,"Sendikasyon Seküritizasyon Kredileri (milyon TL), Dönem:2026/3",milyon TL,raw/2026-03_table07_group10001.json,eb2a3dc41c0c228da7403ac61dfca5e5233f9e509cc715bae7a28f83930108c0,raw/2026-03_table07_group10001_info.json,7df82e464d740bbe7c7f718a2d1617e8b8b911def191daaa687cc747de718d26,caption_and_validated_request_info,Sektör,2,Sendikasyon Kredileri (Dış Ticaret Finansmanı Amaçlı Olanlar),,0,984075,984075
2026-03,7,Sendikasyon Sekuritizasyon Kredileri,10001,3,"Sendikasyon Seküritizasyon Kredileri (milyon TL), Dönem:2026/3",milyon TL,raw/2026-03_table07_group10001.json,eb2a3dc41c0c228da7403ac61dfca5e5233f9e509cc715bae7a28f83930108c0,raw/2026-03_table07_group10001_info.json,7df82e464d740bbe7c7f718a2d1617e8b8b911def191daaa687cc747de718d26,caption_and_validated_request_info,Sektör,3,Seküritizasyon Kredileri,,0,570802,570802
2026-04,7,Sendikasyon Sekuritizasyon Kredileri,10001,1,"Sendikasyon Seküritizasyon Kredileri (milyon TL), Dönem:2026/4",milyon TL,raw/2026-04_table07_group10001.json,55c4752fceefb2aac598bed22bfba4512f8fbe2b4a201c60d3b04c0decec864a,raw/2026-04_table07_group10001_info.json,12d05f0892284c83221241d19162ff25af2649d21a156e1f8e2268d77af072cb,caption_and_validated_request_info,Sektör,1,Sendikasyon Kredileri (Dış Ticaret Finansmanı Amaçlı Olmayanlar),,0,28617,28617
2026-04,7,Sendikasyon Sekuritizasyon Kredileri,10001,2,"Sendikasyon Seküritizasyon Kredileri (milyon TL), Dönem:2026/4",milyon TL,raw/2026-04_table07_group10001.json,55c4752fceefb2aac598bed22bfba4512f8fbe2b4a201c60d3b04c0decec864a,raw/2026-04_table07_group10001_info.json,12d05f0892284c83221241d19162ff25af2649d21a156e1f8e2268d77af072cb,caption_and_validated_request_info,Sektör,2,Sendikasyon Kredileri (Dış Ticaret Finansmanı Amaçlı Olanlar),,0,1018752,1018752
2026-04,7,Sendikasyon Sekuritizasyon Kredileri,10001,3,"Sendikasyon Seküritizasyon Kredileri (milyon TL), Dönem:2026/4",milyon TL,raw/2026-04_table07_group10001.json,55c4752fceefb2aac598bed22bfba4512f8fbe2b4a201c60d3b04c0decec864a,raw/2026-04_table07_group10001_info.json,12d05f0892284c83221241d19162ff25af2649d21a156e1f8e2268d77af072cb,caption_and_validated_request_info,Sektör,3,Seküritizasyon Kredileri,,0,562242,562242
2026-05,7,Sendikasyon Sekuritizasyon Kredileri,10001,1,"Sendikasyon Seküritizasyon Kredileri (milyon TL), Dönem:2026/5",milyon TL,raw/2026-05_table07_group10001.json,63a84dc284b6164b403424a8ec15c6112494626e36cf1761ea8bafc4708491f1,raw/2026-05_table07_group10001_info.json,f4681b0e8e790efc0808043fc504c5315013a061f639d0634c94b36ddc131e7e,caption_and_validated_request_info,Sektör,1,Sendikasyon Kredileri (Dış Ticaret Finansmanı Amaçlı Olmayanlar),,0,45068,45068
2026-05,7,Sendikasyon Sekuritizasyon Kredileri,10001,2,"Sendikasyon Seküritizasyon Kredileri (milyon TL), Dönem:2026/5",milyon TL,raw/2026-05_table07_group10001.json,63a84dc284b6164b403424a8ec15c6112494626e36cf1761ea8bafc4708491f1,raw/2026-05_table07_group10001_info.json,f4681b0e8e790efc0808043fc504c5315013a061f639d0634c94b36ddc131e7e,caption_and_validated_request_info,Sektör,2,Sendikasyon Kredileri (Dış Ticaret Finansmanı Amaçlı Olanlar),,0,1046507,1046507
2026-05,7,Sendikasyon Sekuritizasyon Kredileri,10001,3,"Sendikasyon Seküritizasyon Kredileri (milyon TL), Dönem:2026/5",milyon TL,raw/2026-05_table07_group10001.json,63a84dc284b6164b403424a8ec15c6112494626e36cf1761ea8bafc4708491f1,raw/2026-05_table07_group10001_info.json,f4681b0e8e790efc0808043fc504c5315013a061f639d0634c94b36ddc131e7e,caption_and_validated_request_info,Sektör,3,Seküritizasyon Kredileri,,0,617285,617285
2026-06,7,Sendikasyon Sekuritizasyon Kredileri,10001,1,"Sendikasyon Seküritizasyon Kredileri (milyon TL), Dönem:2026/6",milyon TL,raw/2026-06_table07_group10001.json,22361a650cdd11851377d56384b76a8dcd8da1e74112d4534d67a0a197400312,raw/2026-06_table07_group10001_info.json,d8fa193be437c9db19b32d97969aa32286966dcd8455c3f646ac407fe11edfef,caption_and_validated_request_info,Sektör,1,Sendikasyon Kredileri (Dış Ticaret Finansmanı Amaçlı Olmayanlar),,0,45200,45200
2026-06,7,Sendikasyon Sekuritizasyon Kredileri,10001,2,"Sendikasyon Seküritizasyon Kredileri (milyon TL), Dönem:2026/6",milyon TL,raw/2026-06_table07_group10001.json,22361a650cdd11851377d56384b76a8dcd8da1e74112d4534d67a0a197400312,raw/2026-06_table07_group10001_info.json,d8fa193be437c9db19b32d97969aa32286966dcd8455c3f646ac407fe11edfef,caption_and_validated_request_info,Sektör,2,Sendikasyon Kredileri (Dış Ticaret Finansmanı Amaçlı Olanlar),,0,1082329,1082329
2026-06,7,Sendikasyon Sekuritizasyon Kredileri,10001,3,"Sendikasyon Seküritizasyon Kredileri (milyon TL), Dönem:2026/6",milyon TL,raw/2026-06_table07_group10001.json,22361a650cdd11851377d56384b76a8dcd8da1e74112d4534d67a0a197400312,raw/2026-06_table07_group10001_info.json,d8fa193be437c9db19b32d97969aa32286966dcd8455c3f646ac407fe11edfef,caption_and_validated_request_info,Sektör,3,Seküritizasyon Kredileri,,0,647819,647819
