metric_code,metric_name_tr,unit,temporal_semantics,derivation,caution,value_type
housing_sales_total_count,Toplam konut satışı,count,quarterly_flow,EVDS aylık il satışlarının üç aylık toplamı,,numeric
housing_sales_mortgaged_count,İpotekli konut satışı,count,quarterly_flow,EVDS aylık il satışlarının üç aylık toplamı,"İpotekli satış finansman türünü gösterir, kredi kullandırım tutarı değildir.",numeric
housing_sales_non_mortgaged_count,İpoteksiz konut satışı,count,derived_quarterly_flow,toplam satış - ipotekli satış,Nakit satış olarak etiketlenemez.,numeric
housing_sales_first_hand_count,İlk el konut satışı,count,quarterly_flow,EVDS aylık il satışlarının üç aylık toplamı,,numeric
housing_sales_second_hand_count,İkinci el konut satışı,count,quarterly_flow,EVDS aylık il satışlarının üç aylık toplamı,,numeric
mortgaged_sales_share_pct,İpotekli satış payı,percent,derived_ratio,100 * ipotekli satış / toplam satış,,numeric
non_mortgaged_sales_share_pct,İpoteksiz satış payı,percent,derived_ratio,100 * (toplam satış - ipotekli satış) / toplam satış,Nakit satış olarak etiketlenemez.,numeric
first_hand_sales_share_pct,İlk el satış payı,percent,derived_ratio,100 * ilk el satış / toplam satış,,numeric
second_hand_sales_share_pct,İkinci el satış payı,percent,derived_ratio,100 * ikinci el satış / toplam satış,,numeric
housing_unit_price_try_per_m2,Konut birim fiyatı,try_per_m2,quarter_end_level,EVDS il bazlı kaynak gözlemi,,numeric
housing_unit_price_regional_median_proxy_try_per_m2,Aynı bölge ve çeyrek konut fiyatı medyan proxy'si,try_per_m2,derived_same_period_proxy,Aynı KFE bölgesi ve aynı çeyrekteki yalnız resmî il birim fiyatlarının medyanı,"İl için resmî gözlem değildir. Türkiye geneli, önceki dönem veya başka bölge fallback'i kullanılmaz.",numeric
housing_unit_price_with_proxy_try_per_m2,Proxy izinli analiz konut birim fiyatı,try_per_m2,source_or_explicit_proxy_level,Resmî il birim fiyatı; kaynak boşsa aynı bölge ve çeyrek resmî il medyan proxy'si,Proxy içerebilir. Kullanıcı veya analiz politikası açıkça izin vermeden resmî il fiyatı gibi sunulmamalıdır.,numeric
housing_unit_price_proxy_origin,Konut birim fiyatı analiz değerinin kökeni,category,provenance_category,"official_source, same_region_same_quarter_official_median_proxy veya unavailable",Kategorik provenance alanıdır; sayısal metrik değildir.,categorical
housing_unit_price_proxy_peer_count,Konut fiyatı proxy akran il sayısı,count,proxy_support_count,Proxy kullanıldıysa aynı bölge ve çeyrekte medyana giren resmî il fiyatı sayısı,Proxy kullanılmayan satırlarda null kalır.,numeric
housing_unit_rent_try_per_m2,Konut birim kirası,try_per_m2,quarterly_level,EVDS il bazlı kaynak gözlemi,Konut satış fiyatındaki eksik gözlemlerin yerine kullanılmaz.,numeric
regional_kfe_index,Bölgesel konut fiyat endeksi,index,quarter_end_index,İlin bağlı olduğu EVDS KFE bölgesinin çeyrek sonu gözlemi,"İl özelinde değil, bölgesel değerdir.",numeric
regional_ykke_index,Bölgesel yeni kiracı kira endeksi,index,quarter_end_index,İlin bağlı olduğu EVDS YKKE bölgesinin çeyrek sonu gözlemi,"İl özelinde değil, bölgesel değerdir.",numeric
housing_credit_stock_thousand_try,Konut kredisi bakiyesi,thousand_try,period_end_stock,BDDK FinTurk sektör toplamı,Yeni kullandırım akımı değildir.,numeric
cash_credit_stock_thousand_try,Nakdi krediler,thousand_try,period_end_stock,BDDK FinTurk sektör toplamı,Kişi başı konut kredisi paydasını türetmek için kullanılır.,numeric
cash_credit_per_capita_try,Kişi başı nakdi kredi,try_per_person,per_capita_level,BDDK FinTurk sektör toplamı,,numeric
real_person_gold_deposit_stock_thousand_try,Gerçek kişi altın mevduatı,thousand_try,period_end_stock,BDDK FinTurk sektör toplamı,,numeric
gold_deposit_stock_thousand_try,Toplam altın mevduatı,thousand_try,period_end_stock,BDDK FinTurk sektör toplamı,,numeric
savings_deposit_stock_thousand_try,Tasarruf mevduatı,thousand_try,period_end_stock,BDDK FinTurk sektör toplamı,,numeric
real_person_gold_deposit_share_pct,Altın mevduatında gerçek kişi payı,percent,derived_ratio,100 * gerçek kişi altın mevduatı / toplam altın mevduatı,,numeric
implied_population_person,FinTurk metriklerinden türetilmiş nüfus,person,derived_denominator,nakdi krediler * 1000 / kişi başı nakdi kredi,"Resmî nüfus serisi değil, yayımlanmış iki FinTurk metriğinden ters hesaplanan yaklaşık paydadır.",numeric
housing_credit_per_capita_try,Kişi başı konut kredisi,try_per_person,derived_ratio,konut kredisi * 1000 / türetilmiş nüfus,Nüfus paydası FinTurk metriklerinden ters hesaplanır.,numeric
housing_credit_to_savings_deposit_pct,Konut kredisi / tasarruf mevduatı,percent,derived_ratio,100 * konut kredisi / tasarruf mevduatı,,numeric
housing_unit_price_yoy_pct,Konut birim fiyatı yıllık değişimi,percent,derived_growth,Dört çeyrek önceki il birim fiyatına göre değişim,Kaynak gözlem yoksa hesaplanmaz.,numeric
housing_unit_price_with_proxy_yoy_pct,Proxy izinli konut birim fiyatı yıllık değişimi,percent,derived_growth_with_proxy,Dört çeyrek önceki proxy izinli analiz fiyatına göre değişim,Resmî il fiyatı eksik olduğunda bölgesel medyan proxy içerebilir; resmî yıllık değişimden ayrı yorumlanmalıdır.,numeric
housing_unit_rent_yoy_pct,Konut birim kirası yıllık değişimi,percent,derived_growth,Dört çeyrek önceki il birim kirasına göre değişim,Kaynak gözlem yoksa hesaplanmaz.,numeric
regional_kfe_yoy_pct,Bölgesel KFE yıllık değişimi,percent,derived_growth,Dört çeyrek önceki bölgesel KFE değerine göre değişim,"İl özelinde değil, bölgesel değerdir.",numeric
regional_ykke_yoy_pct,Bölgesel YKKE yıllık değişimi,percent,derived_growth,Dört çeyrek önceki bölgesel YKKE değerine göre değişim,"İl özelinde değil, bölgesel değerdir.",numeric
housing_credit_yoy_pct,Konut kredisi bakiyesi yıllık değişimi,percent,derived_growth,Dört çeyrek önceki FinTurk konut kredisi bakiyesine göre değişim,Yeni kullandırım akımı değildir.,numeric
