province_name,province_key,housing_sales_total_count_series_code,housing_sales_mortgaged_count_series_code,housing_sales_first_hand_count_series_code,housing_sales_second_hand_count_series_code,housing_unit_price_series_code,housing_unit_rent_series_code,housing_price_region_code,housing_price_region_name,regional_kfe_series_code,regional_ykke_series_code
ADANA,adana,TP.AKONUTSAT1.KTR621,TP.AKONUTSAT2.KTR621,TP.AKONUTSAT3.KTR621,TP.AKONUTSAT4.KTR621,TP.BIRIMFIYAT.ADANA,TP.BK.ADANA,TR62,"TR62 (Adana, Mersin)",TP.KFE.TR62,TP.YKKE.TR62
ADIYAMAN,adiyaman,TP.AKONUTSAT1.KTRC12,TP.AKONUTSAT2.KTRC12,TP.AKONUTSAT3.KTRC12,TP.AKONUTSAT4.KTRC12,TP.BIRIMFIYAT.ADIYAMAN,TP.BK.ADIYAMAN,TRC,"TRC (Gaziantep, Adıyaman, Kilis, Şanlıurfa, Diyarbakır, Mardin, Batman, Şırnak, Siirt)",TP.KFE.TRC,TP.YKKE.TRC
AFYONKARAHİSAR,afyonkarahisar,TP.AKONUTSAT1.KTR332,TP.AKONUTSAT2.KTR332,TP.AKONUTSAT3.KTR332,TP.AKONUTSAT4.KTR332,TP.BIRIMFIYAT.AFYON,TP.BK.AFYONKARAHISAR,TR33,"TR33 (Afyonkarahisar, Kütahya, Manisa, Uşak)",TP.KFE.TR33,TP.YKKE.TR33
AĞRI,agri,TP.AKONUTSAT1.KTRA21,TP.AKONUTSAT2.KTRA21,TP.AKONUTSAT3.KTRA21,TP.AKONUTSAT4.KTRA21,TP.BIRIMFIYAT.AGRI,TP.BK.AGRI,TRA,"TRA (Erzurum, Erzincan, Bayburt, Ağrı, Kars, Iğdır, Ardahan)",TP.KFE.TRA,TP.YKKE.TRA
AKSARAY,aksaray,TP.AKONUTSAT1.KTR712,TP.AKONUTSAT2.KTR712,TP.AKONUTSAT3.KTR712,TP.AKONUTSAT4.KTR712,TP.BIRIMFIYAT.AKSARAY,TP.BK.AKSARAY,TR7,"TR7 (Nevşehir, Niğde, Kırıkkale, Kırşehir, Aksaray, Kayseri, Sivas, Yozgat)",TP.KFE.TR7,TP.YKKE.TR7
AMASYA,amasya,TP.AKONUTSAT1.KTR834,TP.AKONUTSAT2.KTR834,TP.AKONUTSAT3.KTR834,TP.AKONUTSAT4.KTR834,TP.BIRIMFIYAT.AMASYA,TP.BK.AMASYA,TR8,"TR8 (Zonguldak, Karabük, Bartın, Kastamonu, Çankırı, Sinop, Samsun, Tokat, Çorum, Amasya)",TP.KFE.TR8,TP.YKKE.TR8
ANKARA,ankara,TP.AKONUTSAT1.KTR510,TP.AKONUTSAT2.KTR510,TP.AKONUTSAT3.KTR510,TP.AKONUTSAT4.KTR510,TP.BIRIMFIYAT.ANK,TP.BK.ANKARA,TR51,TR51 (Ankara),TP.KFE.TR51,TP.YKKE.TR51
ANTALYA,antalya,TP.AKONUTSAT1.KTR611,TP.AKONUTSAT2.KTR611,TP.AKONUTSAT3.KTR611,TP.AKONUTSAT4.KTR611,TP.BIRIMFIYAT.ANTALYA,TP.BK.ANTALYA,TR61,"TR61 (Antalya, Burdur, Isparta)",TP.KFE.TR61,TP.YKKE.TR61
ARDAHAN,ardahan,TP.AKONUTSAT1.KTRA24,TP.AKONUTSAT2.KTRA24,TP.AKONUTSAT3.KTRA24,TP.AKONUTSAT4.KTRA24,TP.BIRIMFIYAT.ARDAHAN,TP.BK.ARDAHAN,TRA,"TRA (Erzurum, Erzincan, Bayburt, Ağrı, Kars, Iğdır, Ardahan)",TP.KFE.TRA,TP.YKKE.TRA
ARTVİN,artvin,TP.AKONUTSAT1.KTR905,TP.AKONUTSAT2.KTR905,TP.AKONUTSAT3.KTR905,TP.AKONUTSAT4.KTR905,TP.BIRIMFIYAT.ARTVIN,TP.BK.ARTVIN,TR9,"TR9 (Trabzon, Ordu, Giresun, Rize, Artvin, Gümüşhane)",TP.KFE.TR9,TP.YKKE.TR9
AYDIN,aydin,TP.AKONUTSAT1.KTR321,TP.AKONUTSAT2.KTR321,TP.AKONUTSAT3.KTR321,TP.AKONUTSAT4.KTR321,TP.BIRIMFIYAT.AYDIN,TP.BK.AYDIN,TR32,"TR32 (Aydın, Denizli, Muğla)",TP.KFE.TR32,TP.YKKE.TR32
BALIKESİR,balikesir,TP.AKONUTSAT1.KTR221,TP.AKONUTSAT2.KTR221,TP.AKONUTSAT3.KTR221,TP.AKONUTSAT4.KTR221,TP.BIRIMFIYAT.BALIKESIR,TP.BK.BALIKESIR,TR22,"TR22 (Balıkesir, Çanakkale)",TP.KFE.TR22,TP.YKKE.TR22
BARTIN,bartin,TP.AKONUTSAT1.KTR813,TP.AKONUTSAT2.KTR813,TP.AKONUTSAT3.KTR813,TP.AKONUTSAT4.KTR813,TP.BIRIMFIYAT.BARTIN,TP.BK.BARTIN,TR8,"TR8 (Zonguldak, Karabük, Bartın, Kastamonu, Çankırı, Sinop, Samsun, Tokat, Çorum, Amasya)",TP.KFE.TR8,TP.YKKE.TR8
BATMAN,batman,TP.AKONUTSAT1.KTRC32,TP.AKONUTSAT2.KTRC32,TP.AKONUTSAT3.KTRC32,TP.AKONUTSAT4.KTRC32,TP.BIRIMFIYAT.BATMAN,TP.BK.BATMAN,TRC,"TRC (Gaziantep, Adıyaman, Kilis, Şanlıurfa, Diyarbakır, Mardin, Batman, Şırnak, Siirt)",TP.KFE.TRC,TP.YKKE.TRC
BAYBURT,bayburt,TP.AKONUTSAT1.KTRA13,TP.AKONUTSAT2.KTRA13,TP.AKONUTSAT3.KTRA13,TP.AKONUTSAT4.KTRA13,TP.BIRIMFIYAT.BAYBURT,TP.BK.BAYBURT,TRA,"TRA (Erzurum, Erzincan, Bayburt, Ağrı, Kars, Iğdır, Ardahan)",TP.KFE.TRA,TP.YKKE.TRA
BİLECİK,bilecik,TP.AKONUTSAT1.KTR413,TP.AKONUTSAT2.KTR413,TP.AKONUTSAT3.KTR413,TP.AKONUTSAT4.KTR413,TP.BIRIMFIYAT.BILECIK,TP.BK.BILECIK,TR41,"TR41 (Bursa, Eskişehir, Bilecik)",TP.KFE.TR41,TP.YKKE.TR41
BİNGÖL,bingol,TP.AKONUTSAT1.KTRB13,TP.AKONUTSAT2.KTRB13,TP.AKONUTSAT3.KTRB13,TP.AKONUTSAT4.KTRB13,TP.BIRIMFIYAT.BINGOL,TP.BK.BINGOL,TRB,"TRB (Malatya, Elazığ, Bingöl, Tunceli, Van, Muş, Bitlis, Hakkari)",TP.KFE.TRB,TP.YKKE.TRB
BİTLİS,bitlis,TP.AKONUTSAT1.KTRB23,TP.AKONUTSAT2.KTRB23,TP.AKONUTSAT3.KTRB23,TP.AKONUTSAT4.KTRB23,TP.BIRIMFIYAT.BITLIS,TP.BK.BITLIS,TRB,"TRB (Malatya, Elazığ, Bingöl, Tunceli, Van, Muş, Bitlis, Hakkari)",TP.KFE.TRB,TP.YKKE.TRB
BOLU,bolu,TP.AKONUTSAT1.KTR424,TP.AKONUTSAT2.KTR424,TP.AKONUTSAT3.KTR424,TP.AKONUTSAT4.KTR424,TP.BIRIMFIYAT.BOLU,TP.BK.BOLU,TR42,"TR42 (Bolu, Kocaeli, Sakarya, Yalova, Düzce)",TP.KFE.TR42,TP.YKKE.TR42
BURDUR,burdur,TP.AKONUTSAT1.KTR613,TP.AKONUTSAT2.KTR613,TP.AKONUTSAT3.KTR613,TP.AKONUTSAT4.KTR613,TP.BIRIMFIYAT.BURDUR,TP.BK.BURDUR,TR61,"TR61 (Antalya, Burdur, Isparta)",TP.KFE.TR61,TP.YKKE.TR61
BURSA,bursa,TP.AKONUTSAT1.KTR411,TP.AKONUTSAT2.KTR411,TP.AKONUTSAT3.KTR411,TP.AKONUTSAT4.KTR411,TP.BIRIMFIYAT.BURSA,TP.BK.BURSA,TR41,"TR41 (Bursa, Eskişehir, Bilecik)",TP.KFE.TR41,TP.YKKE.TR41
ÇANAKKALE,canakkale,TP.AKONUTSAT1.KTR222,TP.AKONUTSAT2.KTR222,TP.AKONUTSAT3.KTR222,TP.AKONUTSAT4.KTR222,TP.BIRIMFIYAT.CANAKKALE,TP.BK.CANAKKALE,TR22,"TR22 (Balıkesir, Çanakkale)",TP.KFE.TR22,TP.YKKE.TR22
ÇANKIRI,cankiri,TP.AKONUTSAT1.KTR822,TP.AKONUTSAT2.KTR822,TP.AKONUTSAT3.KTR822,TP.AKONUTSAT4.KTR822,TP.BIRIMFIYAT.CANKIRI,TP.BK.CANKIRI,TR8,"TR8 (Zonguldak, Karabük, Bartın, Kastamonu, Çankırı, Sinop, Samsun, Tokat, Çorum, Amasya)",TP.KFE.TR8,TP.YKKE.TR8
ÇORUM,corum,TP.AKONUTSAT1.KTR833,TP.AKONUTSAT2.KTR833,TP.AKONUTSAT3.KTR833,TP.AKONUTSAT4.KTR833,TP.BIRIMFIYAT.CORUM,TP.BK.CORUM,TR8,"TR8 (Zonguldak, Karabük, Bartın, Kastamonu, Çankırı, Sinop, Samsun, Tokat, Çorum, Amasya)",TP.KFE.TR8,TP.YKKE.TR8
DENİZLİ,denizli,TP.AKONUTSAT1.KTR322,TP.AKONUTSAT2.KTR322,TP.AKONUTSAT3.KTR322,TP.AKONUTSAT4.KTR322,TP.BIRIMFIYAT.DENIZLI,TP.BK.DENIZLI,TR32,"TR32 (Aydın, Denizli, Muğla)",TP.KFE.TR32,TP.YKKE.TR32
DİYARBAKIR,diyarbakir,TP.AKONUTSAT1.KTRC22,TP.AKONUTSAT2.KTRC22,TP.AKONUTSAT3.KTRC22,TP.AKONUTSAT4.KTRC22,TP.BIRIMFIYAT.DIYARBAKIR,TP.BK.DIYARBAKIR,TRC,"TRC (Gaziantep, Adıyaman, Kilis, Şanlıurfa, Diyarbakır, Mardin, Batman, Şırnak, Siirt)",TP.KFE.TRC,TP.YKKE.TRC
DÜZCE,duzce,TP.AKONUTSAT1.KTR423,TP.AKONUTSAT2.KTR423,TP.AKONUTSAT3.KTR423,TP.AKONUTSAT4.KTR423,TP.BIRIMFIYAT.DUZCE,TP.BK.DUZCE,TR42,"TR42 (Bolu, Kocaeli, Sakarya, Yalova, Düzce)",TP.KFE.TR42,TP.YKKE.TR42
EDİRNE,edirne,TP.AKONUTSAT1.KTR212,TP.AKONUTSAT2.KTR212,TP.AKONUTSAT3.KTR212,TP.AKONUTSAT4.KTR212,TP.BIRIMFIYAT.EDIRNE,TP.BK.EDIRNE,TR21,"TR21 (Edirne, Kırklareli, Tekirdağ)",TP.KFE.TR21,TP.YKKE.TR21
ELAZIĞ,elazig,TP.AKONUTSAT1.KTRB12,TP.AKONUTSAT2.KTRB12,TP.AKONUTSAT3.KTRB12,TP.AKONUTSAT4.KTRB12,TP.BIRIMFIYAT.ELAZIG,TP.BK.ELAZIG,TRB,"TRB (Malatya, Elazığ, Bingöl, Tunceli, Van, Muş, Bitlis, Hakkari)",TP.KFE.TRB,TP.YKKE.TRB
ERZİNCAN,erzincan,TP.AKONUTSAT1.KTRA12,TP.AKONUTSAT2.KTRA12,TP.AKONUTSAT3.KTRA12,TP.AKONUTSAT4.KTRA12,TP.BIRIMFIYAT.ERZINCAN,TP.BK.ERZINCAN,TRA,"TRA (Erzurum, Erzincan, Bayburt, Ağrı, Kars, Iğdır, Ardahan)",TP.KFE.TRA,TP.YKKE.TRA
ERZURUM,erzurum,TP.AKONUTSAT1.KTRA11,TP.AKONUTSAT2.KTRA11,TP.AKONUTSAT3.KTRA11,TP.AKONUTSAT4.KTRA11,TP.BIRIMFIYAT.ERZURUM,TP.BK.ERZURUM,TRA,"TRA (Erzurum, Erzincan, Bayburt, Ağrı, Kars, Iğdır, Ardahan)",TP.KFE.TRA,TP.YKKE.TRA
ESKİŞEHİR,eskisehir,TP.AKONUTSAT1.KTR412,TP.AKONUTSAT2.KTR412,TP.AKONUTSAT3.KTR412,TP.AKONUTSAT4.KTR412,TP.BIRIMFIYAT.ESKISEHIR,TP.BK.ESKISEHIR,TR41,"TR41 (Bursa, Eskişehir, Bilecik)",TP.KFE.TR41,TP.YKKE.TR41
GAZİANTEP,gaziantep,TP.AKONUTSAT1.KTRC11,TP.AKONUTSAT2.KTRC11,TP.AKONUTSAT3.KTRC11,TP.AKONUTSAT4.KTRC11,TP.BIRIMFIYAT.ANTEP,TP.BK.GAZIANTEP,TRC,"TRC (Gaziantep, Adıyaman, Kilis, Şanlıurfa, Diyarbakır, Mardin, Batman, Şırnak, Siirt)",TP.KFE.TRC,TP.YKKE.TRC
GİRESUN,giresun,TP.AKONUTSAT1.KTR903,TP.AKONUTSAT2.KTR903,TP.AKONUTSAT3.KTR903,TP.AKONUTSAT4.KTR903,TP.BIRIMFIYAT.GIRESUN,TP.BK.GIRESUN,TR9,"TR9 (Trabzon, Ordu, Giresun, Rize, Artvin, Gümüşhane)",TP.KFE.TR9,TP.YKKE.TR9
GÜMÜŞHANE,gumushane,TP.AKONUTSAT1.KTR906,TP.AKONUTSAT2.KTR906,TP.AKONUTSAT3.KTR906,TP.AKONUTSAT4.KTR906,TP.BIRIMFIYAT.GUMUSHANE,TP.BK.GUMUSHANE,TR9,"TR9 (Trabzon, Ordu, Giresun, Rize, Artvin, Gümüşhane)",TP.KFE.TR9,TP.YKKE.TR9
HAKKARİ,hakkari,TP.AKONUTSAT1.KTRB24,TP.AKONUTSAT2.KTRB24,TP.AKONUTSAT3.KTRB24,TP.AKONUTSAT4.KTRB24,TP.BIRIMFIYAT.HAKKARI,TP.BK.HAKKARI,TRB,"TRB (Malatya, Elazığ, Bingöl, Tunceli, Van, Muş, Bitlis, Hakkari)",TP.KFE.TRB,TP.YKKE.TRB
HATAY,hatay,TP.AKONUTSAT1.KTR631,TP.AKONUTSAT2.KTR631,TP.AKONUTSAT3.KTR631,TP.AKONUTSAT4.KTR631,TP.BIRIMFIYAT.HATAY,TP.BK.HATAY,TR63,"TR63 (Hatay, Kahramanmaraş, Osmaniye)",TP.KFE.TR63,TP.YKKE.TR63
IĞDIR,igdir,TP.AKONUTSAT1.KTRA23,TP.AKONUTSAT2.KTRA23,TP.AKONUTSAT3.KTRA23,TP.AKONUTSAT4.KTRA23,TP.BIRIMFIYAT.IGDIR,TP.BK.IGDIR,TRA,"TRA (Erzurum, Erzincan, Bayburt, Ağrı, Kars, Iğdır, Ardahan)",TP.KFE.TRA,TP.YKKE.TRA
ISPARTA,isparta,TP.AKONUTSAT1.KTR612,TP.AKONUTSAT2.KTR612,TP.AKONUTSAT3.KTR612,TP.AKONUTSAT4.KTR612,TP.BIRIMFIYAT.ISPARTA,TP.BK.ISPARTA,TR61,"TR61 (Antalya, Burdur, Isparta)",TP.KFE.TR61,TP.YKKE.TR61
İSTANBUL,istanbul,TP.AKONUTSAT1.KTR100,TP.AKONUTSAT2.KTR100,TP.AKONUTSAT3.KTR100,TP.AKONUTSAT4.KTR100,TP.BIRIMFIYAT.IST,TP.BK.ISTANBUL,TR10,TR10 (İstanbul),TP.KFE.TR10,TP.YKKE.TR10
İZMİR,izmir,TP.AKONUTSAT1.KTR310,TP.AKONUTSAT2.KTR310,TP.AKONUTSAT3.KTR310,TP.AKONUTSAT4.KTR310,TP.BIRIMFIYAT.IZM,TP.BK.IZMIR,TR31,TR31 (İzmir),TP.KFE.TR31,TP.YKKE.TR31
KAHRAMANMARAŞ,kahramanmaras,TP.AKONUTSAT1.KTR632,TP.AKONUTSAT2.KTR632,TP.AKONUTSAT3.KTR632,TP.AKONUTSAT4.KTR632,TP.BIRIMFIYAT.MARAS,TP.BK.KAHRAMANMARAS,TR63,"TR63 (Hatay, Kahramanmaraş, Osmaniye)",TP.KFE.TR63,TP.YKKE.TR63
KARABÜK,karabuk,TP.AKONUTSAT1.KTR812,TP.AKONUTSAT2.KTR812,TP.AKONUTSAT3.KTR812,TP.AKONUTSAT4.KTR812,TP.BIRIMFIYAT.KARABUK,TP.BK.KARABUK,TR8,"TR8 (Zonguldak, Karabük, Bartın, Kastamonu, Çankırı, Sinop, Samsun, Tokat, Çorum, Amasya)",TP.KFE.TR8,TP.YKKE.TR8
KARAMAN,karaman,TP.AKONUTSAT1.KTR522,TP.AKONUTSAT2.KTR522,TP.AKONUTSAT3.KTR522,TP.AKONUTSAT4.KTR522,TP.BIRIMFIYAT.KARAMAN,TP.BK.KARAMAN,TR52,"TR52 (Konya, Karaman)",TP.KFE.TR52,TP.YKKE.TR52
KARS,kars,TP.AKONUTSAT1.KTRA22,TP.AKONUTSAT2.KTRA22,TP.AKONUTSAT3.KTRA22,TP.AKONUTSAT4.KTRA22,TP.BIRIMFIYAT.KARS,TP.BK.KARS,TRA,"TRA (Erzurum, Erzincan, Bayburt, Ağrı, Kars, Iğdır, Ardahan)",TP.KFE.TRA,TP.YKKE.TRA
KASTAMONU,kastamonu,TP.AKONUTSAT1.KTR821,TP.AKONUTSAT2.KTR821,TP.AKONUTSAT3.KTR821,TP.AKONUTSAT4.KTR821,TP.BIRIMFIYAT.KASTAMONU,TP.BK.KASTAMONU,TR8,"TR8 (Zonguldak, Karabük, Bartın, Kastamonu, Çankırı, Sinop, Samsun, Tokat, Çorum, Amasya)",TP.KFE.TR8,TP.YKKE.TR8
KAYSERİ,kayseri,TP.AKONUTSAT1.KTR721,TP.AKONUTSAT2.KTR721,TP.AKONUTSAT3.KTR721,TP.AKONUTSAT4.KTR721,TP.BIRIMFIYAT.KAYSERI,TP.BK.KAYSERI,TR7,"TR7 (Nevşehir, Niğde, Kırıkkale, Kırşehir, Aksaray, Kayseri, Sivas, Yozgat)",TP.KFE.TR7,TP.YKKE.TR7
KİLİS,kilis,TP.AKONUTSAT1.KTRC13,TP.AKONUTSAT2.KTRC13,TP.AKONUTSAT3.KTRC13,TP.AKONUTSAT4.KTRC13,TP.BIRIMFIYAT.KILIS,TP.BK.KILIS,TRC,"TRC (Gaziantep, Adıyaman, Kilis, Şanlıurfa, Diyarbakır, Mardin, Batman, Şırnak, Siirt)",TP.KFE.TRC,TP.YKKE.TRC
KIRIKKALE,kirikkale,TP.AKONUTSAT1.KTR711,TP.AKONUTSAT2.KTR711,TP.AKONUTSAT3.KTR711,TP.AKONUTSAT4.KTR711,TP.BIRIMFIYAT.KIRIKKALE,TP.BK.KIRIKKALE,TR7,"TR7 (Nevşehir, Niğde, Kırıkkale, Kırşehir, Aksaray, Kayseri, Sivas, Yozgat)",TP.KFE.TR7,TP.YKKE.TR7
KIRKLARELİ,kirklareli,TP.AKONUTSAT1.KTR213,TP.AKONUTSAT2.KTR213,TP.AKONUTSAT3.KTR213,TP.AKONUTSAT4.KTR213,TP.BIRIMFIYAT.KIRKLARELI,TP.BK.KIRKLARELI,TR21,"TR21 (Edirne, Kırklareli, Tekirdağ)",TP.KFE.TR21,TP.YKKE.TR21
KIRŞEHİR,kirsehir,TP.AKONUTSAT1.KTR715,TP.AKONUTSAT2.KTR715,TP.AKONUTSAT3.KTR715,TP.AKONUTSAT4.KTR715,TP.BIRIMFIYAT.KIRSEHIR,TP.BK.KIRSEHIR,TR7,"TR7 (Nevşehir, Niğde, Kırıkkale, Kırşehir, Aksaray, Kayseri, Sivas, Yozgat)",TP.KFE.TR7,TP.YKKE.TR7
KOCAELİ,kocaeli,TP.AKONUTSAT1.KTR421,TP.AKONUTSAT2.KTR421,TP.AKONUTSAT3.KTR421,TP.AKONUTSAT4.KTR421,TP.BIRIMFIYAT.KOCAELI,TP.BK.KOCAELI,TR42,"TR42 (Bolu, Kocaeli, Sakarya, Yalova, Düzce)",TP.KFE.TR42,TP.YKKE.TR42
KONYA,konya,TP.AKONUTSAT1.KTR521,TP.AKONUTSAT2.KTR521,TP.AKONUTSAT3.KTR521,TP.AKONUTSAT4.KTR521,TP.BIRIMFIYAT.KONYA,TP.BK.KONYA,TR52,"TR52 (Konya, Karaman)",TP.KFE.TR52,TP.YKKE.TR52
KÜTAHYA,kutahya,TP.AKONUTSAT1.KTR333,TP.AKONUTSAT2.KTR333,TP.AKONUTSAT3.KTR333,TP.AKONUTSAT4.KTR333,TP.BIRIMFIYAT.KUTAHYA,TP.BK.KUTAHYA,TR33,"TR33 (Afyonkarahisar, Kütahya, Manisa, Uşak)",TP.KFE.TR33,TP.YKKE.TR33
MALATYA,malatya,TP.AKONUTSAT1.KTRB11,TP.AKONUTSAT2.KTRB11,TP.AKONUTSAT3.KTRB11,TP.AKONUTSAT4.KTRB11,TP.BIRIMFIYAT.MALATYA,TP.BK.MALATYA,TRB,"TRB (Malatya, Elazığ, Bingöl, Tunceli, Van, Muş, Bitlis, Hakkari)",TP.KFE.TRB,TP.YKKE.TRB
MANİSA,manisa,TP.AKONUTSAT1.KTR331,TP.AKONUTSAT2.KTR331,TP.AKONUTSAT3.KTR331,TP.AKONUTSAT4.KTR331,TP.BIRIMFIYAT.MANISA,TP.BK.MANISA,TR33,"TR33 (Afyonkarahisar, Kütahya, Manisa, Uşak)",TP.KFE.TR33,TP.YKKE.TR33
MARDİN,mardin,TP.AKONUTSAT1.KTRC31,TP.AKONUTSAT2.KTRC31,TP.AKONUTSAT3.KTRC31,TP.AKONUTSAT4.KTRC31,TP.BIRIMFIYAT.MARDIN,TP.BK.MARDIN,TRC,"TRC (Gaziantep, Adıyaman, Kilis, Şanlıurfa, Diyarbakır, Mardin, Batman, Şırnak, Siirt)",TP.KFE.TRC,TP.YKKE.TRC
MERSİN,mersin,TP.AKONUTSAT1.KTR622,TP.AKONUTSAT2.KTR622,TP.AKONUTSAT3.KTR622,TP.AKONUTSAT4.KTR622,TP.BIRIMFIYAT.MERSIN,TP.BK.MERSIN,TR62,"TR62 (Adana, Mersin)",TP.KFE.TR62,TP.YKKE.TR62
MUĞLA,mugla,TP.AKONUTSAT1.KTR323,TP.AKONUTSAT2.KTR323,TP.AKONUTSAT3.KTR323,TP.AKONUTSAT4.KTR323,TP.BIRIMFIYAT.MUGLA,TP.BK.MUGLA,TR32,"TR32 (Aydın, Denizli, Muğla)",TP.KFE.TR32,TP.YKKE.TR32
MUŞ,mus,TP.AKONUTSAT1.KTRB22,TP.AKONUTSAT2.KTRB22,TP.AKONUTSAT3.KTRB22,TP.AKONUTSAT4.KTRB22,TP.BIRIMFIYAT.MUS,TP.BK.MUS,TRB,"TRB (Malatya, Elazığ, Bingöl, Tunceli, Van, Muş, Bitlis, Hakkari)",TP.KFE.TRB,TP.YKKE.TRB
NEVŞEHİR,nevsehir,TP.AKONUTSAT1.KTR714,TP.AKONUTSAT2.KTR714,TP.AKONUTSAT3.KTR714,TP.AKONUTSAT4.KTR714,TP.BIRIMFIYAT.NEVSEHIR,TP.BK.NEVSEHIR,TR7,"TR7 (Nevşehir, Niğde, Kırıkkale, Kırşehir, Aksaray, Kayseri, Sivas, Yozgat)",TP.KFE.TR7,TP.YKKE.TR7
NİĞDE,nigde,TP.AKONUTSAT1.KTR713,TP.AKONUTSAT2.KTR713,TP.AKONUTSAT3.KTR713,TP.AKONUTSAT4.KTR713,TP.BIRIMFIYAT.NIGDE,TP.BK.NIGDE,TR7,"TR7 (Nevşehir, Niğde, Kırıkkale, Kırşehir, Aksaray, Kayseri, Sivas, Yozgat)",TP.KFE.TR7,TP.YKKE.TR7
ORDU,ordu,TP.AKONUTSAT1.KTR902,TP.AKONUTSAT2.KTR902,TP.AKONUTSAT3.KTR902,TP.AKONUTSAT4.KTR902,TP.BIRIMFIYAT.ORDU,TP.BK.ORDU,TR9,"TR9 (Trabzon, Ordu, Giresun, Rize, Artvin, Gümüşhane)",TP.KFE.TR9,TP.YKKE.TR9
OSMANİYE,osmaniye,TP.AKONUTSAT1.KTR633,TP.AKONUTSAT2.KTR633,TP.AKONUTSAT3.KTR633,TP.AKONUTSAT4.KTR633,TP.BIRIMFIYAT.OSMANIYE,TP.BK.OSMANIYE,TR63,"TR63 (Hatay, Kahramanmaraş, Osmaniye)",TP.KFE.TR63,TP.YKKE.TR63
RİZE,rize,TP.AKONUTSAT1.KTR904,TP.AKONUTSAT2.KTR904,TP.AKONUTSAT3.KTR904,TP.AKONUTSAT4.KTR904,TP.BIRIMFIYAT.RIZE,TP.BK.RIZE,TR9,"TR9 (Trabzon, Ordu, Giresun, Rize, Artvin, Gümüşhane)",TP.KFE.TR9,TP.YKKE.TR9
SAKARYA,sakarya,TP.AKONUTSAT1.KTR422,TP.AKONUTSAT2.KTR422,TP.AKONUTSAT3.KTR422,TP.AKONUTSAT4.KTR422,TP.BIRIMFIYAT.SAKARYA,TP.BK.SAKARYA,TR42,"TR42 (Bolu, Kocaeli, Sakarya, Yalova, Düzce)",TP.KFE.TR42,TP.YKKE.TR42
SAMSUN,samsun,TP.AKONUTSAT1.KTR831,TP.AKONUTSAT2.KTR831,TP.AKONUTSAT3.KTR831,TP.AKONUTSAT4.KTR831,TP.BIRIMFIYAT.SAMSUN,TP.BK.SAMSUN,TR8,"TR8 (Zonguldak, Karabük, Bartın, Kastamonu, Çankırı, Sinop, Samsun, Tokat, Çorum, Amasya)",TP.KFE.TR8,TP.YKKE.TR8
ŞANLIURFA,sanliurfa,TP.AKONUTSAT1.KTRC21,TP.AKONUTSAT2.KTRC21,TP.AKONUTSAT3.KTRC21,TP.AKONUTSAT4.KTRC21,TP.BIRIMFIYAT.URFA,TP.BK.SANLIURFA,TRC,"TRC (Gaziantep, Adıyaman, Kilis, Şanlıurfa, Diyarbakır, Mardin, Batman, Şırnak, Siirt)",TP.KFE.TRC,TP.YKKE.TRC
SİİRT,siirt,TP.AKONUTSAT1.KTRC34,TP.AKONUTSAT2.KTRC34,TP.AKONUTSAT3.KTRC34,TP.AKONUTSAT4.KTRC34,TP.BIRIMFIYAT.SIIRT,TP.BK.SIIRT,TRC,"TRC (Gaziantep, Adıyaman, Kilis, Şanlıurfa, Diyarbakır, Mardin, Batman, Şırnak, Siirt)",TP.KFE.TRC,TP.YKKE.TRC
SİNOP,sinop,TP.AKONUTSAT1.KTR823,TP.AKONUTSAT2.KTR823,TP.AKONUTSAT3.KTR823,TP.AKONUTSAT4.KTR823,TP.BIRIMFIYAT.SINOP,TP.BK.SINOP,TR8,"TR8 (Zonguldak, Karabük, Bartın, Kastamonu, Çankırı, Sinop, Samsun, Tokat, Çorum, Amasya)",TP.KFE.TR8,TP.YKKE.TR8
ŞIRNAK,sirnak,TP.AKONUTSAT1.KTRC33,TP.AKONUTSAT2.KTRC33,TP.AKONUTSAT3.KTRC33,TP.AKONUTSAT4.KTRC33,TP.BIRIMFIYAT.SIRNAK,TP.BK.SIRNAK,TRC,"TRC (Gaziantep, Adıyaman, Kilis, Şanlıurfa, Diyarbakır, Mardin, Batman, Şırnak, Siirt)",TP.KFE.TRC,TP.YKKE.TRC
SİVAS,sivas,TP.AKONUTSAT1.KTR722,TP.AKONUTSAT2.KTR722,TP.AKONUTSAT3.KTR722,TP.AKONUTSAT4.KTR722,TP.BIRIMFIYAT.SIVAS,TP.BK.SIVAS,TR7,"TR7 (Nevşehir, Niğde, Kırıkkale, Kırşehir, Aksaray, Kayseri, Sivas, Yozgat)",TP.KFE.TR7,TP.YKKE.TR7
TEKİRDAĞ,tekirdag,TP.AKONUTSAT1.KTR211,TP.AKONUTSAT2.KTR211,TP.AKONUTSAT3.KTR211,TP.AKONUTSAT4.KTR211,TP.BIRIMFIYAT.TEKIRDAG,TP.BK.TEKIRDAG,TR21,"TR21 (Edirne, Kırklareli, Tekirdağ)",TP.KFE.TR21,TP.YKKE.TR21
TOKAT,tokat,TP.AKONUTSAT1.KTR832,TP.AKONUTSAT2.KTR832,TP.AKONUTSAT3.KTR832,TP.AKONUTSAT4.KTR832,TP.BIRIMFIYAT.TOKAT,TP.BK.TOKAT,TR8,"TR8 (Zonguldak, Karabük, Bartın, Kastamonu, Çankırı, Sinop, Samsun, Tokat, Çorum, Amasya)",TP.KFE.TR8,TP.YKKE.TR8
TRABZON,trabzon,TP.AKONUTSAT1.KTR901,TP.AKONUTSAT2.KTR901,TP.AKONUTSAT3.KTR901,TP.AKONUTSAT4.KTR901,TP.BIRIMFIYAT.TRABZON,TP.BK.TRABZON,TR9,"TR9 (Trabzon, Ordu, Giresun, Rize, Artvin, Gümüşhane)",TP.KFE.TR9,TP.YKKE.TR9
TUNCELİ,tunceli,TP.AKONUTSAT1.KTRB14,TP.AKONUTSAT2.KTRB14,TP.AKONUTSAT3.KTRB14,TP.AKONUTSAT4.KTRB14,TP.BIRIMFIYAT.TUNCELI,TP.BK.TUNCELI,TRB,"TRB (Malatya, Elazığ, Bingöl, Tunceli, Van, Muş, Bitlis, Hakkari)",TP.KFE.TRB,TP.YKKE.TRB
UŞAK,usak,TP.AKONUTSAT1.KTR334,TP.AKONUTSAT2.KTR334,TP.AKONUTSAT3.KTR334,TP.AKONUTSAT4.KTR334,TP.BIRIMFIYAT.USAK,TP.BK.USAK,TR33,"TR33 (Afyonkarahisar, Kütahya, Manisa, Uşak)",TP.KFE.TR33,TP.YKKE.TR33
VAN,van,TP.AKONUTSAT1.KTRB21,TP.AKONUTSAT2.KTRB21,TP.AKONUTSAT3.KTRB21,TP.AKONUTSAT4.KTRB21,TP.BIRIMFIYAT.VAN,TP.BK.VAN,TRB,"TRB (Malatya, Elazığ, Bingöl, Tunceli, Van, Muş, Bitlis, Hakkari)",TP.KFE.TRB,TP.YKKE.TRB
YALOVA,yalova,TP.AKONUTSAT1.KTR425,TP.AKONUTSAT2.KTR425,TP.AKONUTSAT3.KTR425,TP.AKONUTSAT4.KTR425,TP.BIRIMFIYAT.YALOVA,TP.BK.YALOVA,TR42,"TR42 (Bolu, Kocaeli, Sakarya, Yalova, Düzce)",TP.KFE.TR42,TP.YKKE.TR42
YOZGAT,yozgat,TP.AKONUTSAT1.KTR723,TP.AKONUTSAT2.KTR723,TP.AKONUTSAT3.KTR723,TP.AKONUTSAT4.KTR723,TP.BIRIMFIYAT.YOZGAT,TP.BK.YOZGAT,TR7,"TR7 (Nevşehir, Niğde, Kırıkkale, Kırşehir, Aksaray, Kayseri, Sivas, Yozgat)",TP.KFE.TR7,TP.YKKE.TR7
ZONGULDAK,zonguldak,TP.AKONUTSAT1.KTR811,TP.AKONUTSAT2.KTR811,TP.AKONUTSAT3.KTR811,TP.AKONUTSAT4.KTR811,TP.BIRIMFIYAT.ZONGULDAK,TP.BK.ZONGULDAK,TR8,"TR8 (Zonguldak, Karabük, Bartın, Kastamonu, Çankırı, Sinop, Samsun, Tokat, Çorum, Amasya)",TP.KFE.TR8,TP.YKKE.TR8
