series_code,role,reason,series_name_tr,series_name_en,group_code,frequency,default_aggregation,default_aggregation_tr,parent_series_code,level,screen_order,can_sum,can_average,can_first,can_last,can_min,can_max,series_catalog_key,group_name_tr,category_id,category_path_tr,source,unit,is_archive,metadata_url,revision_url,method_change_url,group_catalog_sha256,group_downloaded_utc,searchable_text,is_duplicate_series_code,requested_start,requested_end,request_frequency_code,aggregation_used,chunk_count,observation_count,non_null_observation_count,missing_observation_count,first_period,last_period,first_non_null_period,last_non_null_period,analysis_column,temporal_semantics,subperiod_aggregation
TP.AKONUTSAT1.KTRTOPLAM,housing_market_outcome,Toplam konut satisi,Türkiye_Konut_Toplam Satışlar,Türkiye_House_Total sales,bie_akonutsat1,AYLIK,sum,KÜMÜLATİF,-1,1,10.0,1,1,1,1,1,1,bie_akonutsat1::TP.AKONUTSAT1.KTRTOPLAM,Konut ve İş Yeri Satış İstatistikleri-Toplam Satışlar,5002,"REEL SEKTÖR İSTATİSTİKLERİ > KONUT, İŞ YERİ VE İNŞAAT İSTATİSTİKLERİ (TÜİK)",TÜİK,Adet,False,https://veriportali.tuik.gov.tr/tr/press/58340/metadata,https://veriportali.tuik.gov.tr/api/tr/data/downloads?t=r&p=Tx%2BUV5ww2S8iPzwI4xKmQKs3RbhkxL81ShNqW2mGzivuH19EVMn0EMxu17tEpwkXncpM%2Fudg6Yvdte6so1xeF9oG%2FK0bhQe3LZ312%2BIEIvN9rfUwaddI1CD7oVQzK4Z5aCQLPAHgMCPBsq4dhp3biQ%3D%3D,https://dosya.tuik.gov.tr/FileLink/MQljC-832ca711-8da8-4ac5-bff3-ec412e6a0b44/02.0040.RP.2025.00_TR,4fae6e4cd566082cb80bc5b6ceb2f855e7e51f34f56f1aafc3c4064ac37b1af2,2026-09-07T17:37:59.669932+00:00,"TP.AKONUTSAT1.KTRTOPLAM | Türkiye_Konut_Toplam Satışlar | Türkiye_House_Total sales | Konut ve İş Yeri Satış İstatistikleri-Toplam Satışlar | REEL SEKTÖR İSTATİSTİKLERİ > KONUT, İŞ YERİ VE İNŞAAT İSTATİSTİKLERİ (TÜİK) | TÜİK | Adet",False,2020-01-01,2026-06-30,5,sum,1,78,78,0,2020-01,2026-06,2020-01,2026-06,TP_AKONUTSAT1_KTRTOPLAM,flow,sum
TP.AKONUTSAT2.KTRTOPLAM,housing_market_outcome,Ipotekli konut satisi,Türkiye_Konut_İpotekli Satışlar,Türkiye_House_Mortgaged sales,bie_akonutsat2,AYLIK,sum,KÜMÜLATİF,-1,1,10.0,1,1,1,1,1,1,bie_akonutsat2::TP.AKONUTSAT2.KTRTOPLAM,Konut ve İş Yeri Satış İstatistikleri-İpotekli Satışlar,5002,"REEL SEKTÖR İSTATİSTİKLERİ > KONUT, İŞ YERİ VE İNŞAAT İSTATİSTİKLERİ (TÜİK)",TÜİK,Adet,False,https://veriportali.tuik.gov.tr/tr/press/58340/metadata,https://veriportali.tuik.gov.tr/api/tr/data/downloads?t=r&p=Tx%2BUV5ww2S8iPzwI4xKmQKs3RbhkxL81ShNqW2mGzivuH19EVMn0EMxu17tEpwkXncpM%2Fudg6Yvdte6so1xeF9oG%2FK0bhQe3LZ312%2BIEIvN9rfUwaddI1CD7oVQzK4Z5aCQLPAHgMCPBsq4dhp3biQ%3D%3D,https://dosya.tuik.gov.tr/FileLink/MQljC-832ca711-8da8-4ac5-bff3-ec412e6a0b44/02.0040.RP.2025.00_TR,11e7d03491d5cf80bd51d1b74cbf34f102d7ce6b022ffa9efd8560b98d427a2c,2026-09-07T17:38:08.330989+00:00,"TP.AKONUTSAT2.KTRTOPLAM | Türkiye_Konut_İpotekli Satışlar | Türkiye_House_Mortgaged sales | Konut ve İş Yeri Satış İstatistikleri-İpotekli Satışlar | REEL SEKTÖR İSTATİSTİKLERİ > KONUT, İŞ YERİ VE İNŞAAT İSTATİSTİKLERİ (TÜİK) | TÜİK | Adet",False,2020-01-01,2026-06-30,5,sum,1,78,78,0,2020-01,2026-06,2020-01,2026-06,TP_AKONUTSAT2_KTRTOPLAM,flow,sum
TP.AKONUTSAT3.KTRTOPLAM,housing_market_outcome,Ilk el konut satisi,Türkiye_Konut_İlk El Satışlar,Türkiye_House_First sales,bie_akonutsat3,AYLIK,sum,KÜMÜLATİF,-1,1,10.0,1,1,1,1,1,1,bie_akonutsat3::TP.AKONUTSAT3.KTRTOPLAM,Konut ve İş Yeri Satış İstatistikleri-İlk El Satışlar,5002,"REEL SEKTÖR İSTATİSTİKLERİ > KONUT, İŞ YERİ VE İNŞAAT İSTATİSTİKLERİ (TÜİK)",TÜİK,Adet,False,https://veriportali.tuik.gov.tr/tr/press/58340/metadata,https://veriportali.tuik.gov.tr/api/tr/data/downloads?t=r&p=Tx%2BUV5ww2S8iPzwI4xKmQKs3RbhkxL81ShNqW2mGzivuH19EVMn0EMxu17tEpwkXncpM%2Fudg6Yvdte6so1xeF9oG%2FK0bhQe3LZ312%2BIEIvN9rfUwaddI1CD7oVQzK4Z5aCQLPAHgMCPBsq4dhp3biQ%3D%3D,https://dosya.tuik.gov.tr/FileLink/MQljC-832ca711-8da8-4ac5-bff3-ec412e6a0b44/02.0040.RP.2025.00_TR,cb1efbb0e4f2656651ba7798b330fc3da1bddc7ce69538141f1947b743bb721b,2026-09-07T17:38:08.409009+00:00,"TP.AKONUTSAT3.KTRTOPLAM | Türkiye_Konut_İlk El Satışlar | Türkiye_House_First sales | Konut ve İş Yeri Satış İstatistikleri-İlk El Satışlar | REEL SEKTÖR İSTATİSTİKLERİ > KONUT, İŞ YERİ VE İNŞAAT İSTATİSTİKLERİ (TÜİK) | TÜİK | Adet",False,2020-01-01,2026-06-30,5,sum,1,78,78,0,2020-01,2026-06,2020-01,2026-06,TP_AKONUTSAT3_KTRTOPLAM,flow,sum
TP.AKONUTSAT4.KTRTOPLAM,housing_market_outcome,Ikinci el konut satisi,Türkiye_Konut_İkinci El Satışlar,Türkiye_House_Second hand sales,bie_akonutsat4,AYLIK,sum,KÜMÜLATİF,-1,1,10.0,1,1,1,1,1,1,bie_akonutsat4::TP.AKONUTSAT4.KTRTOPLAM,Konut ve İş Yeri Satış İstatistikleri-İkinci El Satışlar,5002,"REEL SEKTÖR İSTATİSTİKLERİ > KONUT, İŞ YERİ VE İNŞAAT İSTATİSTİKLERİ (TÜİK)",TÜİK,Adet,False,https://veriportali.tuik.gov.tr/tr/press/58340/metadata,https://veriportali.tuik.gov.tr/api/tr/data/downloads?t=r&p=Tx%2BUV5ww2S8iPzwI4xKmQKs3RbhkxL81ShNqW2mGzivuH19EVMn0EMxu17tEpwkXncpM%2Fudg6Yvdte6so1xeF9oG%2FK0bhQe3LZ312%2BIEIvN9rfUwaddI1CD7oVQzK4Z5aCQLPAHgMCPBsq4dhp3biQ%3D%3D,https://dosya.tuik.gov.tr/FileLink/MQljC-832ca711-8da8-4ac5-bff3-ec412e6a0b44/02.0040.RP.2025.00_TR,5a466771f508ea24a8857a5d43b1ca2599eca56f7e14fc72ca4d04b1dc5a76dd,2026-09-07T17:38:18.360544+00:00,"TP.AKONUTSAT4.KTRTOPLAM | Türkiye_Konut_İkinci El Satışlar | Türkiye_House_Second hand sales | Konut ve İş Yeri Satış İstatistikleri-İkinci El Satışlar | REEL SEKTÖR İSTATİSTİKLERİ > KONUT, İŞ YERİ VE İNŞAAT İSTATİSTİKLERİ (TÜİK) | TÜİK | Adet",False,2020-01-01,2026-06-30,5,sum,1,78,78,0,2020-01,2026-06,2020-01,2026-06,TP_AKONUTSAT4_KTRTOPLAM,flow,sum
TP.APIFON4,monetary_conditions,TCMB agirlikli ortalama fonlama maliyeti,TCMB Ağırlıklı Ortalama Fonlama Maliyeti,Weighted Average Cost of the CBRT Funding,bie_apifon,İŞ GÜNÜ,last,BİTİŞ,-1,1,120.0,0,1,1,1,1,1,bie_apifon::TP.APIFON4,TCMB Net Fonlaması ve TCMB Ağırlıklı Ortalama Fonlama Maliyeti,3002,MERKEZ BANKASI BİLANÇO VE PİYASA VERİLERİ > PİYASA VERİLERİ,TCMB,milyon TL ve yüzde,False,,,,b33fdd4c03cefb4840bdff8b27c9f79f3035ea70dae66f3a8ecd21a45e0a83b9,2026-09-07T17:38:34.474547+00:00,TP.APIFON4 | TCMB Ağırlıklı Ortalama Fonlama Maliyeti | Weighted Average Cost of the CBRT Funding | TCMB Net Fonlaması ve TCMB Ağırlıklı Ortalama Fonlama Maliyeti | MERKEZ BANKASI BİLANÇO VE PİYASA VERİLERİ > PİYASA VERİLERİ | TCMB | milyon TL ve yüzde,False,2020-01-01,2026-06-30,2,last,7,1695,1628,67,2020-01-01,2026-06-30,2020-01-02,2026-06-30,TP_APIFON4,rate,mean
TP.BIRIMFIYAT.TR,housing_price_level,Turkiye konut birim fiyati,Türkiye Konut Birim Fiyatları,Housing Unit Prices for Türkiye,bie_birimfiyat,ÜÇ AYLIK,avg,ORTALAMA,-1,1,10.0,0,1,1,1,1,1,bie_birimfiyat::TP.BIRIMFIYAT.TR,Konut Birim Fiyatları,2003,FİYAT ENDEKSLERİ > KONUT FİYAT ENDEKSİ (TCMB),TCMB,TL/m2,False,https://www.tcmb.gov.tr/wps/wcm/connect/TR/TCMB+TR/Main+Menu/Istatistikler/Reel+Sektor+Istatistikleri/Konut+Fiyat+Endeksi/Metaveri,,https://www.tcmb.gov.tr/wps/wcm/connect/TR/TCMB+TR/Main+Menu/Istatistikler/Reel+Sektor+Istatistikleri/Konut+Fiyat+Endeksi/Uygulama+Degisiklikleri,cd563478d39aae2a94fd937fe1eb41ff3a635f2f0eeb7e0134133ca6f3a0f0b9,2026-09-07T17:38:51.430968+00:00,TP.BIRIMFIYAT.TR | Türkiye Konut Birim Fiyatları | Housing Unit Prices for Türkiye | Konut Birim Fiyatları | FİYAT ENDEKSLERİ > KONUT FİYAT ENDEKSİ (TCMB) | TCMB | TL/m2,False,2020-01-01,2026-06-30,6,avg,1,26,26,0,2020-Q1,2026-Q2,2020-Q1,2026-Q2,TP_BIRIMFIYAT_TR,period_end_level,last
TP.BKEA.S056,credit_supply,Konut kredisi standartlarindaki degisim,"8.1. (Konut Alım Kredileri)_ Geçen üç ayda, bireysel kredi taleplerinin onaylanmasında uygulanan Bankanız kredi standartları ne yönde değişti?","8.1. (Housing Loans)_ Over the past three months, how have your bank.s credit standards applied to the approval of loans to households changed?",bie_bkea,ÜÇ AYLIK,last,BİTİŞ,-1,1,560.0,0,0,1,1,1,1,bie_bkea::TP.BKEA.S056,Banka Kredileri Eğilim Anketi,1001,BEKLENTİ VE EĞİLİM ANKETLERİ > BANKA KREDİLERİ EĞİLİM ANKETİ (TCMB),TCMB,Net yüzde değişim,False,http://www.tcmb.gov.tr/wps/wcm/connect/TR/TCMB+TR/Main+Menu/Istatistikler/Egilim+Anketleri/Banka+Kredileri+Egilim+Anketi/Metaveri,,http://www.tcmb.gov.tr/wps/wcm/connect/TR/TCMB+TR/Main+Menu/Istatistikler/Egilim+Anketleri/Banka+Kredileri+Egilim+Anketi/Uygulama+Degisiklikleri,63f6b69a25dd3bd41c07e23f1c4ef374f4a3c88311b0d8f6bc43af763037fa45,2026-09-07T17:39:35.110797+00:00,"TP.BKEA.S056 | 8.1. (Konut Alım Kredileri)_ Geçen üç ayda, bireysel kredi taleplerinin onaylanmasında uygulanan Bankanız kredi standartları ne yönde değişti? | 8.1. (Housing Loans)_ Over the past three months, how have your bank.s credit standards applied to the approval of loans to households changed? | Banka Kredileri Eğilim Anketi | BEKLENTİ VE EĞİLİM ANKETLERİ > BANKA KREDİLERİ EĞİLİM ANKETİ (TCMB) | TCMB | Net yüzde değişim",False,2020-01-01,2026-06-30,6,last,1,26,26,0,2020-Q1,2026-Q2,2020-Q1,2026-Q2,TP_BKEA_S056,quarterly_survey,last
TP.BKEA.S059,credit_supply_driver,Fon maliyeti ve bilanco kisitlarinin standartlara etkisi,"9.1. (Fon Maliyetleri ve Bilanço Kısıtlamaları)_ Geçen üç ayda, bu faktör konut kredilerine ilişkin Bankanız kredi standartlarını ne yönde etkiledi?","9.1. (Cost of Funds and Balance Sheet Constraints)_ Over the past three months, how has this factor affected your bank.s credit standards applied to the loans for house purchase?",bie_bkea,ÜÇ AYLIK,last,BİTİŞ,-1,1,590.0,0,0,1,1,1,1,bie_bkea::TP.BKEA.S059,Banka Kredileri Eğilim Anketi,1001,BEKLENTİ VE EĞİLİM ANKETLERİ > BANKA KREDİLERİ EĞİLİM ANKETİ (TCMB),TCMB,Net yüzde değişim,False,http://www.tcmb.gov.tr/wps/wcm/connect/TR/TCMB+TR/Main+Menu/Istatistikler/Egilim+Anketleri/Banka+Kredileri+Egilim+Anketi/Metaveri,,http://www.tcmb.gov.tr/wps/wcm/connect/TR/TCMB+TR/Main+Menu/Istatistikler/Egilim+Anketleri/Banka+Kredileri+Egilim+Anketi/Uygulama+Degisiklikleri,63f6b69a25dd3bd41c07e23f1c4ef374f4a3c88311b0d8f6bc43af763037fa45,2026-09-07T17:39:35.110797+00:00,"TP.BKEA.S059 | 9.1. (Fon Maliyetleri ve Bilanço Kısıtlamaları)_ Geçen üç ayda, bu faktör konut kredilerine ilişkin Bankanız kredi standartlarını ne yönde etkiledi? | 9.1. (Cost of Funds and Balance Sheet Constraints)_ Over the past three months, how has this factor affected your bank.s credit standards applied to the loans for house purchase? | Banka Kredileri Eğilim Anketi | BEKLENTİ VE EĞİLİM ANKETLERİ > BANKA KREDİLERİ EĞİLİM ANKETİ (TCMB) | TCMB | Net yüzde değişim",False,2020-01-01,2026-06-30,6,last,1,26,26,0,2020-Q1,2026-Q2,2020-Q1,2026-Q2,TP_BKEA_S059,quarterly_survey,last
TP.BKEA.S060,credit_supply_driver,Diger bankalarin rekabetinin standartlara etkisi,"9.2. (Diğer Bankaların Rekabeti)_ Geçen üç ayda, bu faktör konut kredilerine ilişkin Bankanız kredi standartlarını ne yönde etkiledi?","9.2. (Competition from Other Banks)_ Over the past three months, how has this factor affected your bank.s credit standards applied to the loans for house purchase?",bie_bkea,ÜÇ AYLIK,last,BİTİŞ,-1,1,600.0,0,0,1,1,1,1,bie_bkea::TP.BKEA.S060,Banka Kredileri Eğilim Anketi,1001,BEKLENTİ VE EĞİLİM ANKETLERİ > BANKA KREDİLERİ EĞİLİM ANKETİ (TCMB),TCMB,Net yüzde değişim,False,http://www.tcmb.gov.tr/wps/wcm/connect/TR/TCMB+TR/Main+Menu/Istatistikler/Egilim+Anketleri/Banka+Kredileri+Egilim+Anketi/Metaveri,,http://www.tcmb.gov.tr/wps/wcm/connect/TR/TCMB+TR/Main+Menu/Istatistikler/Egilim+Anketleri/Banka+Kredileri+Egilim+Anketi/Uygulama+Degisiklikleri,63f6b69a25dd3bd41c07e23f1c4ef374f4a3c88311b0d8f6bc43af763037fa45,2026-09-07T17:39:35.110797+00:00,"TP.BKEA.S060 | 9.2. (Diğer Bankaların Rekabeti)_ Geçen üç ayda, bu faktör konut kredilerine ilişkin Bankanız kredi standartlarını ne yönde etkiledi? | 9.2. (Competition from Other Banks)_ Over the past three months, how has this factor affected your bank.s credit standards applied to the loans for house purchase? | Banka Kredileri Eğilim Anketi | BEKLENTİ VE EĞİLİM ANKETLERİ > BANKA KREDİLERİ EĞİLİM ANKETİ (TCMB) | TCMB | Net yüzde değişim",False,2020-01-01,2026-06-30,6,last,1,26,26,0,2020-Q1,2026-Q2,2020-Q1,2026-Q2,TP_BKEA_S060,quarterly_survey,last
TP.BKEA.S061,credit_supply_driver,Banka disi mali kesim rekabetinin standartlara etkisi,"9.3. (Banka Dışı Mali Kesimin Rekabeti)_ Geçen üç ayda, bu faktör konut kredilerine ilişkin Bankanız kredi standartlarını ne yönde etkiledi?","9.3. (Competition from Non-Banks)_ Over the past three months, how has this factor affected your bank.s credit standards applied to the loans for house purchase?",bie_bkea,ÜÇ AYLIK,last,BİTİŞ,-1,1,610.0,0,0,1,1,1,1,bie_bkea::TP.BKEA.S061,Banka Kredileri Eğilim Anketi,1001,BEKLENTİ VE EĞİLİM ANKETLERİ > BANKA KREDİLERİ EĞİLİM ANKETİ (TCMB),TCMB,Net yüzde değişim,False,http://www.tcmb.gov.tr/wps/wcm/connect/TR/TCMB+TR/Main+Menu/Istatistikler/Egilim+Anketleri/Banka+Kredileri+Egilim+Anketi/Metaveri,,http://www.tcmb.gov.tr/wps/wcm/connect/TR/TCMB+TR/Main+Menu/Istatistikler/Egilim+Anketleri/Banka+Kredileri+Egilim+Anketi/Uygulama+Degisiklikleri,63f6b69a25dd3bd41c07e23f1c4ef374f4a3c88311b0d8f6bc43af763037fa45,2026-09-07T17:39:35.110797+00:00,"TP.BKEA.S061 | 9.3. (Banka Dışı Mali Kesimin Rekabeti)_ Geçen üç ayda, bu faktör konut kredilerine ilişkin Bankanız kredi standartlarını ne yönde etkiledi? | 9.3. (Competition from Non-Banks)_ Over the past three months, how has this factor affected your bank.s credit standards applied to the loans for house purchase? | Banka Kredileri Eğilim Anketi | BEKLENTİ VE EĞİLİM ANKETLERİ > BANKA KREDİLERİ EĞİLİM ANKETİ (TCMB) | TCMB | Net yüzde değişim",False,2020-01-01,2026-06-30,6,last,1,26,26,0,2020-Q1,2026-Q2,2020-Q1,2026-Q2,TP_BKEA_S061,quarterly_survey,last
TP.BKEA.S062,credit_supply_driver,Ekonomik faaliyet beklentisinin standartlara etkisi,"9.4. (Genel Ekonomik Faaliyetlere İlişkin Beklentiler)_ Geçen üç ayda, bu faktör konut kredilerine ilişkin Bankanız kredi standartlarını ne yönde etkiledi?","9.4. (Expectations Regarding General Economic Activity)_ Over the past three months, how has this factor affected your bank.s credit standards applied to the loans for house purchase?",bie_bkea,ÜÇ AYLIK,last,BİTİŞ,-1,1,620.0,0,0,1,1,1,1,bie_bkea::TP.BKEA.S062,Banka Kredileri Eğilim Anketi,1001,BEKLENTİ VE EĞİLİM ANKETLERİ > BANKA KREDİLERİ EĞİLİM ANKETİ (TCMB),TCMB,Net yüzde değişim,False,http://www.tcmb.gov.tr/wps/wcm/connect/TR/TCMB+TR/Main+Menu/Istatistikler/Egilim+Anketleri/Banka+Kredileri+Egilim+Anketi/Metaveri,,http://www.tcmb.gov.tr/wps/wcm/connect/TR/TCMB+TR/Main+Menu/Istatistikler/Egilim+Anketleri/Banka+Kredileri+Egilim+Anketi/Uygulama+Degisiklikleri,63f6b69a25dd3bd41c07e23f1c4ef374f4a3c88311b0d8f6bc43af763037fa45,2026-09-07T17:39:35.110797+00:00,"TP.BKEA.S062 | 9.4. (Genel Ekonomik Faaliyetlere İlişkin Beklentiler)_ Geçen üç ayda, bu faktör konut kredilerine ilişkin Bankanız kredi standartlarını ne yönde etkiledi? | 9.4. (Expectations Regarding General Economic Activity)_ Over the past three months, how has this factor affected your bank.s credit standards applied to the loans for house purchase? | Banka Kredileri Eğilim Anketi | BEKLENTİ VE EĞİLİM ANKETLERİ > BANKA KREDİLERİ EĞİLİM ANKETİ (TCMB) | TCMB | Net yüzde değişim",False,2020-01-01,2026-06-30,6,last,1,26,26,0,2020-Q1,2026-Q2,2020-Q1,2026-Q2,TP_BKEA_S062,quarterly_survey,last
TP.BKEA.S063,credit_supply_driver,Emlak piyasasi beklentisinin standartlara etkisi,"9.5. (Emlak Piyasasına İlişkin Beklentiler)_ Geçen üç ayda, bu faktör konut kredilerine ilişkin Bankanız kredi standartlarını ne yönde etkiledi?","9.5. (Housing Market Prospects)_ Over the past three months, how has this factor affected your bank.s credit standards applied to the loans for house purchase?",bie_bkea,ÜÇ AYLIK,last,BİTİŞ,-1,1,630.0,0,0,1,1,1,1,bie_bkea::TP.BKEA.S063,Banka Kredileri Eğilim Anketi,1001,BEKLENTİ VE EĞİLİM ANKETLERİ > BANKA KREDİLERİ EĞİLİM ANKETİ (TCMB),TCMB,Net yüzde değişim,False,http://www.tcmb.gov.tr/wps/wcm/connect/TR/TCMB+TR/Main+Menu/Istatistikler/Egilim+Anketleri/Banka+Kredileri+Egilim+Anketi/Metaveri,,http://www.tcmb.gov.tr/wps/wcm/connect/TR/TCMB+TR/Main+Menu/Istatistikler/Egilim+Anketleri/Banka+Kredileri+Egilim+Anketi/Uygulama+Degisiklikleri,63f6b69a25dd3bd41c07e23f1c4ef374f4a3c88311b0d8f6bc43af763037fa45,2026-09-07T17:39:35.110797+00:00,"TP.BKEA.S063 | 9.5. (Emlak Piyasasına İlişkin Beklentiler)_ Geçen üç ayda, bu faktör konut kredilerine ilişkin Bankanız kredi standartlarını ne yönde etkiledi? | 9.5. (Housing Market Prospects)_ Over the past three months, how has this factor affected your bank.s credit standards applied to the loans for house purchase? | Banka Kredileri Eğilim Anketi | BEKLENTİ VE EĞİLİM ANKETLERİ > BANKA KREDİLERİ EĞİLİM ANKETİ (TCMB) | TCMB | Net yüzde değişim",False,2020-01-01,2026-06-30,6,last,1,26,26,0,2020-Q1,2026-Q2,2020-Q1,2026-Q2,TP_BKEA_S063,quarterly_survey,last
TP.BKEA.S064,credit_terms,Ortalama kredilerde kar marji,"10.1. (Bankanızın Ortalama Krediler Üzerindeki Kar Marjı)_ Geçen üç ayda, konut alım kredisi taleplerinin onaylanmasında Bankanız koşul ve kuralları ne yönde değişti?","10.1. (Margin on Average Loans)_ Over the past three months, how have your bank.s conditions and terms for approving loans for house purchase changed?",bie_bkea,ÜÇ AYLIK,last,BİTİŞ,-1,1,640.0,0,0,1,1,1,1,bie_bkea::TP.BKEA.S064,Banka Kredileri Eğilim Anketi,1001,BEKLENTİ VE EĞİLİM ANKETLERİ > BANKA KREDİLERİ EĞİLİM ANKETİ (TCMB),TCMB,Net yüzde değişim,False,http://www.tcmb.gov.tr/wps/wcm/connect/TR/TCMB+TR/Main+Menu/Istatistikler/Egilim+Anketleri/Banka+Kredileri+Egilim+Anketi/Metaveri,,http://www.tcmb.gov.tr/wps/wcm/connect/TR/TCMB+TR/Main+Menu/Istatistikler/Egilim+Anketleri/Banka+Kredileri+Egilim+Anketi/Uygulama+Degisiklikleri,63f6b69a25dd3bd41c07e23f1c4ef374f4a3c88311b0d8f6bc43af763037fa45,2026-09-07T17:39:35.110797+00:00,"TP.BKEA.S064 | 10.1. (Bankanızın Ortalama Krediler Üzerindeki Kar Marjı)_ Geçen üç ayda, konut alım kredisi taleplerinin onaylanmasında Bankanız koşul ve kuralları ne yönde değişti? | 10.1. (Margin on Average Loans)_ Over the past three months, how have your bank.s conditions and terms for approving loans for house purchase changed? | Banka Kredileri Eğilim Anketi | BEKLENTİ VE EĞİLİM ANKETLERİ > BANKA KREDİLERİ EĞİLİM ANKETİ (TCMB) | TCMB | Net yüzde değişim",False,2020-01-01,2026-06-30,6,last,1,26,26,0,2020-Q1,2026-Q2,2020-Q1,2026-Q2,TP_BKEA_S064,quarterly_survey,last
TP.BKEA.S065,credit_terms,Riskli kredilerde kar marji,"10.2. (Bankanızın Daha Riskli Krediler Üzerindeki Kar Marjı)_ Geçen üç ayda, konut alım kredisi taleplerinin onaylanmasında Bankanız koşul ve kuralları ne yönde değişti?","10.2. (Margin on Riskier Loans)_ Over the past three months, how have your bank.s conditions and terms for approving loans for house purchase changed?",bie_bkea,ÜÇ AYLIK,last,BİTİŞ,-1,1,650.0,0,0,1,1,1,1,bie_bkea::TP.BKEA.S065,Banka Kredileri Eğilim Anketi,1001,BEKLENTİ VE EĞİLİM ANKETLERİ > BANKA KREDİLERİ EĞİLİM ANKETİ (TCMB),TCMB,Net yüzde değişim,False,http://www.tcmb.gov.tr/wps/wcm/connect/TR/TCMB+TR/Main+Menu/Istatistikler/Egilim+Anketleri/Banka+Kredileri+Egilim+Anketi/Metaveri,,http://www.tcmb.gov.tr/wps/wcm/connect/TR/TCMB+TR/Main+Menu/Istatistikler/Egilim+Anketleri/Banka+Kredileri+Egilim+Anketi/Uygulama+Degisiklikleri,63f6b69a25dd3bd41c07e23f1c4ef374f4a3c88311b0d8f6bc43af763037fa45,2026-09-07T17:39:35.110797+00:00,"TP.BKEA.S065 | 10.2. (Bankanızın Daha Riskli Krediler Üzerindeki Kar Marjı)_ Geçen üç ayda, konut alım kredisi taleplerinin onaylanmasında Bankanız koşul ve kuralları ne yönde değişti? | 10.2. (Margin on Riskier Loans)_ Over the past three months, how have your bank.s conditions and terms for approving loans for house purchase changed? | Banka Kredileri Eğilim Anketi | BEKLENTİ VE EĞİLİM ANKETLERİ > BANKA KREDİLERİ EĞİLİM ANKETİ (TCMB) | TCMB | Net yüzde değişim",False,2020-01-01,2026-06-30,6,last,1,26,26,0,2020-Q1,2026-Q2,2020-Q1,2026-Q2,TP_BKEA_S065,quarterly_survey,last
TP.BKEA.S066,credit_terms,Teminat ihtiyaci,"10.3. (Teminat İhtiyacı)_ Geçen üç ayda, konut alım kredisi taleplerinin onaylanmasında Bankanız koşul ve kuralları ne yönde değişti?","10.3. (Collateral Requirements)_ Over the past three months, how have your bank.s conditions and terms for approving loans for house purchase changed?",bie_bkea,ÜÇ AYLIK,last,BİTİŞ,-1,1,660.0,0,0,1,1,1,1,bie_bkea::TP.BKEA.S066,Banka Kredileri Eğilim Anketi,1001,BEKLENTİ VE EĞİLİM ANKETLERİ > BANKA KREDİLERİ EĞİLİM ANKETİ (TCMB),TCMB,Net yüzde değişim,False,http://www.tcmb.gov.tr/wps/wcm/connect/TR/TCMB+TR/Main+Menu/Istatistikler/Egilim+Anketleri/Banka+Kredileri+Egilim+Anketi/Metaveri,,http://www.tcmb.gov.tr/wps/wcm/connect/TR/TCMB+TR/Main+Menu/Istatistikler/Egilim+Anketleri/Banka+Kredileri+Egilim+Anketi/Uygulama+Degisiklikleri,63f6b69a25dd3bd41c07e23f1c4ef374f4a3c88311b0d8f6bc43af763037fa45,2026-09-07T17:39:35.110797+00:00,"TP.BKEA.S066 | 10.3. (Teminat İhtiyacı)_ Geçen üç ayda, konut alım kredisi taleplerinin onaylanmasında Bankanız koşul ve kuralları ne yönde değişti? | 10.3. (Collateral Requirements)_ Over the past three months, how have your bank.s conditions and terms for approving loans for house purchase changed? | Banka Kredileri Eğilim Anketi | BEKLENTİ VE EĞİLİM ANKETLERİ > BANKA KREDİLERİ EĞİLİM ANKETİ (TCMB) | TCMB | Net yüzde değişim",False,2020-01-01,2026-06-30,6,last,1,26,26,0,2020-Q1,2026-Q2,2020-Q1,2026-Q2,TP_BKEA_S066,quarterly_survey,last
TP.BKEA.S067,credit_terms,Kredi teminat orani,"10.4. (Kredi/Teminat Oranı)_ Geçen üç ayda, konut alım kredisi taleplerinin onaylanmasında Bankanız koşul ve kuralları ne yönde değişti?","10.4. (Loan_to_Value Ratio)_ Over the past three months, how have your bank.s conditions and terms for approving loans for house purchase changed?",bie_bkea,ÜÇ AYLIK,last,BİTİŞ,-1,1,670.0,0,0,1,1,1,1,bie_bkea::TP.BKEA.S067,Banka Kredileri Eğilim Anketi,1001,BEKLENTİ VE EĞİLİM ANKETLERİ > BANKA KREDİLERİ EĞİLİM ANKETİ (TCMB),TCMB,Net yüzde değişim,False,http://www.tcmb.gov.tr/wps/wcm/connect/TR/TCMB+TR/Main+Menu/Istatistikler/Egilim+Anketleri/Banka+Kredileri+Egilim+Anketi/Metaveri,,http://www.tcmb.gov.tr/wps/wcm/connect/TR/TCMB+TR/Main+Menu/Istatistikler/Egilim+Anketleri/Banka+Kredileri+Egilim+Anketi/Uygulama+Degisiklikleri,63f6b69a25dd3bd41c07e23f1c4ef374f4a3c88311b0d8f6bc43af763037fa45,2026-09-07T17:39:35.110797+00:00,"TP.BKEA.S067 | 10.4. (Kredi/Teminat Oranı)_ Geçen üç ayda, konut alım kredisi taleplerinin onaylanmasında Bankanız koşul ve kuralları ne yönde değişti? | 10.4. (Loan_to_Value Ratio)_ Over the past three months, how have your bank.s conditions and terms for approving loans for house purchase changed? | Banka Kredileri Eğilim Anketi | BEKLENTİ VE EĞİLİM ANKETLERİ > BANKA KREDİLERİ EĞİLİM ANKETİ (TCMB) | TCMB | Net yüzde değişim",False,2020-01-01,2026-06-30,6,last,1,26,26,0,2020-Q1,2026-Q2,2020-Q1,2026-Q2,TP_BKEA_S067,quarterly_survey,last
TP.BKEA.S068,credit_terms,Konut kredisi vadesi,"10.5. (Vade)_ Geçen üç ayda, konut alım kredisi taleplerinin onaylanmasında Bankanız koşul ve kuralları ne yönde değişti?","10.5. (Maturity)_ Over the past three months, how have your bank.s conditions and terms for approving loans for house purchase changed?",bie_bkea,ÜÇ AYLIK,last,BİTİŞ,-1,1,680.0,0,0,1,1,1,1,bie_bkea::TP.BKEA.S068,Banka Kredileri Eğilim Anketi,1001,BEKLENTİ VE EĞİLİM ANKETLERİ > BANKA KREDİLERİ EĞİLİM ANKETİ (TCMB),TCMB,Net yüzde değişim,False,http://www.tcmb.gov.tr/wps/wcm/connect/TR/TCMB+TR/Main+Menu/Istatistikler/Egilim+Anketleri/Banka+Kredileri+Egilim+Anketi/Metaveri,,http://www.tcmb.gov.tr/wps/wcm/connect/TR/TCMB+TR/Main+Menu/Istatistikler/Egilim+Anketleri/Banka+Kredileri+Egilim+Anketi/Uygulama+Degisiklikleri,63f6b69a25dd3bd41c07e23f1c4ef374f4a3c88311b0d8f6bc43af763037fa45,2026-09-07T17:39:35.110797+00:00,"TP.BKEA.S068 | 10.5. (Vade)_ Geçen üç ayda, konut alım kredisi taleplerinin onaylanmasında Bankanız koşul ve kuralları ne yönde değişti? | 10.5. (Maturity)_ Over the past three months, how have your bank.s conditions and terms for approving loans for house purchase changed? | Banka Kredileri Eğilim Anketi | BEKLENTİ VE EĞİLİM ANKETLERİ > BANKA KREDİLERİ EĞİLİM ANKETİ (TCMB) | TCMB | Net yüzde değişim",False,2020-01-01,2026-06-30,6,last,1,26,26,0,2020-Q1,2026-Q2,2020-Q1,2026-Q2,TP_BKEA_S068,quarterly_survey,last
TP.BKEA.S069,credit_terms,Faiz disi ucretler,"10.6. (Faiz Dışında Alınan Ücretler)_ Geçen üç ayda, konut alım kredisi taleplerinin onaylanmasında Bankanız koşul ve kuralları ne yönde değişti?","10.6. (Non-Interest Rate Charges)_ Over the past three months, how have your bank.s conditions and terms for approving loans for house purchase changed?",bie_bkea,ÜÇ AYLIK,last,BİTİŞ,-1,1,690.0,0,0,1,1,1,1,bie_bkea::TP.BKEA.S069,Banka Kredileri Eğilim Anketi,1001,BEKLENTİ VE EĞİLİM ANKETLERİ > BANKA KREDİLERİ EĞİLİM ANKETİ (TCMB),TCMB,Net yüzde değişim,False,http://www.tcmb.gov.tr/wps/wcm/connect/TR/TCMB+TR/Main+Menu/Istatistikler/Egilim+Anketleri/Banka+Kredileri+Egilim+Anketi/Metaveri,,http://www.tcmb.gov.tr/wps/wcm/connect/TR/TCMB+TR/Main+Menu/Istatistikler/Egilim+Anketleri/Banka+Kredileri+Egilim+Anketi/Uygulama+Degisiklikleri,63f6b69a25dd3bd41c07e23f1c4ef374f4a3c88311b0d8f6bc43af763037fa45,2026-09-07T17:39:35.110797+00:00,"TP.BKEA.S069 | 10.6. (Faiz Dışında Alınan Ücretler)_ Geçen üç ayda, konut alım kredisi taleplerinin onaylanmasında Bankanız koşul ve kuralları ne yönde değişti? | 10.6. (Non-Interest Rate Charges)_ Over the past three months, how have your bank.s conditions and terms for approving loans for house purchase changed? | Banka Kredileri Eğilim Anketi | BEKLENTİ VE EĞİLİM ANKETLERİ > BANKA KREDİLERİ EĞİLİM ANKETİ (TCMB) | TCMB | Net yüzde değişim",False,2020-01-01,2026-06-30,6,last,1,26,26,0,2020-Q1,2026-Q2,2020-Q1,2026-Q2,TP_BKEA_S069,quarterly_survey,last
TP.BKEA.S092,credit_demand,Gerceklesen konut kredisi talebi,"15.1. (Konut Alım Kredileri)_ Geçen üç ayda, Bankanızdan bireysel kredi talebi ne yönde değişti?","15.1. (Housing Loans)_ Over the past three months, how has the demand for loans to households changed at your bank?",bie_bkea,ÜÇ AYLIK,last,BİTİŞ,-1,1,920.0,0,0,1,1,1,1,bie_bkea::TP.BKEA.S092,Banka Kredileri Eğilim Anketi,1001,BEKLENTİ VE EĞİLİM ANKETLERİ > BANKA KREDİLERİ EĞİLİM ANKETİ (TCMB),TCMB,Net yüzde değişim,False,http://www.tcmb.gov.tr/wps/wcm/connect/TR/TCMB+TR/Main+Menu/Istatistikler/Egilim+Anketleri/Banka+Kredileri+Egilim+Anketi/Metaveri,,http://www.tcmb.gov.tr/wps/wcm/connect/TR/TCMB+TR/Main+Menu/Istatistikler/Egilim+Anketleri/Banka+Kredileri+Egilim+Anketi/Uygulama+Degisiklikleri,63f6b69a25dd3bd41c07e23f1c4ef374f4a3c88311b0d8f6bc43af763037fa45,2026-09-07T17:39:35.110797+00:00,"TP.BKEA.S092 | 15.1. (Konut Alım Kredileri)_ Geçen üç ayda, Bankanızdan bireysel kredi talebi ne yönde değişti? | 15.1. (Housing Loans)_ Over the past three months, how has the demand for loans to households changed at your bank? | Banka Kredileri Eğilim Anketi | BEKLENTİ VE EĞİLİM ANKETLERİ > BANKA KREDİLERİ EĞİLİM ANKETİ (TCMB) | TCMB | Net yüzde değişim",False,2020-01-01,2026-06-30,6,last,1,26,26,0,2020-Q1,2026-Q2,2020-Q1,2026-Q2,TP_BKEA_S092,quarterly_survey,last
TP.BKEA.S095,credit_demand_driver,Konut piyasasi beklentisinin talebe etkisi,"16.1. (Konut Piyasasına İlişkin Beklentiler)_ Geçen üç ayda, bu faktör konut alım kredisi talebini ne yönde etkiledi?","16.1. (Housing Market Prospects)_ Over the past three months, how has this factor affected the demand for loans for house purchase?",bie_bkea,ÜÇ AYLIK,last,BİTİŞ,-1,1,950.0,0,0,1,1,1,1,bie_bkea::TP.BKEA.S095,Banka Kredileri Eğilim Anketi,1001,BEKLENTİ VE EĞİLİM ANKETLERİ > BANKA KREDİLERİ EĞİLİM ANKETİ (TCMB),TCMB,Net yüzde değişim,False,http://www.tcmb.gov.tr/wps/wcm/connect/TR/TCMB+TR/Main+Menu/Istatistikler/Egilim+Anketleri/Banka+Kredileri+Egilim+Anketi/Metaveri,,http://www.tcmb.gov.tr/wps/wcm/connect/TR/TCMB+TR/Main+Menu/Istatistikler/Egilim+Anketleri/Banka+Kredileri+Egilim+Anketi/Uygulama+Degisiklikleri,63f6b69a25dd3bd41c07e23f1c4ef374f4a3c88311b0d8f6bc43af763037fa45,2026-09-07T17:39:35.110797+00:00,"TP.BKEA.S095 | 16.1. (Konut Piyasasına İlişkin Beklentiler)_ Geçen üç ayda, bu faktör konut alım kredisi talebini ne yönde etkiledi? | 16.1. (Housing Market Prospects)_ Over the past three months, how has this factor affected the demand for loans for house purchase? | Banka Kredileri Eğilim Anketi | BEKLENTİ VE EĞİLİM ANKETLERİ > BANKA KREDİLERİ EĞİLİM ANKETİ (TCMB) | TCMB | Net yüzde değişim",False,2020-01-01,2026-06-30,6,last,1,26,26,0,2020-Q1,2026-Q2,2020-Q1,2026-Q2,TP_BKEA_S095,quarterly_survey,last
TP.BKEA.S096,credit_demand_driver,Tuketici guveninin talebe etkisi,"16.2. (Tüketici Güveni)_ Geçen üç ayda, bu faktör konut alım kredisi talebini ne yönde etkiledi?","16.2. (Consumer Confidence)_ Over the past three months, how has this factor affected the demand for loans for house purchase?",bie_bkea,ÜÇ AYLIK,last,BİTİŞ,-1,1,960.0,0,0,1,1,1,1,bie_bkea::TP.BKEA.S096,Banka Kredileri Eğilim Anketi,1001,BEKLENTİ VE EĞİLİM ANKETLERİ > BANKA KREDİLERİ EĞİLİM ANKETİ (TCMB),TCMB,Net yüzde değişim,False,http://www.tcmb.gov.tr/wps/wcm/connect/TR/TCMB+TR/Main+Menu/Istatistikler/Egilim+Anketleri/Banka+Kredileri+Egilim+Anketi/Metaveri,,http://www.tcmb.gov.tr/wps/wcm/connect/TR/TCMB+TR/Main+Menu/Istatistikler/Egilim+Anketleri/Banka+Kredileri+Egilim+Anketi/Uygulama+Degisiklikleri,63f6b69a25dd3bd41c07e23f1c4ef374f4a3c88311b0d8f6bc43af763037fa45,2026-09-07T17:39:35.110797+00:00,"TP.BKEA.S096 | 16.2. (Tüketici Güveni)_ Geçen üç ayda, bu faktör konut alım kredisi talebini ne yönde etkiledi? | 16.2. (Consumer Confidence)_ Over the past three months, how has this factor affected the demand for loans for house purchase? | Banka Kredileri Eğilim Anketi | BEKLENTİ VE EĞİLİM ANKETLERİ > BANKA KREDİLERİ EĞİLİM ANKETİ (TCMB) | TCMB | Net yüzde değişim",False,2020-01-01,2026-06-30,6,last,1,26,26,0,2020-Q1,2026-Q2,2020-Q1,2026-Q2,TP_BKEA_S096,quarterly_survey,last
TP.BKEA.S097,credit_demand_driver,Konut disi tuketim harcamalarinin talebe etkisi,"16.3. (Konut Alımı Dışındaki Tüketim Harcamaları)_ Geçen üç ayda, bu faktör konut alım kredisi talebini ne yönde etkiledi?","16.3. (Non-Housing Related Consumption Expenditure)_ Over the past three months, how has this factor affected the demand for loans for house purchase?",bie_bkea,ÜÇ AYLIK,last,BİTİŞ,-1,1,970.0,0,0,1,1,1,1,bie_bkea::TP.BKEA.S097,Banka Kredileri Eğilim Anketi,1001,BEKLENTİ VE EĞİLİM ANKETLERİ > BANKA KREDİLERİ EĞİLİM ANKETİ (TCMB),TCMB,Net yüzde değişim,False,http://www.tcmb.gov.tr/wps/wcm/connect/TR/TCMB+TR/Main+Menu/Istatistikler/Egilim+Anketleri/Banka+Kredileri+Egilim+Anketi/Metaveri,,http://www.tcmb.gov.tr/wps/wcm/connect/TR/TCMB+TR/Main+Menu/Istatistikler/Egilim+Anketleri/Banka+Kredileri+Egilim+Anketi/Uygulama+Degisiklikleri,63f6b69a25dd3bd41c07e23f1c4ef374f4a3c88311b0d8f6bc43af763037fa45,2026-09-07T17:39:35.110797+00:00,"TP.BKEA.S097 | 16.3. (Konut Alımı Dışındaki Tüketim Harcamaları)_ Geçen üç ayda, bu faktör konut alım kredisi talebini ne yönde etkiledi? | 16.3. (Non-Housing Related Consumption Expenditure)_ Over the past three months, how has this factor affected the demand for loans for house purchase? | Banka Kredileri Eğilim Anketi | BEKLENTİ VE EĞİLİM ANKETLERİ > BANKA KREDİLERİ EĞİLİM ANKETİ (TCMB) | TCMB | Net yüzde değişim",False,2020-01-01,2026-06-30,6,last,1,26,26,0,2020-Q1,2026-Q2,2020-Q1,2026-Q2,TP_BKEA_S097,quarterly_survey,last
TP.BKEA.S098,credit_demand_driver,Vergi ve fonlarin talebe etkisi,"16.4. (Vergi ve Fonlar)_ Geçen üç ayda, bu faktör konut alım kredisi talebini ne yönde etkiledi?","16.4. (Taxes and Funds)_ Over the past three months, how has this factor affected the demand for loans for house purchase?",bie_bkea,ÜÇ AYLIK,last,BİTİŞ,-1,1,980.0,0,0,1,1,1,1,bie_bkea::TP.BKEA.S098,Banka Kredileri Eğilim Anketi,1001,BEKLENTİ VE EĞİLİM ANKETLERİ > BANKA KREDİLERİ EĞİLİM ANKETİ (TCMB),TCMB,Net yüzde değişim,False,http://www.tcmb.gov.tr/wps/wcm/connect/TR/TCMB+TR/Main+Menu/Istatistikler/Egilim+Anketleri/Banka+Kredileri+Egilim+Anketi/Metaveri,,http://www.tcmb.gov.tr/wps/wcm/connect/TR/TCMB+TR/Main+Menu/Istatistikler/Egilim+Anketleri/Banka+Kredileri+Egilim+Anketi/Uygulama+Degisiklikleri,63f6b69a25dd3bd41c07e23f1c4ef374f4a3c88311b0d8f6bc43af763037fa45,2026-09-07T17:39:35.110797+00:00,"TP.BKEA.S098 | 16.4. (Vergi ve Fonlar)_ Geçen üç ayda, bu faktör konut alım kredisi talebini ne yönde etkiledi? | 16.4. (Taxes and Funds)_ Over the past three months, how has this factor affected the demand for loans for house purchase? | Banka Kredileri Eğilim Anketi | BEKLENTİ VE EĞİLİM ANKETLERİ > BANKA KREDİLERİ EĞİLİM ANKETİ (TCMB) | TCMB | Net yüzde değişim",False,2020-01-01,2026-06-30,6,last,1,26,26,0,2020-Q1,2026-Q2,2020-Q1,2026-Q2,TP_BKEA_S098,quarterly_survey,last
TP.BKEA.S099,credit_demand_driver,Bireysel tasarruflarin talebe etkisi,"16.5. (Bireysel Tasarruflar)_ Geçen üç ayda, bu faktör konut alım kredisi talebini ne yönde etkiledi?","16.5. (Household Savings)_ Over the past three months, how has this factor affected the demand for loans for house purchase?",bie_bkea,ÜÇ AYLIK,last,BİTİŞ,-1,1,990.0,0,0,1,1,1,1,bie_bkea::TP.BKEA.S099,Banka Kredileri Eğilim Anketi,1001,BEKLENTİ VE EĞİLİM ANKETLERİ > BANKA KREDİLERİ EĞİLİM ANKETİ (TCMB),TCMB,Net yüzde değişim,False,http://www.tcmb.gov.tr/wps/wcm/connect/TR/TCMB+TR/Main+Menu/Istatistikler/Egilim+Anketleri/Banka+Kredileri+Egilim+Anketi/Metaveri,,http://www.tcmb.gov.tr/wps/wcm/connect/TR/TCMB+TR/Main+Menu/Istatistikler/Egilim+Anketleri/Banka+Kredileri+Egilim+Anketi/Uygulama+Degisiklikleri,63f6b69a25dd3bd41c07e23f1c4ef374f4a3c88311b0d8f6bc43af763037fa45,2026-09-07T17:39:35.110797+00:00,"TP.BKEA.S099 | 16.5. (Bireysel Tasarruflar)_ Geçen üç ayda, bu faktör konut alım kredisi talebini ne yönde etkiledi? | 16.5. (Household Savings)_ Over the past three months, how has this factor affected the demand for loans for house purchase? | Banka Kredileri Eğilim Anketi | BEKLENTİ VE EĞİLİM ANKETLERİ > BANKA KREDİLERİ EĞİLİM ANKETİ (TCMB) | TCMB | Net yüzde değişim",False,2020-01-01,2026-06-30,6,last,1,26,26,0,2020-Q1,2026-Q2,2020-Q1,2026-Q2,TP_BKEA_S099,quarterly_survey,last
TP.BKEA.S100,credit_demand_driver,Diger bankalardan kredilerin talebe etkisi,"16.6. (Diğer Bankalardan Sağlanan Krediler)_ Geçen üç ayda, bu faktör konut alım kredisi talebini ne yönde etkiledi?","16.6. (Loans from Other Banks)_ Over the past three months, how has this factor affected the demand for loans for house purchase?",bie_bkea,ÜÇ AYLIK,last,BİTİŞ,-1,1,1000.0,0,0,1,1,1,1,bie_bkea::TP.BKEA.S100,Banka Kredileri Eğilim Anketi,1001,BEKLENTİ VE EĞİLİM ANKETLERİ > BANKA KREDİLERİ EĞİLİM ANKETİ (TCMB),TCMB,Net yüzde değişim,False,http://www.tcmb.gov.tr/wps/wcm/connect/TR/TCMB+TR/Main+Menu/Istatistikler/Egilim+Anketleri/Banka+Kredileri+Egilim+Anketi/Metaveri,,http://www.tcmb.gov.tr/wps/wcm/connect/TR/TCMB+TR/Main+Menu/Istatistikler/Egilim+Anketleri/Banka+Kredileri+Egilim+Anketi/Uygulama+Degisiklikleri,63f6b69a25dd3bd41c07e23f1c4ef374f4a3c88311b0d8f6bc43af763037fa45,2026-09-07T17:39:35.110797+00:00,"TP.BKEA.S100 | 16.6. (Diğer Bankalardan Sağlanan Krediler)_ Geçen üç ayda, bu faktör konut alım kredisi talebini ne yönde etkiledi? | 16.6. (Loans from Other Banks)_ Over the past three months, how has this factor affected the demand for loans for house purchase? | Banka Kredileri Eğilim Anketi | BEKLENTİ VE EĞİLİM ANKETLERİ > BANKA KREDİLERİ EĞİLİM ANKETİ (TCMB) | TCMB | Net yüzde değişim",False,2020-01-01,2026-06-30,6,last,1,26,26,0,2020-Q1,2026-Q2,2020-Q1,2026-Q2,TP_BKEA_S100,quarterly_survey,last
TP.BKEA.S101,credit_demand_driver,Diger finansman kaynaklarinin talebe etkisi,"16.7. (Diğer Finansman Kaynakları)_ Geçen üç ayda, bu faktör konut alım kredisi talebini ne yönde etkiledi?","16.7. (Other Sources of Finance)_ Over the past three months, how has this factor affected the demand for loans for house purchase?",bie_bkea,ÜÇ AYLIK,last,BİTİŞ,-1,1,1010.0,0,0,1,1,1,1,bie_bkea::TP.BKEA.S101,Banka Kredileri Eğilim Anketi,1001,BEKLENTİ VE EĞİLİM ANKETLERİ > BANKA KREDİLERİ EĞİLİM ANKETİ (TCMB),TCMB,Net yüzde değişim,False,http://www.tcmb.gov.tr/wps/wcm/connect/TR/TCMB+TR/Main+Menu/Istatistikler/Egilim+Anketleri/Banka+Kredileri+Egilim+Anketi/Metaveri,,http://www.tcmb.gov.tr/wps/wcm/connect/TR/TCMB+TR/Main+Menu/Istatistikler/Egilim+Anketleri/Banka+Kredileri+Egilim+Anketi/Uygulama+Degisiklikleri,63f6b69a25dd3bd41c07e23f1c4ef374f4a3c88311b0d8f6bc43af763037fa45,2026-09-07T17:39:35.110797+00:00,"TP.BKEA.S101 | 16.7. (Diğer Finansman Kaynakları)_ Geçen üç ayda, bu faktör konut alım kredisi talebini ne yönde etkiledi? | 16.7. (Other Sources of Finance)_ Over the past three months, how has this factor affected the demand for loans for house purchase? | Banka Kredileri Eğilim Anketi | BEKLENTİ VE EĞİLİM ANKETLERİ > BANKA KREDİLERİ EĞİLİM ANKETİ (TCMB) | TCMB | Net yüzde değişim",False,2020-01-01,2026-06-30,6,last,1,26,26,0,2020-Q1,2026-Q2,2020-Q1,2026-Q2,TP_BKEA_S101,quarterly_survey,last
TP.BKEA.S102,credit_demand_driver,Krediler uzerindeki vergi ve yuklerin talebe etkisi,"16.8. (Krediler Üzerindeki Vergi ve Benzeri Yükler)_ Geçen üç ayda, bu faktör konut alım kredisi talebini ne yönde etkiledi?","16.8. (Tax and Similar Burdens on Loans)_ Over the past three months, how has this factor affected the demand for loans for house purchase?",bie_bkea,ÜÇ AYLIK,last,BİTİŞ,-1,1,1020.0,0,0,1,1,1,1,bie_bkea::TP.BKEA.S102,Banka Kredileri Eğilim Anketi,1001,BEKLENTİ VE EĞİLİM ANKETLERİ > BANKA KREDİLERİ EĞİLİM ANKETİ (TCMB),TCMB,Net yüzde değişim,False,http://www.tcmb.gov.tr/wps/wcm/connect/TR/TCMB+TR/Main+Menu/Istatistikler/Egilim+Anketleri/Banka+Kredileri+Egilim+Anketi/Metaveri,,http://www.tcmb.gov.tr/wps/wcm/connect/TR/TCMB+TR/Main+Menu/Istatistikler/Egilim+Anketleri/Banka+Kredileri+Egilim+Anketi/Uygulama+Degisiklikleri,63f6b69a25dd3bd41c07e23f1c4ef374f4a3c88311b0d8f6bc43af763037fa45,2026-09-07T17:39:35.110797+00:00,"TP.BKEA.S102 | 16.8. (Krediler Üzerindeki Vergi ve Benzeri Yükler)_ Geçen üç ayda, bu faktör konut alım kredisi talebini ne yönde etkiledi? | 16.8. (Tax and Similar Burdens on Loans)_ Over the past three months, how has this factor affected the demand for loans for house purchase? | Banka Kredileri Eğilim Anketi | BEKLENTİ VE EĞİLİM ANKETLERİ > BANKA KREDİLERİ EĞİLİM ANKETİ (TCMB) | TCMB | Net yüzde değişim",False,2020-01-01,2026-06-30,6,last,1,26,26,0,2020-Q1,2026-Q2,2020-Q1,2026-Q2,TP_BKEA_S102,quarterly_survey,last
TP.BKEA.S117,credit_supply_expectation,Gelecek uc ay konut kredisi standartlari beklentisi,"19.1. (Konut Alım Kredileri)_ Gelecek üç ayda, bireysel kredilerin onaylanmasında uygulanan Bankanız kredi standartlarının ne yönde değişeceğini bekliyorsunuz?",19.1. (Housing Loans)_ how you expect your bank.s credit standards applied to the approval of loans to households to change over the next three months?,bie_bkea,ÜÇ AYLIK,last,BİTİŞ,-1,1,1170.0,0,0,1,1,1,1,bie_bkea::TP.BKEA.S117,Banka Kredileri Eğilim Anketi,1001,BEKLENTİ VE EĞİLİM ANKETLERİ > BANKA KREDİLERİ EĞİLİM ANKETİ (TCMB),TCMB,Net yüzde değişim,False,http://www.tcmb.gov.tr/wps/wcm/connect/TR/TCMB+TR/Main+Menu/Istatistikler/Egilim+Anketleri/Banka+Kredileri+Egilim+Anketi/Metaveri,,http://www.tcmb.gov.tr/wps/wcm/connect/TR/TCMB+TR/Main+Menu/Istatistikler/Egilim+Anketleri/Banka+Kredileri+Egilim+Anketi/Uygulama+Degisiklikleri,63f6b69a25dd3bd41c07e23f1c4ef374f4a3c88311b0d8f6bc43af763037fa45,2026-09-07T17:39:35.110797+00:00,"TP.BKEA.S117 | 19.1. (Konut Alım Kredileri)_ Gelecek üç ayda, bireysel kredilerin onaylanmasında uygulanan Bankanız kredi standartlarının ne yönde değişeceğini bekliyorsunuz? | 19.1. (Housing Loans)_ how you expect your bank.s credit standards applied to the approval of loans to households to change over the next three months? | Banka Kredileri Eğilim Anketi | BEKLENTİ VE EĞİLİM ANKETLERİ > BANKA KREDİLERİ EĞİLİM ANKETİ (TCMB) | TCMB | Net yüzde değişim",False,2020-01-01,2026-06-30,6,last,1,26,26,0,2020-Q1,2026-Q2,2020-Q1,2026-Q2,TP_BKEA_S117,quarterly_survey,last
TP.BKEA.S120,credit_demand_expectation,Gelecek uc ay konut kredisi talebi beklentisi,"20.1. (Konut Alım Kredileri)_ Gelecek üç ayda, Bankanızdan bireysel kredi talebinin ne yönde değişeceğini bekliyorsunuz?",20.1. (Housing Loans)_ how you expect demand for loans to households to change over the next three months ?,bie_bkea,ÜÇ AYLIK,last,BİTİŞ,-1,1,1200.0,0,0,1,1,1,1,bie_bkea::TP.BKEA.S120,Banka Kredileri Eğilim Anketi,1001,BEKLENTİ VE EĞİLİM ANKETLERİ > BANKA KREDİLERİ EĞİLİM ANKETİ (TCMB),TCMB,Net yüzde değişim,False,http://www.tcmb.gov.tr/wps/wcm/connect/TR/TCMB+TR/Main+Menu/Istatistikler/Egilim+Anketleri/Banka+Kredileri+Egilim+Anketi/Metaveri,,http://www.tcmb.gov.tr/wps/wcm/connect/TR/TCMB+TR/Main+Menu/Istatistikler/Egilim+Anketleri/Banka+Kredileri+Egilim+Anketi/Uygulama+Degisiklikleri,63f6b69a25dd3bd41c07e23f1c4ef374f4a3c88311b0d8f6bc43af763037fa45,2026-09-07T17:39:35.110797+00:00,"TP.BKEA.S120 | 20.1. (Konut Alım Kredileri)_ Gelecek üç ayda, Bankanızdan bireysel kredi talebinin ne yönde değişeceğini bekliyorsunuz? | 20.1. (Housing Loans)_ how you expect demand for loans to households to change over the next three months ? | Banka Kredileri Eğilim Anketi | BEKLENTİ VE EĞİLİM ANKETLERİ > BANKA KREDİLERİ EĞİLİM ANKETİ (TCMB) | TCMB | Net yüzde değişim",False,2020-01-01,2026-06-30,6,last,1,26,26,0,2020-Q1,2026-Q2,2020-Q1,2026-Q2,TP_BKEA_S120,quarterly_survey,last
TP.BKR.TRY.18,credit_price,TL konut kredisi stok faizi,"Konut Kredisi (TL, Stok, %)","Housing Loans (TRY) (Stock, %)",bie_kt210a,AYLIK,avg,ORTALAMA,-1,1,40.0,0,1,1,1,1,1,bie_kt210a::TP.BKR.TRY.18,Kredi Faiz Oranları (Stok),450502,PARASAL VE FİNANSAL İSTATİSTİKLER > FAİZ VE KÂR PAYI İSTATİSTİKLERİ (TCMB) > FAİZ VE KÂR PAYI İSTATİSTİKLERİ (STOK),"Mevduat, Kalkınma ve Yatırım Bankaları",Ağırlıklı ortalama,False,https://www.tcmb.gov.tr/wps/wcm/connect/TR/TCMB+TR/Main+Menu/Istatistikler/Faiz+Istatistikleri/Stok/Kredi+Faiz+Oranlari+Aylik/,https://www.tcmb.gov.tr/wps/wcm/connect/TR/TCMB+TR/Main+Menu/Istatistikler/Faiz+Istatistikleri/Stok/Kredi+Faiz+Oranlari+Aylik/,https://www.tcmb.gov.tr/wps/wcm/connect/TR/TCMB+TR/Main+Menu/Istatistikler/Faiz+Istatistikleri/Stok/Kredi+Faiz+Oranlari+Aylik/,5648d55d5409dfa44227f274d30d6d44466bad9b1057cdfcf8e86827ddf4ebeb,2026-09-07T20:47:24.507223+00:00,"TP.BKR.TRY.18 | Konut Kredisi (TL, Stok, %) | Housing Loans (TRY) (Stock, %) | Kredi Faiz Oranları (Stok) | PARASAL VE FİNANSAL İSTATİSTİKLER > FAİZ VE KÂR PAYI İSTATİSTİKLERİ (TCMB) > FAİZ VE KÂR PAYI İSTATİSTİKLERİ (STOK) | Mevduat, Kalkınma ve Yatırım Bankaları | Ağırlıklı ortalama",False,2020-01-01,2026-06-30,5,avg,1,78,78,0,2020-01,2026-06,2020-01,2026-06,TP_BKR_TRY_18,rate,mean
TP.DK.USD.A.YTL,macro_control,USD TL doviz alis kuru,(USD)  ABD  Doları  (Döviz  Alış),(USD)  US  Dollar  (Buying),bie_dkdovytl,GÜNLÜK,avg,ORTALAMA,-1,1,10.0,0,1,1,1,1,1,bie_dkdovytl::TP.DK.USD.A.YTL,Döviz Kurları,2501,DÖVİZ KURLARI VE KIYMETLİ MADENLER > TCMB DÖVİZ KURLARI,TCMB,Türk lirası,False,https://www.tcmb.gov.tr/wps/wcm/connect/TR/TCMB+TR/Main+Menu/Temel+Faaliyetler/Doviz+Efektif/,,,bea4d6ed2d12509c76858f6fa6cbc3810f0245713a8e0240417b14a1fd89b8d5,2026-09-07T17:41:17.995326+00:00,TP.DK.USD.A.YTL | (USD)  ABD  Doları  (Döviz  Alış) | (USD)  US  Dollar  (Buying) | Döviz Kurları | DÖVİZ KURLARI VE KIYMETLİ MADENLER > TCMB DÖVİZ KURLARI | TCMB | Türk lirası,False,2020-01-01,2026-06-30,1,avg,7,2373,1628,745,2020-01-01,2026-06-30,2020-01-02,2026-06-30,TP_DK_USD_A_YTL,level,mean
TP.GY1.N2.MA,activity_expectation,Mevsimsellikten arindirilmis reel kesim guven endeksi,1.Reel Kesim Güven Endeksi-MA,1. Real Sector Confidence Index-SA,bie_rkgema,AYLIK,avg,ORTALAMA,-1,1,10.0,0,1,1,1,1,1,bie_rkgema::TP.GY1.N2.MA,Reel Kesim Güven Endeksi Mevsimsellikten Arındırılmış,100301,BEKLENTİ VE EĞİLİM ANKETLERİ > İKTİSADİ YÖNELİM ANKETİ VE REEL KESİM GÜVEN ENDEKSİ (TCMB) > REEL KESİM GÜVEN ENDEKSİ (TCMB),TCMB,,False,https://www.tcmb.gov.tr/wps/wcm/connect/422e34cc-7d1e-4e78-aa36-ad77985c5140/%C4%B0YA_Metaveri.pdf?MOD=AJPERES&CACHEID=ROOTWORKSPACE-422e34cc-7d1e-4e78-aa36-ad77985c5140-ohBWJPg,https://www.tcmb.gov.tr/wps/wcm/connect/f129645a-6442-44ef-868a-53ad622efab8/IYA_Revizyon%2BPolitikas%C4%B1.pdf?MOD=AJPERES&CACHEID=ROOTWORKSPACE-f129645a-6442-44ef-868a-53ad622efab8-ooWycuy,https://www.tcmb.gov.tr/wps/wcm/connect/7051bb7c-1a64-41c1-915c-1e04b37b7f0a/IYA-Uygulama+De%C4%9Fi%C5%9Fiklikleri.pdf?MOD=AJPERES&CACHEID=ROOTWORKSPACE-7051bb7c-1a64-41c1-915c-1e04b37b7f0a-nRgLF3P,2bf47e5f8d338df432903c9dfb64aa0c8add5493ac915d7b584adbe39d6679df,2026-09-07T20:47:38.632667+00:00,TP.GY1.N2.MA | 1.Reel Kesim Güven Endeksi-MA | 1. Real Sector Confidence Index-SA | Reel Kesim Güven Endeksi Mevsimsellikten Arındırılmış | BEKLENTİ VE EĞİLİM ANKETLERİ > İKTİSADİ YÖNELİM ANKETİ VE REEL KESİM GÜVEN ENDEKSİ (TCMB) > REEL KESİM GÜVEN ENDEKSİ (TCMB) | TCMB,False,2020-01-01,2026-06-30,5,avg,1,78,78,0,2020-01,2026-06,2020-01,2026-06,TP_GY1_N2_MA,survey_index,mean
TP.HANEBEK.HAN18A,housing_price_expectation,Hanehalkinin 12 ay sonrasi konut fiyati beklentisi,SORU_18. Gelecek 12 ay sonunda konut fiyatlarının yıllık yüzde kaç artacağını/azalacağını bekliyorsunuz? (ORTALAMA),Q18. What do you expect the annual percentage change (increase/decrease) in housing prices to be at the end of the next 12 months? (AVERAGE),bie_hanebek,AYLIK,avg,ORTALAMA,-1,1,220.0,0,1,1,1,1,1,bie_hanebek::TP.HANEBEK.HAN18A,Hanehalkı Beklenti İstatistikleri,1007,BEKLENTİ VE EĞİLİM ANKETLERİ > HANEHALKI BEKLENTİ ANKETİ (TCMB),"TCMB, TÜİK","Yüzde, TL",False,https://www.tcmb.gov.tr/wps/wcm/connect/TR/TCMB+TR/Main+Menu/Istatistikler/Egilim+Anketleri/Hanehalki+Beklenti+Anketi/Metaveri,,,45eef0006370aef7637870f3cf7a67f2bc3c0b0ea44bfa5b25bb2fdea9589599,2026-09-07T20:47:09.681481+00:00,"TP.HANEBEK.HAN18A | SORU_18. Gelecek 12 ay sonunda konut fiyatlarının yıllık yüzde kaç artacağını/azalacağını bekliyorsunuz? (ORTALAMA) | Q18. What do you expect the annual percentage change (increase/decrease) in housing prices to be at the end of the next 12 months? (AVERAGE) | Hanehalkı Beklenti İstatistikleri | BEKLENTİ VE EĞİLİM ANKETLERİ > HANEHALKI BEKLENTİ ANKETİ (TCMB) | TCMB, TÜİK | Yüzde, TL",False,2020-01-01,2026-06-30,5,avg,1,78,6,72,2020-01,2026-06,2026-01,2026-06,TP_HANEBEK_HAN18A,survey_rate,mean
TP.IN.RH2.TOPLAM.TOP.D,housing_supply,Yapi ruhsati verilen toplam daire sayisi,(Toplam) Binalar (Daire Sayısı),(Total) Buildings (Number of Dwelling Units),bie_inyprh2,AYLIK,sum,KÜMÜLATİF,-1,1,1440.0,0,1,1,1,1,1,bie_inyprh2::TP.IN.RH2.TOPLAM.TOP.D,İnşaat İstatistikleri-Yapı Ruhsatına Göre,5002,"REEL SEKTÖR İSTATİSTİKLERİ > KONUT, İŞ YERİ VE İNŞAAT İSTATİSTİKLERİ (TÜİK)",TÜİK,"Adet,TL/m2",False,https://veriportali.tuik.gov.tr/tr/press/58303/metadata,https://veriportali.tuik.gov.tr/tr/press/58303/metadata,https://veriportali.tuik.gov.tr/tr/press/58303/metadata,7b5ca2797995119873dd4ee981687d29fd269c5e45e5552af60fc3bede742f94,2026-09-07T20:47:15.025529+00:00,"TP.IN.RH2.TOPLAM.TOP.D | (Toplam) Binalar (Daire Sayısı) | (Total) Buildings (Number of Dwelling Units) | İnşaat İstatistikleri-Yapı Ruhsatına Göre | REEL SEKTÖR İSTATİSTİKLERİ > KONUT, İŞ YERİ VE İNŞAAT İSTATİSTİKLERİ (TÜİK) | TÜİK | Adet,TL/m2",False,2020-01-01,2026-06-30,5,sum,1,78,78,0,2020-01,2026-06,2020-01,2026-06,TP_IN_RH2_TOPLAM_TOP_D,flow,sum
TP.KFE.TR,housing_price_outcome,Turkiye konut fiyat endeksi,Konut Fiyat Endeksi (KFE),Residential Property Price Index (RPPI),bie_kfe,AYLIK,avg,ORTALAMA,-1,1,10.0,0,1,1,1,1,1,bie_kfe::TP.KFE.TR,Konut Fiyat Endeksi,2003,FİYAT ENDEKSLERİ > KONUT FİYAT ENDEKSİ (TCMB),TCMB,,False,https://www.tcmb.gov.tr/wps/wcm/connect/TR/TCMB+TR/Main+Menu/Istatistikler/Reel+Sektor+Istatistikleri/Konut+Fiyat+Endeksi/Metaveri,,https://www.tcmb.gov.tr/wps/wcm/connect/TR/TCMB+TR/Main+Menu/Istatistikler/Reel+Sektor+Istatistikleri/Konut+Fiyat+Endeksi/Uygulama+Degisiklikleri,fef75407bf6a999779594efc1d2d500227310605aadb1f3fee7edaf52a079c1b,2026-09-07T20:47:20.241192+00:00,TP.KFE.TR | Konut Fiyat Endeksi (KFE) | Residential Property Price Index (RPPI) | Konut Fiyat Endeksi | FİYAT ENDEKSLERİ > KONUT FİYAT ENDEKSİ (TCMB) | TCMB,False,2020-01-01,2026-06-30,5,avg,1,78,78,0,2020-01,2026-06,2020-01,2026-06,TP_KFE_TR,index,last
TP.KFE.TR10,housing_price_outcome,Istanbul konut fiyat endeksi,TR10 (İstanbul),TR10 (Istanbul),bie_kfe,AYLIK,avg,ORTALAMA,-1,1,20.0,0,1,1,1,1,1,bie_kfe::TP.KFE.TR10,Konut Fiyat Endeksi,2003,FİYAT ENDEKSLERİ > KONUT FİYAT ENDEKSİ (TCMB),TCMB,,False,https://www.tcmb.gov.tr/wps/wcm/connect/TR/TCMB+TR/Main+Menu/Istatistikler/Reel+Sektor+Istatistikleri/Konut+Fiyat+Endeksi/Metaveri,,https://www.tcmb.gov.tr/wps/wcm/connect/TR/TCMB+TR/Main+Menu/Istatistikler/Reel+Sektor+Istatistikleri/Konut+Fiyat+Endeksi/Uygulama+Degisiklikleri,fef75407bf6a999779594efc1d2d500227310605aadb1f3fee7edaf52a079c1b,2026-09-07T20:47:20.241192+00:00,TP.KFE.TR10 | TR10 (İstanbul) | TR10 (Istanbul) | Konut Fiyat Endeksi | FİYAT ENDEKSLERİ > KONUT FİYAT ENDEKSİ (TCMB) | TCMB,False,2020-01-01,2026-06-30,5,avg,1,78,78,0,2020-01,2026-06,2020-01,2026-06,TP_KFE_TR10,index,last
TP.KFE.TR31,housing_price_outcome,Izmir konut fiyat endeksi,TR31 (İzmir),TR31 (Izmir),bie_kfe,AYLIK,avg,ORTALAMA,-1,1,40.0,0,1,1,1,1,1,bie_kfe::TP.KFE.TR31,Konut Fiyat Endeksi,2003,FİYAT ENDEKSLERİ > KONUT FİYAT ENDEKSİ (TCMB),TCMB,,False,https://www.tcmb.gov.tr/wps/wcm/connect/TR/TCMB+TR/Main+Menu/Istatistikler/Reel+Sektor+Istatistikleri/Konut+Fiyat+Endeksi/Metaveri,,https://www.tcmb.gov.tr/wps/wcm/connect/TR/TCMB+TR/Main+Menu/Istatistikler/Reel+Sektor+Istatistikleri/Konut+Fiyat+Endeksi/Uygulama+Degisiklikleri,fef75407bf6a999779594efc1d2d500227310605aadb1f3fee7edaf52a079c1b,2026-09-07T20:47:20.241192+00:00,TP.KFE.TR31 | TR31 (İzmir) | TR31 (Izmir) | Konut Fiyat Endeksi | FİYAT ENDEKSLERİ > KONUT FİYAT ENDEKSİ (TCMB) | TCMB,False,2020-01-01,2026-06-30,5,avg,1,78,78,0,2020-01,2026-06,2020-01,2026-06,TP_KFE_TR31,index,last
TP.KFE.TR51,housing_price_outcome,Ankara konut fiyat endeksi,TR51 (Ankara),TR51 (Ankara),bie_kfe,AYLIK,avg,ORTALAMA,-1,1,30.0,0,1,1,1,1,1,bie_kfe::TP.KFE.TR51,Konut Fiyat Endeksi,2003,FİYAT ENDEKSLERİ > KONUT FİYAT ENDEKSİ (TCMB),TCMB,,False,https://www.tcmb.gov.tr/wps/wcm/connect/TR/TCMB+TR/Main+Menu/Istatistikler/Reel+Sektor+Istatistikleri/Konut+Fiyat+Endeksi/Metaveri,,https://www.tcmb.gov.tr/wps/wcm/connect/TR/TCMB+TR/Main+Menu/Istatistikler/Reel+Sektor+Istatistikleri/Konut+Fiyat+Endeksi/Uygulama+Degisiklikleri,fef75407bf6a999779594efc1d2d500227310605aadb1f3fee7edaf52a079c1b,2026-09-07T20:47:20.241192+00:00,TP.KFE.TR51 | TR51 (Ankara) | TR51 (Ankara) | Konut Fiyat Endeksi | FİYAT ENDEKSLERİ > KONUT FİYAT ENDEKSİ (TCMB) | TCMB,False,2020-01-01,2026-06-30,5,avg,1,78,78,0,2020-01,2026-06,2020-01,2026-06,TP_KFE_TR51,index,last
TP.KTF12,credit_price,Yeni ve yenilenen TL konut kredilerinin akim faizi,"Konut Kredisi (TL, Akım, %)","Housing Loans (TRY) (Flow, %)",bie_kt100h,HAFTALIK(CUMA),avg,ORTALAMA,-1,1,40.0,0,1,1,1,1,1,bie_kt100h::TP.KTF12,Kredi Faiz Oranları (Akım),450501,PARASAL VE FİNANSAL İSTATİSTİKLER > FAİZ VE KÂR PAYI İSTATİSTİKLERİ (TCMB) > FAİZ VE KÂR PAYI İSTATİSTİKLERİ (AKIM),"Mevduat, Kalkınma ve Yatırım Bankaları",Ağırlıklı ortalama,False,https://www.tcmb.gov.tr/wps/wcm/connect/TR/TCMB+TR/Main+Menu/Istatistikler/Faiz+Istatistikleri/Haftalik/Kredi+Faiz+Oranlari/,https://www.tcmb.gov.tr/wps/wcm/connect/TR/TCMB+TR/Main+Menu/Istatistikler/Faiz+Istatistikleri/Haftalik/Kredi+Faiz+Oranlari/,https://www.tcmb.gov.tr/wps/wcm/connect/TR/TCMB+TR/Main+Menu/Istatistikler/Faiz+Istatistikleri/Haftalik/Kredi+Faiz+Oranlari/,b05143c4693d5b9e6057b5caaeb07123baefcbf594d1f57d9847481bbcde14c9,2026-09-07T20:47:24.103165+00:00,"TP.KTF12 | Konut Kredisi (TL, Akım, %) | Housing Loans (TRY) (Flow, %) | Kredi Faiz Oranları (Akım) | PARASAL VE FİNANSAL İSTATİSTİKLER > FAİZ VE KÂR PAYI İSTATİSTİKLERİ (TCMB) > FAİZ VE KÂR PAYI İSTATİSTİKLERİ (AKIM) | Mevduat, Kalkınma ve Yatırım Bankaları | Ağırlıklı ortalama",False,2020-01-01,2026-06-30,3,avg,7,339,339,0,2020-01-03,2026-06-26,2020-01-03,2026-06-26,TP_KTF12,rate,mean
TP.PKAUO.S01.E.U,inflation_expectation,12 ay sonrasi yillik TUFE beklentisi,12 Ay Sonrasının Yıllık TÜFE Beklentisi (% Değişim),Expectation of 12 Months Ahead Annual CPI (% Change),bie_pkauo,AYLIK,last,BİTİŞ,-1,1,50.0,0,1,1,1,1,1,bie_pkauo::TP.PKAUO.S01.E.U,Uygun Ortalamalar,1004,BEKLENTİ VE EĞİLİM ANKETLERİ > PİYASA KATILIMCILARI ANKETİ (TCMB),TCMB,,False,https://www.tcmb.gov.tr/wps/wcm/connect/TR/TCMB+TR/Main+Menu/Istatistikler/Egilim+Anketleri/Piyasa+Katilimcilari+Anketi/Metaveri,,https://www.tcmb.gov.tr/wps/wcm/connect/TR/TCMB+TR/Main+Menu/Istatistikler/Egilim+Anketleri/Piyasa+Katilimcilari+Anketi/Uygulama+Degisiklikleri,e466d2ae338ab8d8887c2204e683b760eb909975d45547e489838a657d00c3cb,2026-09-07T20:47:35.451521+00:00,TP.PKAUO.S01.E.U | 12 Ay Sonrasının Yıllık TÜFE Beklentisi (% Değişim) | Expectation of 12 Months Ahead Annual CPI (% Change) | Uygun Ortalamalar | BEKLENTİ VE EĞİLİM ANKETLERİ > PİYASA KATILIMCILARI ANKETİ (TCMB) | TCMB,False,2020-01-01,2026-06-30,5,last,1,78,78,0,2020-01,2026-06,2020-01,2026-06,TP_PKAUO_S01_E_U,survey_rate,mean
TP.PKAUO.S04.C.U,policy_rate_expectation,Ilk PPK toplantisi icin politika faizi beklentisi,İlk Toplantı İçin TCMB Politika Faiz Oranı Beklentisi (%),Expectation of CBRT Policy Rate for the First Meeting (%),bie_pkauo,AYLIK,last,BİTİŞ,-1,1,120.0,0,1,1,1,1,1,bie_pkauo::TP.PKAUO.S04.C.U,Uygun Ortalamalar,1004,BEKLENTİ VE EĞİLİM ANKETLERİ > PİYASA KATILIMCILARI ANKETİ (TCMB),TCMB,,False,https://www.tcmb.gov.tr/wps/wcm/connect/TR/TCMB+TR/Main+Menu/Istatistikler/Egilim+Anketleri/Piyasa+Katilimcilari+Anketi/Metaveri,,https://www.tcmb.gov.tr/wps/wcm/connect/TR/TCMB+TR/Main+Menu/Istatistikler/Egilim+Anketleri/Piyasa+Katilimcilari+Anketi/Uygulama+Degisiklikleri,e466d2ae338ab8d8887c2204e683b760eb909975d45547e489838a657d00c3cb,2026-09-07T20:47:35.451521+00:00,TP.PKAUO.S04.C.U | İlk Toplantı İçin TCMB Politika Faiz Oranı Beklentisi (%) | Expectation of CBRT Policy Rate for the First Meeting (%) | Uygun Ortalamalar | BEKLENTİ VE EĞİLİM ANKETLERİ > PİYASA KATILIMCILARI ANKETİ (TCMB) | TCMB,False,2020-01-01,2026-06-30,5,last,1,78,13,65,2020-01,2026-06,2025-06,2026-06,TP_PKAUO_S04_C_U,survey_rate,mean
TP.TG2.Y01,demand_control,Tuketici guven endeksi,Tüketici Güven Endeksi,Consumer Confidence Index,bie_mbgven2,AYLIK,avg,ORTALAMA,-1,1,10.0,0,1,1,1,1,1,bie_mbgven2::TP.TG2.Y01,Tüketici Güven Endeksi ve Tüketici Eğilim Endeksleri,1006,"BEKLENTİ VE EĞİLİM ANKETLERİ > TÜKETİCİ EĞİLİM ANKETİ (TÜİK, TCMB)",TÜİK,Endeks,False,"https://veriportali.tuik.gov.tr/tr/databrowser/tuik/categories/9/9_3/TR,DF_TUKETICI_EGILIM_SDMX,1.0/metadata","https://veriportali.tuik.gov.tr/tr/databrowser/tuik/categories/9/9_3/TR,DF_TUKETICI_EGILIM_SDMX,1.0/metadata","https://veriportali.tuik.gov.tr/tr/databrowser/tuik/categories/9/9_3/TR,DF_TUKETICI_EGILIM_SDMX,1.0/metadata",96b00ecff03781ac7ff38220506d8b0094726efceaa2286560da70ca457f3d07,2026-09-07T20:47:27.203527+00:00,"TP.TG2.Y01 | Tüketici Güven Endeksi | Consumer Confidence Index | Tüketici Güven Endeksi ve Tüketici Eğilim Endeksleri | BEKLENTİ VE EĞİLİM ANKETLERİ > TÜKETİCİ EĞİLİM ANKETİ (TÜİK, TCMB) | TÜİK | Endeks",False,2020-01-01,2026-06-30,5,avg,1,78,78,0,2020-01,2026-06,2020-01,2026-06,TP_TG2_Y01,index,mean
TP.TG2.Y19,housing_demand_expectation,Konut satin alma veya insa ettirme ihtimali beklentisi,Gelecek on iki aydaki konut satın alma veya inşa ettirme ihtimali beklentisi,"How is your probability of purchasing or building a home (for your own residence, for a family member, for rental purposes, for vacation use, etc.) within the next 12 months?",bie_mbgven2,AYLIK,avg,ORTALAMA,-1,1,190.0,0,1,1,1,1,1,bie_mbgven2::TP.TG2.Y19,Tüketici Güven Endeksi ve Tüketici Eğilim Endeksleri,1006,"BEKLENTİ VE EĞİLİM ANKETLERİ > TÜKETİCİ EĞİLİM ANKETİ (TÜİK, TCMB)",TÜİK,Endeks,False,"https://veriportali.tuik.gov.tr/tr/databrowser/tuik/categories/9/9_3/TR,DF_TUKETICI_EGILIM_SDMX,1.0/metadata","https://veriportali.tuik.gov.tr/tr/databrowser/tuik/categories/9/9_3/TR,DF_TUKETICI_EGILIM_SDMX,1.0/metadata","https://veriportali.tuik.gov.tr/tr/databrowser/tuik/categories/9/9_3/TR,DF_TUKETICI_EGILIM_SDMX,1.0/metadata",96b00ecff03781ac7ff38220506d8b0094726efceaa2286560da70ca457f3d07,2026-09-07T20:47:27.203527+00:00,"TP.TG2.Y19 | Gelecek on iki aydaki konut satın alma veya inşa ettirme ihtimali beklentisi | How is your probability of purchasing or building a home (for your own residence, for a family member, for rental purposes, for vacation use, etc.) within the next 12 months? | Tüketici Güven Endeksi ve Tüketici Eğilim Endeksleri | BEKLENTİ VE EĞİLİM ANKETLERİ > TÜKETİCİ EĞİLİM ANKETİ (TÜİK, TCMB) | TÜİK | Endeks",False,2020-01-01,2026-06-30,5,avg,1,78,78,0,2020-01,2026-06,2020-01,2026-06,TP_TG2_Y19,survey_index,mean
TP.TIG08,labor_market_control,Mevsim etkisinden arindirilmis issizlik orani,8.İşsizlik oranı (%),8. Unemployment rate (%),bie_tisguc,AYLIK,last,BİTİŞ,-1,1,80.0,0,0,0,0,0,0,bie_tisguc::TP.TIG08,Temel İşgücü Göstergeleri (Mevsimsellikten Arındırılmış),1501,"BÜYÜME, İSTİHDAM, KAMU MALİYESİ > İŞGÜCÜ İSTATİSTİKLERİ (TÜİK)",TÜİK,Bin kişi,False,https://data.tuik.gov.tr/Bulten/Index?p=Isgucu-Istatistikleri-Ocak-2021-37486&dil=1,https://data.tuik.gov.tr/Bulten/Index?p=Isgucu-Istatistikleri-Ocak-2021-37486&dil=1,https://data.tuik.gov.tr/Bulten/Index?p=Isgucu-Istatistikleri-Ocak-2021-37486&dil=1,4bc5ff1dd9d0e151d9031fbbf27dd4d6c0451e9e9225eb4152bb2592bd01c888,2026-09-07T20:47:59.942550+00:00,"TP.TIG08 | 8.İşsizlik oranı (%) | 8. Unemployment rate (%) | Temel İşgücü Göstergeleri (Mevsimsellikten Arındırılmış) | BÜYÜME, İSTİHDAM, KAMU MALİYESİ > İŞGÜCÜ İSTATİSTİKLERİ (TÜİK) | TÜİK | Bin kişi",False,2020-01-01,2026-06-30,5,last,1,78,78,0,2020-01,2026-06,2020-01,2026-06,TP_TIG08,rate,mean
TP.TRY.MT06,funding_alternative,TL mevduat akim faizi,"Toplam (TL Mevduat, Akım, %)","Total (TRY Deposits, Flow, %)",bie_mt100h,HAFTALIK(CUMA),avg,ORTALAMA,-1,1,120.0,0,1,1,1,1,1,bie_mt100h::TP.TRY.MT06,Mevduat Faiz Oranları (Akım),450501,PARASAL VE FİNANSAL İSTATİSTİKLER > FAİZ VE KÂR PAYI İSTATİSTİKLERİ (TCMB) > FAİZ VE KÂR PAYI İSTATİSTİKLERİ (AKIM),Mevduat Bankaları,Ağırlıklı ortalama,False,https://www.tcmb.gov.tr/wps/wcm/connect/TR/TCMB+TR/Main+Menu/Istatistikler/Faiz+Istatistikleri/Haftalik/Mevduat+Faiz+Oranlari/,https://www.tcmb.gov.tr/wps/wcm/connect/TR/TCMB+TR/Main+Menu/Istatistikler/Faiz+Istatistikleri/Haftalik/Mevduat+Faiz+Oranlari/,https://www.tcmb.gov.tr/wps/wcm/connect/TR/TCMB+TR/Main+Menu/Istatistikler/Faiz+Istatistikleri/Haftalik/Mevduat+Faiz+Oranlari/,c577bbca61a912bc9aa06554af37fbc2d03a1721870e4f79de298cd29dffb838,2026-09-07T20:47:29.064144+00:00,"TP.TRY.MT06 | Toplam (TL Mevduat, Akım, %) | Total (TRY Deposits, Flow, %) | Mevduat Faiz Oranları (Akım) | PARASAL VE FİNANSAL İSTATİSTİKLER > FAİZ VE KÂR PAYI İSTATİSTİKLERİ (TCMB) > FAİZ VE KÂR PAYI İSTATİSTİKLERİ (AKIM) | Mevduat Bankaları | Ağırlıklı ortalama",False,2020-01-01,2026-06-30,3,avg,7,339,339,0,2020-01-03,2026-06-26,2020-01-03,2026-06-26,TP_TRY_MT06,rate,mean
TP.TSANAYMT2021.Y1,activity_control,Toplam sanayi uretim endeksi,Toplam sanayi,Total industry,bie_tsanaymt2021,AYLIK,avg,ORTALAMA,-1,1,10.0,0,1,1,1,1,1,bie_tsanaymt2021::TP.TSANAYMT2021.Y1,Sanayi Üretim Endeksi - Mevsim ve Takvim Etkisinden Arındırılmış (TÜİK),5003,REEL SEKTÖR İSTATİSTİKLERİ > ÜRETİME İLİŞKİN DİĞER VERİLER,TÜİK,2021=100,False,https://data.tuik.gov.tr/Kategori/GetKategori?p=sanayi-114&dil=1,https://data.tuik.gov.tr/Kategori/GetKategori?p=sanayi-114&dil=1,https://data.tuik.gov.tr/Kategori/GetKategori?p=sanayi-114&dil=1,73e8362c844f6a2392122873393f17997af12a53e3154d6aee928e566c162287,2026-09-07T20:48:01.182647+00:00,TP.TSANAYMT2021.Y1 | Toplam sanayi | Total industry | Sanayi Üretim Endeksi - Mevsim ve Takvim Etkisinden Arındırılmış (TÜİK) | REEL SEKTÖR İSTATİSTİKLERİ > ÜRETİME İLİŞKİN DİĞER VERİLER | TÜİK | 2021=100,False,2020-01-01,2026-06-30,5,avg,1,78,78,0,2020-01,2026-06,2020-01,2026-06,TP_TSANAYMT2021_Y1,index,mean
TP.TUKFIY2025.GENEL,price_deflator,Nominal serileri reel hale getirmek ve enflasyonu kontrol etmek,Genel Endeks,General Index,bie_tukfiy2025,AYLIK,avg,ORTALAMA,-1,1,10.0,0,1,1,1,1,1,bie_tukfiy2025::TP.TUKFIY2025.GENEL,Tüketici Fiyat Endeksi (2025=100),2005,FİYAT ENDEKSLERİ > TÜKETİCİ FİYAT ENDEKSİ (TÜİK),TÜİK,,False,https://data.tuik.gov.tr/Kategori/GetKategori?p=enflasyon-ve-fiyat-106&dil=1,https://data.tuik.gov.tr/Kategori/GetKategori?p=enflasyon-ve-fiyat-106&dil=1,https://data.tuik.gov.tr/Kategori/GetKategori?p=enflasyon-ve-fiyat-106&dil=1,e9e556bed380546ce930ae192171f71f5e37e3a6e0367b370e66c2bb60d62f67,2026-09-07T20:48:01.909426+00:00,TP.TUKFIY2025.GENEL | Genel Endeks | General Index | Tüketici Fiyat Endeksi (2025=100) | FİYAT ENDEKSLERİ > TÜKETİCİ FİYAT ENDEKSİ (TÜİK) | TÜİK,False,2020-01-01,2026-06-30,5,avg,1,78,78,0,2020-01,2026-06,2020-01,2026-06,TP_TUKFIY2025_GENEL,index,last
