target_period,TP_AKONUTSAT1_KTRTOPLAM,TP_AKONUTSAT2_KTRTOPLAM,TP_AKONUTSAT3_KTRTOPLAM,TP_AKONUTSAT4_KTRTOPLAM,TP_APIFON4,TP_BIRIMFIYAT_TR,TP_BKEA_S056,TP_BKEA_S059,TP_BKEA_S060,TP_BKEA_S061,TP_BKEA_S062,TP_BKEA_S063,TP_BKEA_S064,TP_BKEA_S065,TP_BKEA_S066,TP_BKEA_S067,TP_BKEA_S068,TP_BKEA_S069,TP_BKEA_S092,TP_BKEA_S095,TP_BKEA_S096,TP_BKEA_S097,TP_BKEA_S098,TP_BKEA_S099,TP_BKEA_S100,TP_BKEA_S101,TP_BKEA_S102,TP_BKEA_S117,TP_BKEA_S120,TP_BKR_TRY_18,TP_DK_USD_A_YTL,TP_GY1_N2_MA,TP_HANEBEK_HAN18A,TP_IN_RH2_TOPLAM_TOP_D,TP_KFE_TR,TP_KFE_TR10,TP_KFE_TR31,TP_KFE_TR51,TP_KTF12,TP_PKAUO_S01_E_U,TP_PKAUO_S04_C_U,TP_TG2_Y01,TP_TG2_Y19,TP_TIG08,TP_TRY_MT06,TP_TSANAYMT2021_Y1,TP_TUKFIY2025_GENEL
2020Q1,360271.0,137005.0,116098.0,244173.0,10.71515625,3199.8,-0.3,-0.3,0.0,0.0,12.2,-0.3,51.4,5.1,0.0,0.0,0.0,0.0,34.5,46.3,29.8,-0.3,0.4,34.1,0.1,-0.3,-12.8,0.0,33.6,12.586666666666668,6.09385,103.90000000000002,,81611.0,13.13,13.21,13.23,12.33,11.593846153846155,9.553333333333333,,80.464253,7.840468376666666,12.866666666666667,9.443076923076925,85.72271803666668,14.15480873
2020Q2,304457.0,144329.0,102364.0,202093.0,8.307666666666666,3464.4,33.7,29.0,17.2,0.0,24.0,6.8,34.1,16.5,0.0,5.8,0.0,0.0,-6.7,4.4,-20.4,-16.2,0.0,-13.2,-5.5,-5.6,0.0,12.4,29.9,12.323333333333332,6.852923333333333,75.2,,138516.0,14.32,14.05,14.54,13.44,10.79,9.31,,81.33565746333333,7.517470863333334,13.6,8.043076923076923,69.49522553999999,14.63419615
2020Q3,571045.0,256102.0,178502.0,392543.0,9.039682539682541,3669.9,0.0,0.0,0.0,0.0,0.0,0.0,37.3,0.0,0.0,0.0,0.0,0.0,53.5,56.8,39.1,22.5,0.0,-12.4,4.4,-12.5,0.3,0.0,-33.9,11.589999999999998,7.20774603174603,103.43333333333334,,143329.0,15.23,15.07,15.25,14.05,11.271538461538462,9.726666666666667,,81.50081726,7.563148153333334,13.200000000000001,8.751538461538463,90.78482561,14.99138061
2020Q4,372527.0,69456.0,133073.0,239454.0,14.041384615384615,3972.0,-0.3,-0.5,-0.3,-0.3,-5.7,-5.7,0.0,-5.3,-5.3,0.0,0.0,0.0,-28.4,-30.5,-8.5,-22.2,0.0,-5.4,-5.7,-5.7,0.0,0.0,-38.7,11.729999999999999,7.861627692307692,109.16666666666667,,200277.0,16.23,15.89,16.72,14.88,16.215384615384615,10.713333333333333,,80.44135470333333,8.679243213333335,12.9,12.915384615384616,93.64352619333333,15.85842469
2021Q1,284038.0,51263.0,92554.0,191484.0,17.23079365079365,4144.9,0.0,11.6,16.8,16.8,11.6,11.6,-5.1,-22.0,-22.0,-22.0,0.0,0.0,-23.4,-14.4,7.8,-0.7,-5.5,4.8,-5.5,-5.5,0.0,0.0,5.1,11.926666666666668,7.377400000000001,109.3,,179181.0,17.32,16.94,17.95,15.75,18.063076923076924,10.453333333333333,,84.53548965333334,10.486486113333335,12.799999999999999,16.45538461538462,96.51718804666666,16.44650676
2021Q2,312963.0,60674.0,100251.0,212712.0,19.0,4490.7,0.0,0.0,0.0,0.0,-4.9,-4.9,-0.3,0.0,-15.3,-10.3,-10.3,-10.3,6.6,-2.5,-2.5,0.0,-0.5,-5.4,-5.4,-5.4,-0.1,0.0,16.1,12.209999999999999,8.36955737704918,108.10000000000001,,161142.0,18.76,17.96,19.29,17.2,17.970000000000002,11.729999999999999,,79.91738436000001,9.322368616666667,12.566666666666668,17.85923076923077,98.51176934,17.1988874
2021Q3,424116.0,82486.0,133589.0,290527.0,18.9495,4895.0,0.0,0.0,0.0,0.0,0.0,0.0,0.0,0.0,0.0,-4.8,-4.8,0.0,-1.2,24.6,-2.1,-4.8,0.0,-4.8,-4.8,-4.8,-23.0,0.0,10.5,12.573333333333332,8.527856666666667,112.53333333333335,,153440.0,20.77,19.95,20.99,18.86,17.900000000000002,12.68,,79.39711057666666,9.097310156666666,11.633333333333335,17.956153846153846,100.77845537333333,17.92707877
2021Q4,588444.0,120343.0,201079.0,387365.0,15.922615384615385,5936.2,0.0,0.0,0.0,0.0,0.0,0.0,4.8,4.8,-16.2,0.0,-16.2,0.0,8.7,34.8,18.1,4.6,0.0,4.6,-12.9,0.0,0.0,0.0,-23.4,13.043333333333331,11.161016923076923,111.13333333333333,,248601.0,26.54,26.74,26.41,24.24,17.430714285714284,16.97,,71.93980319666667,8.08592768,11.066666666666668,16.299285714285713,104.19258724000001,21.58028731
2022Q1,342253.0,72807.0,106246.0,236007.0,14.0,8518.1,-4.7,-4.7,-4.7,-4.7,-4.7,-4.7,-4.7,-4.7,-20.9,-4.7,-16.2,0.0,-6.8,-4.4,14.2,-1.5,0.0,-1.5,-18.1,-4.7,0.0,-4.7,-4.7,13.346666666666666,13.927125,110.0,,138986.0,35.39,36.97,34.92,33.45,18.003333333333334,25.543333333333333,,72.02569855333333,7.120293553333333,11.033333333333331,16.694999999999997,104.74643957,26.50264734
2022Q2,444947.0,109980.0,137294.0,307653.0,14.002131147540982,11805.9,-4.7,-16.5,0.0,0.0,-4.7,-4.7,-16.5,0.0,-20.7,-4.7,-32.6,0.0,41.9,60.7,23.5,4.7,4.7,21.2,-25.4,4.7,0.0,0.0,-34.8,13.939999999999998,15.783759016393443,106.43333333333332,,149860.0,49.53,53.57,48.08,47.25,18.275384615384617,33.199999999999996,,66.15,7.493333333333333,10.6,15.814615384615387,106.60735985333334,30.72037698
2022Q3,355389.0,61777.0,117913.0,237476.0,13.47483870967742,14848.3,-4.6,-21.0,-4.5,-4.5,-4.6,-4.5,-20.9,-4.5,-20.5,-6.7,-16.0,0.0,-23.3,4.6,9.6,-18.4,0.0,-2.0,-34.8,-4.5,-4.5,-4.5,-21.0,14.426666666666668,17.920240322580646,101.36666666666667,,151333.0,59.48,64.0,59.23,56.29,19.089285714285715,39.653333333333336,,71.37,6.9433333333333325,10.033333333333333,16.729285714285712,101.75928661666667,32.88767303
2022Q4,483185.0,59868.0,185605.0,297580.0,10.318307692307691,16728.8,-11.9,-20.7,0.0,0.0,-16.4,-16.4,-8.7,7.5,-15.9,-2.0,-24.6,11.9,13.5,23.4,-6.5,-16.4,-11.9,-0.2,-20.7,-4.4,-16.4,0.0,11.7,14.803333333333333,18.59799846153846,101.63333333333333,,281418.0,66.85,70.87,66.81,63.65,21.00384615384616,36.57666666666667,,76.07,9.533333333333333,10.266666666666666,16.372307692307693,104.47348964333332,35.44985111
2023Q1,298645.0,62220.0,91009.0,207636.0,8.821076923076921,20784.9,-4.3,-4.3,-4.2,-4.3,-4.3,-4.3,-4.2,-4.2,-20.0,-4.2,-20.1,0.0,9.4,29.2,-6.3,-4.3,0.0,11.9,-34.8,-4.2,8.0,-4.2,10.0,15.270000000000001,18.85272153846154,103.3,,134316.0,84.68,88.17,86.78,81.32,19.89846153846154,30.939999999999998,,80.57666666666667,9.406666666666668,9.966666666666667,18.98923076923077,103.53112982666666,39.88873981
2023Q2,316012.0,68348.0,109568.0,206444.0,8.928644067796611,23935.0,-33.8,-18.4,-14.4,-14.4,-18.4,-19.5,-18.3,-18.4,-19.4,-3.9,-11.4,0.0,-18.4,-18.4,-18.4,-18.4,0.0,-2.4,-2.3,-18.4,0.0,-18.4,3.7,15.806666666666667,20.649713559322038,105.3,,204276.0,95.66,95.83,97.62,97.32,19.62076923076923,30.50333333333333,,87.90333333333332,10.85,9.633333333333335,25.12846153846154,107.16096872333334,42.459714
2023Q3,359992.0,41879.0,111662.0,248330.0,19.829843750000002,28149.0,-33.5,-33.5,-18.1,-18.1,-33.5,-18.1,-18.1,-18.1,-49.6,-30.4,-33.4,-30.4,-48.0,-47.9,-18.2,-18.2,-14.4,-18.1,-18.1,-18.1,-18.2,-18.1,-32.5,16.703333333333333,26.7742109375,104.86666666666667,,225382.0,116.18,112.98,115.76,117.82,36.54384615384616,40.053333333333335,,73.18333333333332,8.31,9.166666666666666,28.99461538461538,108.08401276,53.12341372
2023Q4,355486.0,18393.0,130245.0,225241.0,35.44138461538461,30943.0,-18.1,-18.1,0.0,0.0,-18.1,-3.7,3.6,3.6,-3.6,-18.0,3.6,0.0,-41.6,-35.8,-5.4,-26.4,-3.6,-21.4,-3.6,-3.6,-5.5,-3.6,-3.6,17.446666666666665,28.45952923076923,104.2,,360848.0,122.43,117.48,121.61,124.3,41.934615384615384,43.48333333333333,,75.83666666666666,8.516666666666667,8.766666666666666,41.64846153846155,106.38122540333332,58.41175431
2024Q1,295704.0,29313.0,96207.0,199497.0,45.0396875,30511.1,-15.1,-37.9,-2.5,-2.5,-3.9,-3.9,-21.6,-22.1,-10.5,-10.5,-10.5,-10.5,-27.0,-27.0,-37.3,-37.3,-33.6,-40.6,-2.5,-17.0,-42.5,-25.5,-36.7,18.486666666666665,30.863971875,102.8,,207580.0,131.49,123.26,130.02,134.44,41.667692307692306,37.85666666666667,,79.70692404666666,9.901911106666667,8.866666666666665,48.216923076923074,109.59868014,67.21068098
2024Q2,282126.0,25460.0,93219.0,188907.0,50.67052631578948,32433.5,-3.3,-11.2,13.5,0.0,10.2,-3.3,-1.3,-1.3,0.0,0.0,0.0,0.0,-13.1,-13.1,-12.1,-24.4,-25.3,-48.9,-10.9,-14.0,-34.8,0.0,11.0,19.963333333333335,32.296987719298244,102.13333333333333,,153673.0,140.03,130.58,139.11,143.21,44.63692307692308,33.38999999999999,,79.75658865666666,10.702937606666666,8.733333333333333,58.55461538461539,105.07098759,72.85966164
2024Q3,418394.0,42614.0,134274.0,284120.0,50.34671875,33892.0,-4.0,10.8,9.8,-2.5,0.8,-11.5,8.3,-4.0,0.0,0.0,0.0,0.0,5.2,5.2,-9.6,-12.8,-12.8,-22.8,-14.0,-14.0,-12.8,4.0,15.5,21.653333333333336,33.4454421875,98.63333333333333,,183051.0,148.01,139.42,142.58,153.87,43.58769230769231,28.74,,76.82198353666666,10.656377316666665,8.666666666666666,55.829230769230776,104.33014057000001,79.35840832
2024Q4,553536.0,69248.0,193900.0,359636.0,49.942461538461544,36061.3,14.2,0.0,2.0,0.6,2.0,0.7,2.0,2.0,0.0,0.0,0.6,0.0,-4.3,6.6,6.6,-10.6,-8.1,-5.6,-11.0,11.5,-8.6,4.5,45.4,24.23,34.48162307692308,102.76666666666667,,309589.0,158.46,148.57,152.32,167.19,41.26692307692307,27.236666666666668,,80.53243603,11.668921476666666,8.566666666666668,55.99461538461538,107.78179313666668,84.33417324
2025Q1,350399.0,54218.0,105759.0,244640.0,45.2558064516129,37687.6,1.2,-1.1,0.6,0.0,14.5,14.5,12.3,11.7,0.0,0.0,0.0,0.0,27.7,28.3,-6.7,-7.4,-7.4,-18.5,11.1,11.1,-7.4,1.2,41.3,26.243333333333336,36.15040322580646,102.86666666666666,,169554.0,173.88,160.77,172.42,186.45,40.00769230769231,25.063333333333333,,82.96422835333333,13.270378563333333,8.233333333333333,50.933846153846154,109.76950561000001,92.82052423
2025Q2,371429.0,53766.0,113902.0,257527.0,47.416440677966094,39697.0,0.6,0.0,0.0,0.0,-0.6,0.6,11.1,-0.6,0.0,0.0,0.0,0.0,11.9,0.6,0.6,0.0,0.0,-0.6,11.3,-0.6,0.0,0.0,0.0,27.816666666666663,38.67098474576271,99.26666666666665,,310017.0,185.96,173.13,183.62,203.64,41.75615384615385,25.06,46.0,84.57308986666666,14.601987923333335,8.566666666666666,55.47923076923077,109.88355266333333,98.39599463
2025Q3,455297.0,62225.0,142581.0,312716.0,43.29461538461538,42548.8,1.2,0.6,0.6,0.6,1.2,0.6,0.6,0.0,0.0,0.0,0.6,0.0,27.4,15.8,0.6,0.0,-0.9,0.6,11.0,-0.3,-0.9,1.2,46.5,29.343333333333334,40.683869230769226,100.10000000000001,,285342.0,195.66,182.07,191.3,217.3,40.55769230769231,22.826666666666668,41.28333333333333,83.88119462333333,14.101551483333333,8.4,51.44461538461538,109.25905187000001,105.78000589
2025Q4,583167.0,77811.0,208570.0,374597.0,39.43846153846154,45447.1,0.6,6.3,15.0,0.6,0.6,0.0,6.3,5.7,0.0,0.0,0.0,0.0,17.3,20.7,5.7,0.0,0.0,0.0,11.6,0.6,0.0,0.0,34.0,30.48,42.17121384615384,102.96666666666665,,426544.0,204.36,190.92,198.84,225.46,37.685384615384606,23.366666666666664,38.49666666666667,84.03278924333334,14.734490116666668,8.3,47.06692307692309,109.26276854333332,110.38696292
2026Q1,349396.0,71276.0,107579.0,241817.0,38.203870967741935,48290.6,18.3,5.3,5.9,0.6,13.0,0.0,6.5,0.6,0.0,27.3,0.0,0.0,28.9,17.7,0.0,0.0,-5.3,0.0,11.2,0.0,-5.3,0.6,18.9,31.19333333333334,43.59070967741936,102.36666666666667,36.563333333333325,234350.0,219.52,205.1,214.1,243.0,35.417692307692306,22.156666666666666,36.526666666666664,84.81885349666668,15.325721833333333,8.200000000000001,44.419999999999995,109.50890079333332,121.47
2026Q2,350120.0,71518.0,113908.0,236212.0,40.0,51849.8,-0.6,-15.9,0.0,0.0,-0.6,0.0,5.0,-0.6,0.0,15.3,0.0,0.0,-3.9,-15.3,0.0,-5.0,-5.0,-5.0,6.4,-17.7,-5.0,0.0,-4.5,31.903333333333336,45.384108474576266,100.53333333333335,34.333333333333336,280463.0,231.34,216.62,225.16,255.69,38.456153846153846,23.673333333333332,37.25,86.39687751333332,16.645936216666666,7.966666666666666,47.277692307692305,111.74019642333333,129.99
