target_period,TP_BKR_TRY_1,TP_BKR_TRY_17,TP_TRY_MT02
2020-01,14.73,18.27,10.2
2020-02,13.97,17.54,9.8775
2020-03,13.55,17.17,10.085
2020-04,12.69,16.95,10.057500000000001
2020-05,12.17,16.59,8.306
2020-06,11.74,15.26,8.12
2020-07,11.52,14.39,8.158000000000001
2020-08,11.79,14.29,10.282499999999999
2020-09,11.97,14.44,11.78
2020-10,12.3,14.73,12.288
2020-11,13.07,15.4,14.0125
2020-12,13.55,15.34,16.052500000000002
2021-01,13.88,15.56,17.526
2021-02,14.3,15.95,17.2875
2021-03,14.81,16.49,17.6625
2021-04,15.24,16.98,18.839999999999996
2021-05,15.62,17.29,18.7875
2021-06,16.3,17.81,18.85
2021-07,16.54,18.04,18.8
2021-08,17.14,18.25,18.909999999999997
2021-09,17.14,18.18,19.035
2021-10,17.11,18.4,17.802
2021-11,16.99,18.66,16.2025
2021-12,18.6,18.79,17.44
2022-01,18.46,19.06,19.267500000000002
2022-02,18.3,19.19,18.11
2022-03,18.27,20.71,17.135
2022-04,18.51,21.61,17.084
2022-05,19.32,22.05,16.99
2022-06,20.52,23.18,18.225
2022-07,21.32,23.76,19.791999999999998
2022-08,21.32,24.36,19.205
2022-09,20.35,24.64,18.782000000000004
2022-10,19.68,24.8,19.22
2022-11,18.72,24.27,21.13
2022-12,17.42,24.83,22.964
2023-01,16.73,24.81,24.4825
2023-02,15.95,23.84,26.755
2023-03,15.76,23.88,28.095999999999997
2023-04,15.59,24.12,28.3425
2023-05,15.51,24.34,31.4625
2023-06,15.89,24.87,39.592
2023-07,18.9,25.95,33.125
2023-08,22.89,26.73,29.4125
2023-09,29.26,27.23,41.656000000000006
2023-10,33.76,28.66,43.8925
2023-11,38.03,29.16,45.665
2023-12,40.61,29.18,51.418000000000006
2024-01,42.53,29.12,50.4825
2024-02,44.09,29.85,51.459999999999994
2024-03,47.9,30.43,57.272000000000006
2024-04,49.86,30.04,67.5675
2024-05,50.89,30.84,64.538
2024-06,51.43,29.45,59.69500000000001
2024-07,51.57,29.98,59.3825
2024-08,51.74,30.5,59.044
2024-09,51.94,30.86,59.697500000000005
2024-10,51.9,31.23,59.51499999999999
2024-11,51.97,31.58,59.088
2024-12,51.02,31.45,59.347500000000004
2025-01,50.3,31.07,54.720000000000006
2025-02,50.44,33.16,52.1
2025-03,50.26,33.23,51.2325
2025-04,51.15,33.83,55.1525
2025-05,51.74,34.25,58.794000000000004
2025-06,51.97,34.68,58.6575
2025-07,51.05,34.74,56.63
2025-08,50.08,34.79,51.95
2025-09,49.2,35.16,50.405
2025-10,48.36,35.0,49.586
2025-11,47.63,34.51,47.8575
2025-12,46.77,33.78,46.635
2026-01,46.0,33.59,45.512
2026-02,45.53,34.27,44.6575
2026-03,45.93,39.69,45.5825
2026-04,46.27,39.73,48.8875
2026-05,46.46,39.43,48.84
2026-06,46.92,40.12,49.34
