observation_date,housing_rate_annual_pct,month
2020-01-03,12.57,2020-01
2020-01-10,12,2020-01
2020-01-17,11.73,2020-01
2020-01-24,11.61,2020-01
2020-01-31,11.5,2020-01
2020-02-07,11.54,2020-02
2020-02-14,11.46,2020-02
2020-02-21,11.38,2020-02
2020-02-28,11.32,2020-02
2020-03-06,11.45,2020-03
2020-03-13,11.39,2020-03
2020-03-20,11.36,2020-03
2020-03-27,11.41,2020-03
2020-04-03,11.68,2020-04
2020-04-10,11.79,2020-04
2020-04-17,11.93,2020-04
2020-04-24,11.49,2020-04
2020-05-01,11.38,2020-05
2020-05-08,11.29,2020-05
2020-05-15,11.24,2020-05
2020-05-22,11.13,2020-05
2020-05-29,11.13,2020-05
2020-06-05,9.98,2020-06
2020-06-12,9.16,2020-06
2020-06-19,9.06,2020-06
2020-06-26,9.01,2020-06
2020-07-03,9.05,2020-07
2020-07-10,9.09,2020-07
2020-07-17,9.14,2020-07
2020-07-24,9.07,2020-07
2020-07-31,9.22,2020-07
2020-08-07,9.38,2020-08
2020-08-14,9.99,2020-08
2020-08-21,11.66,2020-08
2020-08-28,13.31,2020-08
2020-09-04,13.8,2020-09
2020-09-11,13.88,2020-09
2020-09-18,14.14,2020-09
2020-09-25,14.8,2020-09
2020-10-02,14.97,2020-10
2020-10-09,15.04,2020-10
2020-10-16,15.1,2020-10
2020-10-23,15.04,2020-10
2020-10-30,15.18,2020-10
2020-11-06,15.57,2020-11
2020-11-13,15.5,2020-11
2020-11-20,15.53,2020-11
2020-11-27,16.1,2020-11
2020-12-04,17.49,2020-12
2020-12-11,17.88,2020-12
2020-12-18,18.71,2020-12
2020-12-25,18.69,2020-12
2021-01-01,18.61,2021-01
2021-01-08,18.61,2021-01
2021-01-15,18.4,2021-01
2021-01-22,18.19,2021-01
2021-01-29,18.13,2021-01
2021-02-05,18.12,2021-02
2021-02-12,18.04,2021-02
2021-02-19,17.93,2021-02
2021-02-26,17.85,2021-02
2021-03-05,17.76,2021-03
2021-03-12,17.66,2021-03
2021-03-19,17.64,2021-03
2021-03-26,17.88,2021-03
2021-04-02,18.18,2021-04
2021-04-09,18.22,2021-04
2021-04-16,18.1,2021-04
2021-04-23,18.11,2021-04
2021-04-30,18.06,2021-04
2021-05-07,18.03,2021-05
2021-05-14,17.67,2021-05
2021-05-21,17.85,2021-05
2021-05-28,17.79,2021-05
2021-06-04,17.88,2021-06
2021-06-11,17.91,2021-06
2021-06-18,17.81,2021-06
2021-06-25,18,2021-06
2021-07-02,17.96,2021-07
2021-07-09,17.97,2021-07
2021-07-16,17.96,2021-07
2021-07-23,17.84,2021-07
2021-07-30,17.94,2021-07
2021-08-06,17.88,2021-08
2021-08-13,17.89,2021-08
2021-08-20,17.88,2021-08
2021-08-27,17.8,2021-08
2021-09-03,17.88,2021-09
2021-09-10,17.9,2021-09
2021-09-17,17.89,2021-09
2021-09-24,17.91,2021-09
2021-10-01,17.83,2021-10
2021-10-08,17.89,2021-10
2021-10-15,17.9,2021-10
2021-10-22,17.95,2021-10
2021-10-29,17.53,2021-10
2021-11-05,17.23,2021-11
2021-11-12,17.14,2021-11
2021-11-19,17.08,2021-11
2021-11-26,16.94,2021-11
2021-12-03,17.03,2021-12
2021-12-10,17.17,2021-12
2021-12-17,17.27,2021-12
2021-12-24,17.59,2021-12
2021-12-31,17.48,2021-12
2022-01-07,18.58,2022-01
2022-01-14,18.28,2022-01
2022-01-21,18.18,2022-01
2022-01-28,17.94,2022-01
2022-02-04,17.52,2022-02
2022-02-11,18.02,2022-02
2022-02-18,17.87,2022-02
2022-02-25,17.78,2022-02
2022-03-04,17.77,2022-03
2022-03-11,17.7,2022-03
2022-03-18,18.27,2022-03
2022-03-25,18.13,2022-03
2022-04-01,17.96,2022-04
2022-04-08,18.09,2022-04
2022-04-15,18.25,2022-04
2022-04-22,18.42,2022-04
2022-04-29,18.47,2022-04
2022-05-06,18.33,2022-05
2022-05-13,18.55,2022-05
2022-05-20,18.4,2022-05
2022-05-27,18.4,2022-05
2022-06-03,18.25,2022-06
2022-06-10,17.92,2022-06
2022-06-17,18.3,2022-06
2022-06-24,18.24,2022-06
2022-07-01,18.67,2022-07
2022-07-08,18.35,2022-07
2022-07-15,17.53,2022-07
2022-07-22,18.52,2022-07
2022-07-29,18.45,2022-07
2022-08-05,18.66,2022-08
2022-08-12,18.58,2022-08
2022-08-19,18.41,2022-08
2022-08-26,18.79,2022-08
2022-09-02,18.96,2022-09
2022-09-09,19.72,2022-09
2022-09-16,20.74,2022-09
2022-09-23,21.45,2022-09
2022-09-30,20.42,2022-09
2022-10-07,20.82,2022-10
2022-10-14,20.97,2022-10
2022-10-21,20.74,2022-10
2022-10-28,21.4,2022-10
2022-11-04,21.56,2022-11
2022-11-11,21.73,2022-11
2022-11-18,21.56,2022-11
2022-11-25,21.45,2022-11
2022-12-02,20.65,2022-12
2022-12-09,20.58,2022-12
2022-12-16,20.7,2022-12
2022-12-23,20.92,2022-12
2022-12-30,19.97,2022-12
2023-01-06,21.32,2023-01
2023-01-13,21.64,2023-01
2023-01-20,22.53,2023-01
2023-01-27,21.11,2023-01
2023-02-03,21.07,2023-02
2023-02-10,21.27,2023-02
2023-02-17,20.92,2023-02
2023-02-24,20.79,2023-02
2023-03-03,19.34,2023-03
2023-03-10,17.17,2023-03
2023-03-17,16.5,2023-03
2023-03-24,17.23,2023-03
2023-03-31,17.79,2023-03
2023-04-07,18.36,2023-04
2023-04-14,18.2,2023-04
2023-04-21,19.05,2023-04
2023-04-28,18.74,2023-04
2023-05-05,18.7,2023-05
2023-05-12,18.22,2023-05
2023-05-19,17.99,2023-05
2023-05-26,19.34,2023-05
2023-06-02,18.05,2023-06
2023-06-09,18.14,2023-06
2023-06-16,21.85,2023-06
2023-06-23,23.98,2023-06
2023-06-30,24.45,2023-06
2023-07-07,28.3,2023-07
2023-07-14,32.58,2023-07
2023-07-21,34.09,2023-07
2023-07-28,33.99,2023-07
2023-08-04,35.1,2023-08
2023-08-11,36.45,2023-08
2023-08-18,36.4,2023-08
2023-08-25,36.93,2023-08
2023-09-01,35.69,2023-09
2023-09-08,38.85,2023-09
2023-09-15,41.69,2023-09
2023-09-22,42.79,2023-09
2023-09-29,42.21,2023-09
2023-10-06,41.66,2023-10
2023-10-13,41.52,2023-10
2023-10-20,41.46,2023-10
2023-10-27,41.47,2023-10
2023-11-03,41.67,2023-11
2023-11-10,41.71,2023-11
2023-11-17,42.37,2023-11
2023-11-24,42.85,2023-11
2023-12-01,42.56,2023-12
2023-12-08,42.58,2023-12
2023-12-15,41.96,2023-12
2023-12-22,41.84,2023-12
2023-12-29,41.5,2023-12
2024-01-05,42.1,2024-01
2024-01-12,41.62,2024-01
2024-01-19,41.38,2024-01
2024-01-26,41.21,2024-01
2024-02-02,41.03,2024-02
2024-02-09,40.89,2024-02
2024-02-16,40.95,2024-02
2024-02-23,40.99,2024-02
2024-03-01,40.88,2024-03
2024-03-08,41.32,2024-03
2024-03-15,42.65,2024-03
2024-03-22,43.13,2024-03
2024-03-29,43.53,2024-03
2024-04-05,45.14,2024-04
2024-04-12,44.1,2024-04
2024-04-19,44.94,2024-04
2024-04-26,44.7,2024-04
2024-05-03,44.02,2024-05
2024-05-10,44.66,2024-05
2024-05-17,44.88,2024-05
2024-05-24,44.93,2024-05
2024-05-31,44.98,2024-05
2024-06-07,44.84,2024-06
2024-06-14,44.35,2024-06
2024-06-21,44.58,2024-06
2024-06-28,44.16,2024-06
2024-07-05,44.26,2024-07
2024-07-12,44.24,2024-07
2024-07-19,44.17,2024-07
2024-07-26,43.72,2024-07
2024-08-02,43.64,2024-08
2024-08-09,43.48,2024-08
2024-08-16,43.56,2024-08
2024-08-23,43.49,2024-08
2024-08-30,43.48,2024-08
2024-09-06,43.25,2024-09
2024-09-13,43.22,2024-09
2024-09-20,43.2,2024-09
2024-09-27,42.93,2024-09
2024-10-04,41.76,2024-10
2024-10-11,41.61,2024-10
2024-10-18,41.41,2024-10
2024-10-25,41.29,2024-10
2024-11-01,41.36,2024-11
2024-11-08,41.33,2024-11
2024-11-15,40.88,2024-11
2024-11-22,41.28,2024-11
2024-11-29,41.33,2024-11
2024-12-06,41.11,2024-12
2024-12-13,41.23,2024-12
2024-12-20,41.01,2024-12
2024-12-27,40.87,2024-12
2025-01-03,40.71,2025-01
2025-01-10,40.87,2025-01
2025-01-17,40.41,2025-01
2025-01-24,40.46,2025-01
2025-01-31,40.23,2025-01
2025-02-07,40.05,2025-02
2025-02-14,40.03,2025-02
2025-02-21,39.96,2025-02
2025-02-28,39.86,2025-02
2025-03-07,39.85,2025-03
2025-03-14,39.63,2025-03
2025-03-21,39.25,2025-03
2025-03-28,38.79,2025-03
2025-04-04,39.42,2025-04
2025-04-11,39.59,2025-04
2025-04-18,39.59,2025-04
2025-04-25,39.65,2025-04
2025-05-02,40,2025-05
2025-05-09,41.65,2025-05
2025-05-16,42.73,2025-05
2025-05-23,42.76,2025-05
2025-05-30,43.56,2025-05
2025-06-06,43.61,2025-06
2025-06-13,43.49,2025-06
2025-06-20,43.55,2025-06
2025-06-27,43.23,2025-06
2025-07-04,43.08,2025-07
2025-07-11,42.7,2025-07
2025-07-18,42.57,2025-07
2025-07-25,41.9,2025-07
2025-08-01,41.37,2025-08
2025-08-08,40.7,2025-08
2025-08-15,40.14,2025-08
2025-08-22,40.03,2025-08
2025-08-29,39.56,2025-08
2025-09-05,39.28,2025-09
2025-09-12,39.15,2025-09
2025-09-19,38.65,2025-09
2025-09-26,38.12,2025-09
2025-10-03,38,2025-10
2025-10-10,38.04,2025-10
2025-10-17,37.91,2025-10
2025-10-24,38,2025-10
2025-10-31,37.75,2025-10
2025-11-07,37.78,2025-11
2025-11-14,37.87,2025-11
2025-11-21,37.7,2025-11
2025-11-28,37.7,2025-11
2025-12-05,37.75,2025-12
2025-12-12,37.63,2025-12
2025-12-19,37.21,2025-12
2025-12-26,36.57,2025-12
2026-01-02,36.38,2026-01
2026-01-09,36.37,2026-01
2026-01-16,36.26,2026-01
2026-01-23,36.25,2026-01
2026-01-30,35.93,2026-01
2026-02-06,35.9,2026-02
2026-02-13,35.28,2026-02
2026-02-20,34.81,2026-02
2026-02-27,34.63,2026-02
2026-03-06,34.17,2026-03
2026-03-13,34.17,2026-03
2026-03-20,34.76,2026-03
2026-03-27,35.52,2026-03
2026-04-03,35.82,2026-04
2026-04-10,36.53,2026-04
2026-04-17,36.84,2026-04
2026-04-24,37.27,2026-04
2026-05-01,37.95,2026-05
2026-05-08,38.06,2026-05
2026-05-15,38.42,2026-05
2026-05-22,38.8,2026-05
2026-05-29,38.9,2026-05
2026-06-05,39.33,2026-06
2026-06-12,39.72,2026-06
2026-06-19,40.73,2026-06
2026-06-26,41.56,2026-06
