month,kfe_tr_index2023,kfe_istanbul_index2023,kfe_ankara_index2023,kfe_izmir_index2023,cpi_index2025,housing_rate_annual_pct_weekly_mean,housing_rate_annual_pct_last,housing_rate_annual_pct_min,housing_rate_annual_pct_max,housing_rate_week_count,housing_rate_last_observation_date,housing_sales_total_count,housing_sales_mortgaged_count,housing_sales_first_hand_count,housing_sales_second_hand_count,consumer_credit_deposit_stock_million_tl,housing_credit_deposit_stock_million_tl,vehicle_credit_deposit_stock_million_tl,needs_other_credit_deposit_stock_million_tl,cards_credit_deposit_stock_million_tl,consumer_credit_development_investment_stock_million_tl,housing_credit_development_investment_stock_million_tl,vehicle_credit_development_investment_stock_million_tl,needs_other_credit_development_investment_stock_million_tl,cards_credit_development_investment_stock_million_tl,consumer_credit_participation_stock_million_tl,housing_credit_participation_stock_million_tl,vehicle_credit_participation_stock_million_tl,needs_other_credit_participation_stock_million_tl,cards_credit_participation_stock_million_tl,housing_sales_other_count_derived,mortgage_sales_share_pct,first_hand_sales_share_pct,housing_credit_three_groups_stock_million_tl,consumer_credit_three_groups_stock_million_tl,vehicle_credit_three_groups_stock_million_tl,needs_other_credit_three_groups_stock_million_tl,cards_credit_three_groups_stock_million_tl,housing_credit_ex_participation_stock_million_tl,housing_credit_real_jan2021_million_tl,kfe_tr_real_jan2021_100,kfe_istanbul_real_jan2021_100,kfe_ankara_real_jan2021_100,kfe_izmir_real_jan2021_100,cpi_mom_pct,cpi_yoy_pct,kfe_tr_mom_pct,kfe_tr_yoy_pct,housing_credit_nominal_mom_pct,housing_credit_nominal_yoy_pct,housing_credit_real_mom_pct,housing_credit_real_yoy_pct,housing_sales_total_mom_pct,housing_sales_total_yoy_pct,housing_sales_mortgaged_mom_pct,housing_sales_mortgaged_yoy_pct,housing_credit_net_stock_change_million_tl,housing_rate_change_pp,rate_down_real_stock_not_up
2021-01,16.49,16.15,14.91,16.75,16.12513498,18.388,18.13,18.13,18.61,5,2021-01-29,75603,11560,25035,50568,639104.676,251796.85,8112.119,379195.707,146141.801,4591.492,0.831,437.035,4153.626,43.296,31220.183,24963.165,3382.182,2874.836,1275.532,64043,15.2903985292,33.1137653268,276760.846,674916.351,11931.336,386224.169,147460.629,251797.681,276760.846,100,100,100,100,1.6818208316,14.9736811903,1.60197165742,30.7692307692,-0.526974675847,36.5360220501,-2.1722619534,18.754153678,-36.7455363866,-37.0321323272,-29.0666993925,-74.1508463585,-1466.186,0.1955,False
2021-02,16.98,16.69,15.39,17.45,16.27152721,17.985,17.85,17.85,18.12,4,2021-02-26,88020,15932,28780,59240,644620.855,251428.144,8497.534,384695.177,148274.457,4829.341,0.817,479.473,4349.051,42.844,31050.801,24809.333,3405.279,2836.189,1287.025,72088,18.1004317201,32.6971142922,276238.294,680500.997,12382.286,391880.417,149604.326,251428.961,273753.023911,102.0450804,102.413887553,102.29066884,103.241822363,0.907851191209,15.610910237,2.9714978775,31.7300232739,-0.188809944597,33.4437890556,-1.08679465756,15.4249099692,16.4239514305,-29.8136497381,37.8200692042,-65.6082029142,-522.552,-0.403,True
2021-03,17.32,16.94,15.75,17.95,16.44650676,17.735,17.88,17.64,17.88,4,2021-03-26,120415,23771,38739,81676,653715.367,252007.127,9455.301,392252.939,153669.059,5133.074,0.808,578.342,4553.924,42.762,31138.154,24651.096,3527.453,2959.605,1344.301,96644,19.7408960678,32.1712411244,276659.031,689986.595,13561.096,399766.468,155056.122,252007.935,271252.995144,102.980956873,102.842013318,103.569673106,105.070145186,1.07537262939,16.1902437095,2.0023557126,31.9116527037,0.152309440486,31.0639519048,-0.913242429774,12.8011679126,36.8041354238,4.89476985261,49.2028621642,-48.2778128332,420.737,-0.25,True
2021-04,17.86,17.27,16.33,18.38,16.72264145,18.134,18.06,18.06,18.22,5,2021-04-30,102219,18779,32451,69768,655213.473,251823.182,9734.526,393655.765,154147.836,5307.204,0.79,666.207,4640.207,42.723,31076.565,24492.908,3580.676,3002.981,1367.594,83440,18.3713399662,31.7465441845,276316.88,691597.242,13981.409,401298.953,155558.153,251823.972,266443.970624,104.438176274,103.114156016,105.610481297,105.810599795,1.67898687563,17.1401535881,3.11778290993,35.8174904943,-0.123672449355,31.0479940384,-1.77289268941,11.8728207402,-15.1110742017,126.058206909,-21.0003786126,3.84317628843,-342.151,0.399,False
2021-05,18.27,17.48,16.73,18.86,16.8712327,17.835,17.79,17.67,18.03,4,2021-05-28,65497,11282,22057,43440,657321.051,250886.294,9791.522,396643.235,154736.621,5405.282,0.781,722.344,4682.157,41.928,30915.254,24269.596,3608.215,3037.443,1354.52,54215,17.2252164221,33.6763515886,275156.671,693641.587,14122.081,404362.835,156133.069,250887.075,262988.398028,105.894751331,103.448797031,107.244453546,107.61762915,0.888563271803,16.5928531418,2.29563269877,36.3432835821,-0.419883504765,30.2893672078,-1.29692279693,11.7473015687,-35.9248280652,18.6432388371,-39.9222535811,-42.2797503325,-1160.209,-0.299,True
2021-06,18.76,17.96,17.2,19.29,17.1988874,17.9,18,17.81,18,4,2021-06-25,145247,30613,45743,99504,668085.756,253129.723,10226.652,404729.381,165422.533,5615.095,0.78,831.208,4783.107,41.967,31340.465,24265.582,3847.226,3227.657,1520.273,114634,21.0765110467,31.4932494303,277396.085,705041.316,14905.086,412740.145,166984.773,253130.503,260077.830008,106.663341245,104.264583128,108.156794894,107.974306112,1.94209104827,17.5253305594,2.68199233716,31.0055865922,0.813868692284,18.6041545142,-1.10672867742,0.917950155628,121.761302044,-28.8123548036,171.343733381,-71.3090094565,2239.414,0.065,False
2021-07,19.41,18.59,17.57,20.33,17.50926405,17.934,17.94,17.84,17.97,5,2021-07-30,115264,21736,36157,79107,674566.675,253726.77,9999.38,410840.525,173893.699,5774.477,0.772,877.832,4895.873,41.791,31401.739,24208.961,3849.124,3343.654,1597.357,93528,18.8575791227,31.3688575791,277936.503,711742.891,14726.336,419080.052,175532.847,253727.542,255965.277235,108.402761628,106.008900377,108.524947537,111.778437312,1.8046321415,18.9516817505,3.46481876333,30.7070707071,0.19481817849,6.23404906873,-1.58127771708,-10.6914273885,-20.6427671484,-52.7863910246,-28.9974847287,-84.2450512094,540.418,0.034,False
2021-08,19.99,18.97,18.16,20.58,17.7052914,17.8625,17.8,17.8,17.89,4,2021-08-27,151033,29146,47843,103190,685594.047,255821.202,9795.653,419977.192,181109.701,5936.763,0.761,896.961,5039.041,42.411,31556.039,24299.317,3843.16,3413.562,1660.962,121887,19.2977693617,31.6771831322,280121.28,723086.849,14535.774,428429.795,182813.074,255821.963,255121.101863,110.405934549,106.978150183,110.927309767,111.900193839,1.11956361752,19.2526607451,2.98815043792,32.7357237716,0.786070550798,2.11372364227,-0.329800737657,-14.3719536283,31.0322390339,-16.7697174095,34.0909090909,-63.7478544242,2184.777,-0.0715,True
2021-09,20.77,19.95,18.86,20.99,17.92707877,17.895,17.91,17.88,17.91,4,2021-09-24,157819,31604,49589,108230,696199.835,258473.719,9609.192,428116.924,186938.471,6097.88,0.753,910.091,5187.036,43.136,31749.822,24450.768,3822.845,3476.209,1740.293,126215,20.0254722182,31.4214384833,282925.24,734047.537,14342.128,436780.169,188721.9,258474.472,254486.954778,113.294720635,111.112829048,113.777890356,112.717528896,1.2526615066,19.5825737227,3.90195097549,36.375574524,1.00098071807,2.03321506242,-0.248567084355,-14.6755150972,4.49305780856,8.50544524504,8.43340424072,-16.2608303967,2803.96,0.0325,False
2021-10,21.65,21.1,19.6,22.01,18.35620276,17.82,17.53,17.53,17.95,5,2021-10-29,152228,30092,51461,100767,703504.646,260906.015,9430.948,433167.683,191964.768,6186.16,0.744,905.035,5280.381,43.261,31971.235,24565.293,3831.305,3574.637,1771.777,122136,19.7677168458,33.8052132328,285472.052,741662.041,14167.288,442022.701,193779.806,260906.759,250774.92506,115.334107052,114.770544259,115.477916725,115.431873291,2.39371955412,19.8900242589,4.23688011555,39.0494540784,0.900171366825,2.60351520272,-1.45863261321,-14.4186383838,-3.54266596544,19.1058532654,-4.78420453107,11.0938826743,2546.812,-0.075,True
2021-11,23.22,23.04,21.18,23.27,19.00083118,17.0975,16.94,16.94,17.23,4,2021-11-26,192820,41989,63478,129342,718179.23,266642.309,9045.284,442491.637,198637.363,6242.192,0.735,873.337,5368.12,44.035,32713.489,25077.114,3825.455,3810.92,1907.305,150831,21.776268022,32.9208588321,291720.158,757134.911,13744.076,451670.677,200588.703,266643.044,247569.534173,119.501214519,121.071161115,120.553291269,117.899599903,3.51177434913,21.3125275548,7.25173210162,44.5828144458,2.18869271308,4.35116806103,-1.27819433525,-13.9815399412,26.66526526,54.0145052558,39.5354246976,61.0501687634,6248.106,-0.7225,True
2021-12,26.54,26.74,24.24,26.41,21.58028731,17.308,17.48,17.03,17.59,5,2021-12-31,243396,48262,86140,157256,733977.5,273061.17,8569.232,452347.098,207835.409,6266.889,0.727,828.541,5437.621,43.731,33709.985,25905.635,3708.474,4095.876,2004.212,195134,19.8285920886,35.3908856349,298967.532,773954.374,13106.247,461880.595,209883.352,273061.897,223393.309778,120.261439852,123.718604473,121.478972074,117.814766313,13.575491017,36.0809016775,14.2980189492,63.5243376463,2.48435831438,7.45452368553,-9.76542791347,-21.0362935865,26.2296442278,103.641170663,14.9396270452,196.140393938,7247.374,0.2105,False
2022-01,29.95,30.84,27.94,29.34,23.97659609,18.245,17.94,17.94,18.58,4,2022-01-28,93118,19304,29233,63885,733931.866,274684.449,8282.951,450964.466,212572.393,6555.853,0.715,818.56,5736.578,42.871,33737.812,26051.755,3595.003,4091.054,2101.26,73814,20.7306857965,31.3935007195,300736.919,774225.531,12696.514,460792.098,214716.524,274685.164,202256.541927,122.149586904,128.427395214,126.027287743,117.80429637,11.1041560549,48.6908241062,12.84853052,81.6252274106,0.591832493704,8.66310149955,-9.46168346395,-26.9201027348,-61.7421814656,23.1670700898,-60.0016576188,66.9896193772,1769.387,0.937,False
2022-02,32.3,33.41,30.24,32.26,25.1295134,17.7975,17.78,17.52,18.02,4,2022-02-25,103437,21060,31731,71706,740846.427,277854.312,8285.929,454706.186,219214.361,6708.657,0.707,818.759,5889.191,41.863,34056.751,26198.818,3593.963,4263.97,2240.137,82377,20.3602192639,30.6766437542,304053.837,781611.835,12698.651,464859.347,221496.361,277855.019,195105.614851,125.690121561,132.746545626,130.14378191,123.58587343,4.80851120681,54.4385666796,7.84641068447,90.2237926973,1.10293009951,10.0694015291,-3.5355726979,-28.729329794,11.0816383513,17.5153374233,9.09656029838,32.186793874,3316.918,-0.4475,True
2022-03,35.39,36.97,33.45,34.92,26.50264734,17.9675,18.13,17.7,18.27,4,2022-03-25,145698,32443,45282,100416,758185.816,284395.704,9707.239,464082.873,231427.839,6946.485,0.696,950.933,5994.856,42.188,34980.105,26624.483,3907.676,4447.946,2377.422,113255,22.267292619,31.079355928,311020.883,800112.406,14565.848,474525.675,233847.449,284396.4,189235.952757,130.579201361,139.280726999,136.499977482,126.845050222,5.46422812946,61.1445380271,9.56656346749,104.330254042,2.29138565352,12.420289291,-3.00845370247,-30.2363637841,40.8567533861,20.9965535855,54.0503323837,36.4814269488,6967.046,0.17,False
2022-04,39.44,41.71,37.51,39.07,28.42365261,18.238,18.47,17.96,18.47,5,2022-04-29,150843,35539,48394,102449,780796.377,293698.909,11928.656,475168.812,240511.788,7199.095,0.684,1107.46,6090.951,41.386,36567.957,27408.162,4455.972,4703.823,2493.028,115304,23.5602580166,32.0823637822,321107.755,824563.429,17492.088,485963.586,243046.202,293699.593,182168.912755,135.687463104,146.518051764,142.722647344,132.328098507,7.2483523829,69.9710700309,11.4439107092,120.828667413,3.24314943187,16.209966977,-3.73451233706,-31.6295608683,3.53127702508,47.5684559622,9.54289060814,89.2486287875,10086.872,0.2705,False
2022-05,44.56,47.55,42.31,44.28,29.27090546,18.42,18.4,18.33,18.55,4,2022-05-27,132420,31292,38070,94350,823863.652,303642.823,14530.808,505690.021,262903.093,7382.265,0.675,1201.295,6180.295,42.625,38552.103,28160.631,5227.657,5163.815,2693.928,101128,23.6308714696,28.7494336203,331804.129,869798.02,20959.76,517034.131,265639.646,303643.498,182788.550028,148.864700572,162.19788852,156.326492445,145.633069271,2.98080215666,73.4959500618,12.9817444219,143.89709907,3.33108554167,20.5873467629,0.340144354754,-30.4955840641,-12.2133609117,102.177198956,-11.950251836,177.362169828,10696.374,0.182,False
2022-06,49.53,53.57,47.25,48.08,30.72037698,18.1775,18.24,17.92,18.3,4,2022-06-24,161684,43149,50830,110854,862746.277,317646.556,16880.439,528219.282,281700.477,6684.676,0.667,1273.284,5410.725,42.48,40625.14,29333.803,5743.747,5547.59,2981.569,118535,26.6872417803,31.4378664556,346981.026,910056.093,23897.47,539177.597,284724.526,317647.223,182130.443366,157.661077483,174.110890861,166.341643201,150.669888043,4.95191896944,78.6183970249,11.1535008977,164.019189765,4.5740530854,25.0850479739,-0.360037136768,-29.9707924506,22.0993807582,11.316584852,37.8914738591,40.9499232352,15176.897,-0.2425,True
2022-07,53.04,57.13,51.48,52.28,31.44699761,18.304,18.45,17.53,18.67,5,2022-07-29,99646,20198,31745,67901,876661.086,320462.724,18632.978,537565.384,299984.338,6985.061,0.657,1299.543,5684.861,42.339,41034.144,29522.761,5903.985,5607.398,3096.124,79448,20.2697549325,31.8577765289,349986.142,924680.291,25836.506,548857.643,303122.801,320463.381,179463.039711,164.932799586,181.39105571,177.045570582,160.046042087,2.36527250454,79.6020524917,7.08661417323,173.261205564,0.866075022788,25.9230573251,-1.46455672424,-29.8877403804,-38.3699067316,-13.54976402,-53.1901086931,-7.07581891792,3005.116,0.1265,False
2022-08,56.26,60.25,53.69,54.57,31.90627966,18.61,18.79,18.41,18.79,4,2022-08-26,131713,23440,43553,88160,891882.486,323899.426,20761.178,547221.882,321606.261,7145.462,0.649,1331.654,5813.159,42.108,41696.342,29600.697,6176.212,5919.433,3342.196,108273,17.796269161,33.0665917563,353500.772,940724.29,28269.044,558954.474,324990.565,323900.075,178655.980101,172.427393568,188.543565562,181.988083595,164.651743427,1.46049570676,80.2075940981,6.07088989442,181.44072036,1.00421976136,26.1956149851,-0.449707979663,-29.9720882371,32.1809204584,-12.7919064046,16.0510941677,-19.5773004872,3514.63,0.306,False
2022-09,59.48,64,56.29,59.23,32.88767303,20.258,20.42,18.96,21.45,5,2022-09-30,124030,18139,42615,81415,909970.585,324621.294,23306.795,562042.496,344449.271,7156.321,0.639,1344.639,5811.043,40.78,42723.106,29779.034,6690.731,6253.341,3630.502,105891,14.6246875756,34.3586229138,354400.967,959850.012,31342.165,574106.88,348120.553,324621.933,173766.122787,176.856292653,194.302174069,185.107415807,173.379255585,3.07586274695,83.4524935821,5.72342694632,186.374578719,0.254651494792,25.2631143831,-2.73702414607,-31.7190451123,-5.83313719982,-21.4099696488,-22.6151877133,-42.6053664093,900.195,1.648,False
2022-10,62.09,66.23,59.64,62.56,34.05347034,20.9825,21.4,20.74,21.4,4,2022-10-28,127049,16988,51311,75738,934733.378,325531.118,26199.677,583002.583,363550.069,7129.728,0.066,1343.98,5785.682,39.897,43784.093,29891.908,7352.466,6539.719,3738.505,110061,13.3712189785,40.3867799038,355423.092,985647.199,34896.123,595327.984,367328.471,325531.184,168301.358901,178.29656902,194.188814424,189.409594018,176.857674653,3.54478502914,85.5147863926,4.38802958978,186.789838337,0.288409201773,24.5036386259,-3.14489602393,-32.8874851181,2.43408852697,-16.5403210973,-6.34544351949,-43.5464575302,1022.125,0.7245,False
2022-11,64.2,67.96,61.09,64.48,35.035492,21.575,21.45,21.45,21.73,4,2022-11-25,130513,18752,45694,84819,970703.382,326065.586,30917.99,613719.806,399502.227,7185.429,1.238,1344.89,5839.301,39.854,45344.673,30167.77,8149.196,7027.707,4166.195,111761,14.3679173722,35.011071694,356234.594,1023233.484,40412.076,626586.814,403708.276,326066.824,163957.478114,179.18824276,193.676077859,188.576521205,177.17618883,2.88376382846,84.389259965,3.39829280077,176.485788114,0.228319998972,22.1151793014,-2.58101349589,-33.7731604734,2.72650709569,-32.313556685,10.3838003296,-55.340684465,811.502,0.5925,False
2022-12,66.85,70.87,63.65,66.81,35.44985111,20.564,19.97,19.97,20.92,5,2022-12-30,225623,24128,88600,137023,1023442.303,329376.753,38878.264,655187.286,447857.793,7417.869,1.507,1399.9,6016.462,39.293,47587.415,30665.296,9377.639,7544.48,4485.412,201495,10.6939452095,39.2690461522,360043.556,1078447.587,49655.803,668748.228,452382.498,329378.26,163773.633947,184.403729043,199.60841647,194.182329942,181.432716717,1.18268386241,64.2695975302,4.1277258567,151.883948757,1.06922855448,20.4289822348,-0.112129174276,-26.6882100855,72.873966578,-7.30209206396,28.6689419795,-50.0062160706,3808.962,-1.011,True
2023-01,73.88,77.45,69.99,73.71,37.80689159,21.65,21.11,21.11,22.53,4,2023-01-27,102927,17159,29924,73003,1064825.205,331589.498,41901.486,691334.221,487915.812,7792.058,1.479,1401.791,6388.788,37.837,49152.8,31062.767,9967.879,8122.154,4917.53,85768,16.6710386973,29.0730323433,362653.744,1121770.063,53271.156,705845.163,492871.179,331590.977,154676.576864,191.09028927,204.541427306,200.212291722,187.691232667,6.64894324291,57.6824810665,10.5160807779,146.677796327,0.724964509572,20.588368467,-5.55465300753,-23.5245617323,-54.3809806624,10.5339461758,-28.8834549072,-11.1116866971,2610.188,1.086,False
2023-02,78.4,81.89,74.71,80.52,38.99593573,21.0125,20.79,20.79,21.27,4,2023-02-24,84396,18329,25348,59048,1133091.408,336222.413,45042.806,751826.189,508986.859,7933.324,2.048,1396.756,6534.52,35.978,50744.397,31611.531,10626.521,8506.345,4996.48,66067,21.7178539267,30.0345987962,367835.992,1191769.129,57066.083,766867.054,514019.317,336224.461,152103.159226,196.59814684,209.672926656,207.197783731,198.78012877,3.14504602202,55.1798282334,6.1180292366,142.724458204,1.42897959438,20.9772570639,-1.66374100728,-22.0406038329,-18.0040222682,-18.4083065054,6.81857917128,-12.967711301,5182.248,-0.6375,True
2023-03,84.68,88.17,81.32,86.78,39.88873981,17.606,17.79,16.5,19.34,5,2023-03-31,111322,26732,35737,75585,1200722.848,357370.251,51241.703,792110.894,571324.065,8024.189,2.015,1399.967,6622.207,34.914,55377.039,34337.077,11866.219,9173.743,5538.15,84590,24.0132229029,32.1023697023,391709.343,1264124.076,64507.889,807906.844,576897.129,357372.266,158349.600887,207.593253961,220.699503837,220.48181188,209.439155044,2.28947982216,50.5085107094,8.01020408163,139.276631817,6.49021616134,25.9431004188,4.1067139519,-16.3216087747,31.9043556567,-23.5940095266,45.8453816357,-17.6031809635,23873.351,-3.4065,False
2023-04,87.55,89.9,87.01,88.61,40.84028928,18.5875,18.74,18.2,19.05,4,2023-04-28,92607,22961,31102,61505,1244993.457,373677.599,58407.787,812908.071,637231.286,8306.084,3.978,1434.735,6867.371,35.672,60072.312,36787.193,13447.074,9838.045,6041.51,69646,24.7940220502,33.5849341842,410468.77,1313371.853,73289.596,829613.487,643308.468,373681.577,162067.028369,209.628363456,219.786854771,230.412520263,208.873081667,2.38550897956,43.6841698017,3.38923004251,121.982758621,4.78911910968,27.8289806486,2.34760773675,-11.0347501573,-16.8115915991,-38.6070284998,-14.1066886129,-35.3921044486,18759.427,0.9815,False
2023-05,91.12,93.76,92.39,91.63,40.85788148,18.5625,19.34,17.99,19.34,4,2023-05-26,133287,31033,48810,84477,1283037.521,393959.785,63427.971,825649.765,714434.828,8539.465,6.43,1470.093,7062.942,33.797,64115.233,38747.754,15084.737,10282.742,6526.431,102254,23.2828407872,36.6202255284,432713.969,1355692.219,79982.801,842995.449,720995.056,393966.215,170776.626323,218.082375847,229.125057214,244.554037951,215.898880106,0.0430756008592,39.5853009598,4.07766990291,104.488330341,5.41946199707,30.4124726549,5.37407148263,-6.5714858526,43.9275648709,0.6547349343,35.1552632725,-0.827687587882,22245.199,-0.025,False
2023-06,95.66,95.83,97.32,97.62,42.459714,21.294,24.45,18.05,24.45,5,2023-06-30,90118,14354,29656,60462,1298741.169,398951.933,64797.001,834992.235,785892.685,8705.143,6.388,1518.579,7180.176,35.395,66549.352,39368.104,16381.127,10800.121,7719.888,75764,15.9280055039,32.9079651124,438326.425,1373995.664,82696.707,852972.532,793647.968,398958.321,166465.388072,220.310915443,225.348803065,247.885287345,221.335097448,3.92049822942,38.2135187587,4.98244073749,93.1354734504,1.29703601041,26.3257619741,-2.52448964709,-8.6010087084,-32.3880048317,-44.2628831548,-53.7460123095,-66.7338756402,5612.456,2.7315,False
2023-07,101.87,102.85,103.32,101.32,46.48864164,32.24,33.99,28.3,34.09,4,2023-07-28,117058,15363,35763,81295,1323812.168,401153.335,66473.905,856184.928,848496.21,8870.029,6.29,1493.103,7370.636,34.896,69429.502,40482.32,17878.913,11068.269,8328.678,101695,13.1242631858,30.551521468,441641.945,1402111.699,85845.921,874623.833,856859.784,401159.625,153188.73008,214.280254041,220.896213485,240.360587086,209.815163515,9.4888242535,47.8317333074,6.49174158478,92.0625942685,0.756404316714,26.1884091971,-7.97562673298,-14.6405129847,29.8941387958,17.4738574554,7.02939947053,-23.9380136647,3315.52,10.946,False
2023-08,108.97,108.24,110.9,106.85,50.71296836,36.22,36.93,35.1,36.93,4,2023-08-25,132124,17486,40713,91411,1346884.72,404416.975,67637.419,874830.326,914682.656,8988.58,6.219,1526.267,7456.094,36.045,72436.344,42745.949,18343.73,11346.665,9404.491,114638,13.2345372529,30.8142351125,447169.143,1428309.644,87507.416,893633.085,924123.192,404423.194,142185.776596,210.121562823,213.107916917,236.503858068,202.835535129,9.08679318426,58.9435336881,6.96966722293,93.6900106648,1.25151110817,26.497359672,-7.18261289693,-20.4136483336,12.8705428078,0.312042091517,13.8189155764,-25.4010238908,5527.198,3.98,False
2023-09,116.18,112.98,117.82,115.76,53.12341372,40.246,42.21,35.69,42.79,5,2023-09-29,110810,9030,35186,75624,1351552.271,402418.904,67423.993,881709.374,965515.677,8979.024,6.144,1498.043,7474.837,33.986,74107.218,43305.926,19044.147,11757.145,10288.969,101780,8.14908401769,31.7534518545,445730.974,1434638.513,87966.183,900941.356,975838.632,402425.048,135297.632761,213.859279879,212.347145514,239.860513203,209.778555375,4.7531143176,61.5298646138,6.61649995412,95.3261600538,-0.321616332995,25.7702476867,-4.84446756896,-22.1380838847,-16.1318155672,-10.658711602,-48.3586869496,-50.2177628315,-1438.169,4.026,False
2023-10,119.18,116.29,119.4,115.8,54.9476619,41.5275,41.47,41.46,41.66,4,2023-10-27,106183,6132,37799,68384,1363386.712,399690.859,68097.725,895598.128,1001053.093,9008.194,6.07,1498.036,7504.088,32.965,74659.003,43134.248,19609.561,11915.194,10379.311,100051,5.77493572417,35.5979770773,442831.177,1447053.909,89205.322,915017.41,1011465.369,399696.929,129954.801634,212.098143351,211.311914729,235.00701419,202.884042374,3.43398146364,61.3570110517,2.58220003443,91.9471734579,-0.650571122302,24.5926860036,-3.94894649529,-22.7844608725,-4.17561591914,-16.4235846012,-32.0930232558,-63.9039321874,-2899.797,1.2815,False
2023-11,120.07,115.16,121.52,119.78,56.75054812,42.15,42.85,41.67,42.85,4,2023-11-24,100579,5668,35047,65532,1380423.338,397417.869,69492.394,913513.075,1068753.881,9132.695,5.992,1509.84,7616.863,32.525,75328.327,42773.562,20194.986,12359.779,11531.276,94911,5.63537120075,34.8452460255,440197.423,1464884.36,91197.22,933489.717,1080317.682,397423.861,125077.961339,206.893646072,202.610723685,231.581261651,203.190217686,3.28109724356,61.9801660556,0.746769592213,87.0249221184,-0.594753517095,23.5695326659,-3.75272035648,-23.7131707696,-5.27768098472,-22.9356462575,-7.56686236138,-69.773890785,-2633.754,0.6225,False
2023-12,122.43,117.48,124.3,121.61,58.41175431,42.088,41.5,41.5,42.58,5,2023-12-29,148724,6593,57399,91325,1430560.556,395553.42,73461.094,961546.042,1172757.616,9474.395,6.515,1574.966,7892.914,31.585,76128.837,42438.15,20862.507,12828.18,12253.124,142131,4.43304375891,38.5943089212,437998.085,1516163.788,95898.567,982267.136,1185042.325,395559.935,120913.647005,204.960561763,200.814246526,230.142376857,200.427627643,2.92720730465,64.7729185907,1.96552011327,83.1413612565,-0.499625369229,21.6514162525,-3.32937496666,-26.1702606878,47.8678451764,-34.0829614002,16.3196894848,-72.6749005305,-2199.338,-0.062,True
2024-01,125.71,118.07,129.41,123.25,62.32727511,41.5775,41.21,41.21,42.1,4,2024-01-26,84801,6255,27350,57451,1449562.724,394290.787,71708.902,983563.035,1236763.565,10130.661,6.435,1550.062,8574.164,30.553,75973.689,42139.11,21064.421,12770.158,13109.058,78546,7.37609226306,32.2519781606,436436.332,1535667.074,94323.385,1004907.357,1249903.176,394297.222,112913.563945,197.230642323,189.143863117,224.551216457,190.369484956,6.70330971266,64.85691494,2.67908192436,70.1543042772,-0.356566170832,20.3451885499,-6.61636073193,-27.0002179808,-42.9809580162,-17.6105395086,-5.12664947672,-63.5468267382,-1561.753,-0.5105,True
2024-02,129.87,122.22,133.33,124.9,65.15019471,40.965,40.99,40.89,41.03,4,2024-02-23,99558,9387,31549,68009,1492380.469,395670.608,70668.758,1026041.103,1300581.003,10432.933,6.357,1530.319,8896.257,29.275,76914.593,42237.227,21487.297,13190.069,14354.384,90171,9.42867474236,31.6890656703,437914.192,1579727.995,93686.374,1048127.429,1314964.662,395676.965,108386.866487,194.928717574,187.308460088,221.328772989,184.559016718,4.52918821658,67.0691919309,3.30920372285,65.6505102041,0.33861983791,19.051479878,-4.00899351671,-28.741212846,17.4019174302,17.9653064126,50.071942446,-48.786076709,1477.86,-0.6125,True
2024-03,131.49,123.26,134.44,130.02,67.21068098,42.302,43.53,40.88,43.53,5,2024-03-29,111345,13671,37308,74037,1538364.66,400774.934,69674.374,1067915.352,1395320.942,10651.012,6.272,1564.113,9080.627,29.132,78173.982,43188.818,21649.528,13335.636,16016.512,97674,12.2780546949,33.5066684629,443970.024,1627189.654,92888.015,1090331.615,1411366.586,400781.206,106516.947302,191.309762578,183.111111874,216.32958809,186.234618374,3.16267093164,68.4953731307,1.2474012474,55.2786962683,1.38288096404,13.3416988729,-1.72522672351,-32.7330497171,11.8393298379,0.0206607858285,45.6375838926,-48.8590453389,6055.832,1.337,False
2024-04,132.7,122.87,135.1,131.98,69.34781897,44.72,44.7,44.1,45.14,4,2024-04-26,80276,7482,26237,54039,1561083.978,400962.855,68866.902,1091254.221,1404256.457,10846.734,6.189,1522.392,9318.153,28.475,76460.623,43018.271,20645.091,12797.261,16317.746,72794,9.3203448104,32.6834919528,443987.315,1648391.335,91034.385,1113369.635,1420602.678,400969.044,103238.364092,187.120262963,176.906537968,210.692102734,183.216197111,3.17975946507,69.8024675941,0.920222070119,51.5705311251,0.00389463230968,8.1659184449,-3.07799208801,-36.2989714004,-27.90336342,-13.3154081225,-45.2710116305,-67.4143112234,17.291,2.418,False
2024-05,137.9,127.96,140.91,135.59,71.6834975,44.694,44.98,44.02,44.98,5,2024-05-31,118926,10828,40024,78902,1599182.943,403541.877,70648.159,1124992.907,1438132.875,11228.22,6.109,1460.387,9761.724,28.546,75426.111,42949.982,19841.275,12634.854,16123.551,108098,9.10482148563,33.6545414796,446497.968,1685837.274,91949.821,1147389.485,1454284.972,403547.986,100439.295701,188.116886624,178.232080516,212.592697908,182.094580827,3.36806342967,75.4459480115,3.91861341372,51.3388937665,0.565478543007,3.18547585414,-2.71126767173,-41.1867432542,48.1463949375,-10.7744941367,44.7206629244,-65.1081107208,2510.653,-0.026,True
2024-06,140.03,130.58,143.21,139.11,72.85966164,44.4825,44.16,44.16,44.84,4,2024-06-28,82924,7150,26958,55966,1644610.4,403376.154,70117.234,1171117.012,1481453.154,11487.311,6.015,1448.238,10033.058,27.926,74779.716,43139.643,19067.501,12572.572,16902.289,75774,8.62235299793,32.5092856109,446521.812,1730877.427,90632.973,1193722.642,1498383.369,403382.169,98823.1941783,187.938883214,178.945320657,212.574864023,183.806027043,1.64077393127,71.59715593,1.54459753445,46.3830232072,0.00534022587084,1.86969950534,-1.60903310959,-40.6343893328,-30.2726064948,-7.98286690783,-33.9674916882,-50.1881008778,23.8439999999,-0.2115,True
2024-07,141.33,130.43,144.22,138.75,75.2097909,44.0975,43.72,43.72,44.26,4,2024-07-26,132426,11990,43049,89377,1672936.555,406195.141,66615.411,1200126.003,1527792.644,11885.792,5.926,1439.17,10440.696,25.976,74702.973,43962.982,18225.232,12514.759,17406.808,120436,9.0541132406,32.5079667135,450164.049,1759525.32,86279.813,1223081.458,1545225.428,406201.067,96516.104704,183.756487516,173.154564768,207.384753712,177.601716098,3.22555609936,61.7810033737,0.928372491609,38.7356434672,0.815690723749,1.92964099006,-2.33456274461,-36.9952968121,59.6956249096,13.1285345726,67.6923076923,-21.9553472629,3642.237,-0.385,True
2024-08,146.5,137.79,150.39,141.44,77.0707942,43.53,43.48,43.48,43.64,5,2024-08-30,139411,14117,44080,95331,1713343.686,411268.024,63285.457,1238790.205,1593798.901,12233.602,5.836,1399.199,10828.567,26.525,75156.637,45002.105,17420.292,12734.24,19377.186,125294,10.1261736879,31.618738837,456275.965,1800733.925,82104.948,1262353.012,1613202.612,411273.86,95464.3273127,185.879071067,178.508416643,211.035170833,176.673316096,2.47441626646,51.974527803,3.65810514399,34.4406717445,1.35770859836,2.03654973572,-1.0897428927,-32.8594395319,5.27464395209,5.51527353093,17.7397831526,-19.2668420451,6111.916,-0.5675,True
2024-09,148.01,139.42,153.87,142.58,79.35840832,43.15,42.93,42.93,43.25,4,2024-09-27,146557,16507,47145,99412,1751049.089,418965.426,60566.341,1271517.322,1628781.253,12404.91,5.746,1365.493,11033.671,25.527,75313.669,45912.018,16726.604,12675.047,21145.006,130050,11.263194525,32.1683713504,464883.19,1838767.668,78658.438,1295226.04,1649951.786,418971.172,94461.372744,182.381512508,175.413478888,209.69434584,172.963398125,2.9681984515,49.3849938528,1.03071672355,27.3971423653,1.88640771381,4.29681065871,-1.05060664745,-30.1825384406,5.12585090129,32.2597238516,16.9299426224,82.8017718715,8607.225,-0.38,True
2024-10,151.08,141.15,158.5,148.98,81.64382342,41.5175,41.29,41.29,41.76,4,2024-10-25,171619,21979,60513,111106,1800488.469,433113.434,58438.908,1308936.127,1662393.577,12534.953,5.65,1339.761,11189.542,25.29,75743.939,46913.402,16087.707,12742.83,21810.898,149640,12.8068570496,35.2600819257,480032.486,1888767.361,75866.376,1332868.499,1684229.765,433119.084,94809.2373346,180.953232018,172.618913913,209.957622871,175.66821264,2.87986509354,48.5847087881,2.07418417674,26.7662359456,3.25873172571,8.40078814053,0.36826120623,-27.0444522692,17.1005137933,61.6256839607,33.1495729085,258.431180691,15149.296,-1.6325,False
2024-11,155.38,145.4,163.84,151.63,83.47592526,41.236,41.33,40.88,41.36,5,2024-11-29,159805,22789,52168,107637,1855448.148,447714.098,58373.35,1349360.7,1742758.359,12564.956,4.958,1312.7,11247.298,25.313,76297.538,47945.373,15472.756,12879.409,24693.748,137016,14.2605049905,32.6447858327,495664.429,1944310.642,75158.806,1373487.407,1767477.42,447719.056,95748.0351073,182.018939053,173.913780993,212.267943806,174.868844683,2.24401768959,47.0927207319,2.84617421234,29.4078454235,3.2564343989,12.6004840333,0.99019652415,-23.4493158649,-6.88385318642,58.8850555285,3.68533600255,302.064220183,15631.943,-0.2815,False
2024-12,158.46,148.57,167.19,152.32,84.33417324,41.055,40.87,40.87,41.23,4,2024-12-27,222112,24480,81219,140893,1931931.615,462828.022,58935.723,1410167.87,1828621.369,12592.32,4.861,1272.884,11314.575,25.751,76640.074,48940.813,14959.149,12740.112,26148.666,197632,11.0214666475,36.5666870768,511773.696,2021164.009,75167.756,1434222.557,1854795.786,462832.883,97853.8071836,183.737906154,175.896972145,214.403771841,173.876899184,1.0281383253,44.378771424,1.98223709615,29.4290615045,3.25003491425,16.8438204473,2.19928489802,-19.0713293271,38.9893933231,49.3450956134,7.42024661021,271.302897012,16109.267,-0.181,False
2025-01,165.88,153.01,177.15,159.77,88.57829117,40.536,40.23,40.23,40.87,5,2025-01-31,117025,17516,34783,82242,1972539.962,473468.031,55892.296,1443179.635,1880569.667,12879.837,4.763,1204.759,11670.315,23.973,76115.674,49466.084,14054.97,12594.62,27494.29,99509,14.9677419355,29.7227088229,522938.878,2061535.473,71152.025,1467444.57,1908087.93,473472.794,95197.8174636,183.125756599,172.473886365,216.291560599,173.642681872,5.03250078461,42.1180229902,4.68256973369,31.9544984488,2.18166390482,19.8201981956,-2.71424259967,-15.6896530964,-47.3126170581,37.9995518921,-28.4477124183,180.03197442,11165.182,-0.519,True
2025-02,170.55,157.12,182.92,165.98,90.59196963,39.975,39.86,39.86,40.05,4,2025-02-28,117586,17593,35695,81891,2025591.617,483305.742,53944.499,1488341.376,1897404.414,13168.909,12.965,1144.91,12011.034,23.006,77294.582,51174.271,13274.442,12845.869,28107.44,99993,14.9618151821,30.3565050261,534492.978,2116055.108,68363.851,1513198.279,1925534.86,483318.707,95138.3599596,184.096157846,173.169977448,218.37212781,176.382139191,2.2733317988,39.0509576115,2.81528816012,31.3236313236,2.20945515548,22.0542717647,-0.062456793175,-12.2233504456,0.479384746849,18.1080375259,0.439598081754,87.4187706402,11554.1,-0.561,True
2025-03,173.88,160.77,186.45,172.42,92.82052423,39.38,38.79,38.79,39.85,4,2025-03-28,115788,19109,35281,80507,2076956.21,493369.496,52119.416,1531467.298,1964138.87,13690.554,12.731,1104.99,12572.833,22.752,80659.262,54443.592,12782.381,13433.289,29751.605,96679,16.5034373165,30.4703423498,547825.819,2171306.026,66006.787,1557473.42,1993913.227,493382.227,95170.3876937,183.18432886,172.938555413,217.242146898,178.826621305,2.45999133157,38.1038294458,1.95250659631,32.2381930185,2.49448384708,23.3925241313,0.0336643748066,-10.6523514761,-1.52909359958,3.99030041762,8.61706360484,39.7776314827,13332.841,-0.595,False
2025-04,176.41,165.17,191.96,172.47,95.6019765,39.5625,39.65,39.42,39.65,4,2025-04-25,123569,18340,36775,86794,2150839.403,503675.326,50732.469,1596431.608,2038831.886,14782.91,12.49,1071.966,13698.454,22.74,83824.84,57526.525,12502.82,13795.495,31558.147,105229,14.8419101878,29.7607004993,561214.341,2249447.153,64307.255,1623925.557,2070412.773,503687.816,94659.7270542,180.442581601,172.50239524,217.154875982,173.674173033,2.99659185624,37.8586636464,1.45502645503,32.9389600603,2.44393775095,26.4032376691,-0.536575138394,-8.30954375617,6.72004007324,53.9301908416,-4.02428175205,145.121625234,13388.522,0.1825,False
2025-05,182.33,169.52,198.92,177.77,97.06307144,42.14,43.56,40,43.56,5,2025-05-30,135664,20325,41860,93804,2214699.916,515780.919,48469.026,1650449.971,2172724.595,15647.906,12.244,1051.158,14584.504,23.127,84665.232,59062.108,11977.241,13625.883,33901.576,115339,14.9818669654,30.8556433542,574855.271,2315013.054,61497.425,1678660.358,2206649.298,515793.163,95500.9840645,183.690546033,174.38043064,221.641017846,176.316513651,1.52831039011,35.4050441526,3.35581883113,32.2189992748,2.43060966256,28.747567111,0.888716919428,-4.91671272904,9.78805363805,14.0742983031,10.8233369684,87.7077946066,13640.93,2.5775,False
2025-06,185.96,173.13,203.64,183.62,98.39599463,43.47,43.23,43.23,43.61,4,2025-06-27,112196,15101,35267,76929,2288847.198,523091.256,46959.848,1718796.094,2219889.443,16379.474,13.988,1024.168,15341.318,22.143,84460.932,59541.452,11355.275,13564.205,36265.105,97095,13.4594816214,31.4333844344,582646.696,2389687.604,59339.291,1747701.617,2256176.691,523105.244,95484.1368694,184.809724853,175.681382719,223.826438075,179.651608615,1.37325469947,35.0486571241,1.9908956288,32.8001142612,1.35537158535,30.4856068263,-0.0176408601824,-3.37881945292,-17.2986201203,35.2997925812,-25.7023370234,111.202797203,7791.425,1.33,False
2025-07,187.78,174.17,206.37,181.93,100.4219248,42.5625,41.9,41.9,43.08,4,2025-07-25,148939,19315,46514,102425,2345029.029,533801.236,44821.748,1766406.045,2347655.797,17140.246,13.707,991.586,16134.953,21.925,83890.116,60163.968,10753.232,12972.916,40752.668,129624,12.9683964576,31.230235197,593978.911,2446059.391,56566.566,1795513.914,2388430.39,533814.943,95377.4799101,182.853592166,173.171190492,222.251007373,174.407166161,2.05895593374,33.5224092479,0.978705097871,32.8663411873,1.94495482044,31.9472117597,-0.111701234113,-1.17972518404,32.7489393561,12.4696056666,27.905436726,61.0925771476,11332.215,-0.9075,True
2025-08,192.44,179.45,212.28,186.14,102.46576131,40.36,39.56,39.56,41.37,5,2025-08-29,149440,20646,46459,102981,2464815.502,601572.083,42076.359,1821167.06,2447051.331,18859.206,13.418,946.701,17899.087,22.186,84558.993,61148.654,10247.11,13163.229,44181.648,128794,13.8155781585,31.0887312634,662734.155,2568233.701,53270.17,1852229.376,2491255.165,601585.501,104295.108616,183.653529917,174.862033089,224.055713496,174.883761494,2.03524928851,32.9501821976,2.48162743636,31.3583617747,11.5753678669,45.2485350615,9.34982630503,9.25034675441,0.336379323079,7.19383692822,6.89101734403,46.2492030885,68755.244,-2.2025,False
2025-09,195.66,182.07,217.3,191.3,105.78000589,38.8,38.12,38.12,39.28,4,2025-09-26,156918,22264,49608,107310,2502474.591,560419.305,39710.75,1902344.536,2499505.761,19689.006,13.121,884.565,18791.32,21.903,86283.541,62692.832,9677.429,13913.28,47845.783,134654,14.1883021706,31.6139639812,623125.258,2608447.138,50272.744,1935049.136,2547373.447,560432.426,94989.3962489,180.876091706,171.856371237,222.168178672,174.100464773,3.23448978237,33.2940114719,1.67324880482,32.1937706912,-5.9765890593,34.0391030271,-8.92248207076,0.55898351846,5.00401498929,7.06960431777,7.83686912719,34.8761131641,-39608.897,-1.56,True
2025-10,198.87,186.87,219.37,194.95,108.47758107,37.94,37.75,37.75,38.04,5,2025-10-31,170955,24684,57675,113280,2582822.339,577241.229,39262.828,1966318.282,2541151.583,20302.045,12.359,825.89,19463.796,21.947,88556.496,64237.894,9423.529,14895.073,49850.813,146271,14.4388874265,33.7369483197,641491.482,2691680.88,49512.247,2000677.151,2591024.343,577253.588,95357.3690871,179.271802215,172.000783529,218.707138357,173.010234394,2.55017491945,32.8668557228,1.64060104262,31.6322478157,2.9474369341,33.6350144436,0.387383068787,0.578141716865,8.94543647,-0.386903547975,10.8695652174,12.3072023295,18366.224,-0.86,False
2025-11,204.04,191.32,225.94,199.43,109.41593639,37.7625,37.7,37.7,37.87,4,2025-11-28,146989,22523,49174,97815,2676003.78,592658.577,39260.679,2044084.524,2649386.332,20863.109,12.096,780.969,20070.044,20.541,90487.59,65441.819,9232.236,15813.535,54123.568,124466,15.3229153202,33.4542040561,658112.492,2787354.479,49273.884,2079968.103,2703530.441,592670.673,96989.0960646,182.354899536,174.586485611,223.325470815,175.468213801,0.865022349083,31.0748410984,2.59968823855,31.3167717853,2.5909946533,32.7737988638,1.7111702987,1.29617381272,-14.018893861,-8.01977409968,-8.75465888835,-1.16722980385,16621.01,-0.1775,False
2025-12,204.36,190.92,225.46,198.84,110.38696292,37.29,36.57,36.57,37.75,4,2025-12-26,265223,30604,101721,163502,2824386.114,611611.713,41353.636,2171420.765,2746157.202,21447.166,11.826,739.691,20695.649,19.579,92955.099,66689.515,9865.24,16400.344,57683.036,234619,11.5389690939,38.3530086003,678313.054,2938788.379,51958.567,2208516.758,2803859.817,611623.539,99086.7876524,181.034277176,172.688919824,220.890700863,173.410151258,0.887463528657,30.8923283161,0.156831993727,28.9663006437,3.06946946693,32.5416017473,2.1628117726,1.26002299174,80.4373116356,19.4095771503,35.8788793678,25.0163398693,20200.562,-0.4725,False
2026-01,211.73,196.7,233.3,205.92,115.73,36.238,35.93,35.93,36.38,5,2026-01-30,111480,20263,34069,77411,2870262.788,623781.696,38607.431,2207873.661,2828304.324,22919.395,11.547,703.73,22204.118,19.042,94068.152,66871.614,9646.134,17550.404,62801.889,91217,18.176354503,30.5606386796,690664.857,2987250.335,48957.295,2247628.183,2891125.255,623793.243,96233.163787,178.90362788,169.702890205,218.019079124,171.293594849,4.8402790861,30.6527801241,3.60638089646,27.6404629853,1.82095905823,32.0737252586,-2.87992368409,1.08757359251,-57.9674462622,-4.73830378124,-33.7897006927,15.6828042932,12351.803,-1.052,True
2026-02,215.4,200.95,237.14,208.53,119.16,35.155,34.63,34.63,35.9,4,2026-02-27,124549,25035,37785,86764,2916790.761,647184.569,37042.569,2232563.623,2867615.393,23911.431,11.261,659.546,23240.624,18.699,95927.781,67899.064,9426.182,18602.535,68018.282,99514,20.1005226859,30.3374575468,715094.894,3036629.973,47128.297,2274406.782,2935652.374,647195.83,96769.0641932,176.765663398,168.379163652,215.228627508,168.471559493,2.96379504018,31.5348374549,1.73333963066,26.2972735268,3.53717678732,33.7893898393,0.556877052676,1.71403441706,11.7231790456,5.9216233225,23.5503133791,42.3009151367,24430.037,-1.083,False
2026-03,219.52,205.1,243,214.1,121.47,34.655,35.52,34.17,35.52,4,2026-03-27,113367,25978,35725,77642,3044234.682,672355.644,36492.582,2335386.456,2959096.498,24531.655,10.966,626.505,23894.184,18.568,97835.746,68868.929,9383.623,19583.194,72685.599,87389,22.9149576155,31.5126976986,741235.539,3166602.083,46502.71,2378863.834,3031800.665,672366.61,98398.9719136,176.720839357,168.588311471,216.353017815,169.682159674,1.93856998993,30.8654535273,1.91272051996,26.2479871176,3.65554910535,35.3049661575,1.68432725276,3.39242520508,-8.97799259729,-2.09089024769,3.76672658278,35.9464126851,26140.645,-0.5,False
2026-04,223.32,208.32,249.43,218.58,126.55,36.615,37.27,35.82,37.27,4,2026-04-24,126808,25771,40306,86502,3088785.577,696053.808,35365.09,2357366.679,3032383.317,25043.061,10.663,601.248,24431.15,18.923,99982.565,70522.261,9203.319,20256.985,77392.653,101037,20.3228502934,31.7850608794,766586.732,3213811.203,45169.657,2402054.814,3109794.893,696064.471,97679.292986,172.563194855,164.361330965,213.163210426,166.278776199,4.18210257677,32.3717402433,1.73104956268,26.591463069,3.42012648695,36.5942877785,-0.731388665591,3.18991616151,11.8561838983,2.62120758443,-0.796828085303,40.5179934569,25351.193,1.96,False
2026-05,226.99,212.47,252.96,218.44,128.72,38.426,38.9,37.95,38.9,5,2026-05-29,93333,19754,30196,63137,3133546.274,709646.689,34335.236,2389564.349,3174718.718,25395.756,10.351,580.647,24804.758,18.656,102373.417,72523.484,9113.744,20736.189,80583.942,73579,21.1650755896,32.3529726892,782180.524,3261315.447,44029.627,2435105.296,3255321.316,709657.04,97986.0668756,172.442137235,164.809567179,212.535527258,163.370893437,1.714737258,32.6148019946,1.64338169443,24.4940492514,2.034184959,36.0656435557,0.31406235675,2.60215414059,-26.3981767712,-31.2028246255,-23.3479492453,-2.80934809348,15593.792,1.811,False
2026-06,231.34,216.62,255.69,225.16,129.99,40.335,41.56,39.33,41.56,4,2026-06-26,129979,25993,43406,86573,3261835.156,724644.148,32850.77,2504340.238,3216355.37,25816.061,10.03,546.852,25259.179,18.381,106931.726,76031.286,9542.412,21358.028,82750.605,103986,19.9978458059,33.3946252856,800685.464,3394582.943,42940.034,2550957.445,3299124.356,724654.178,99324.2648167,174.029747695,166.387018547,212.730379406,166.751536208,0.986637663145,32.1090360322,1.91638398167,24.4030974403,2.36581446766,37.4221238182,1.36570227154,4.02174442082,39.2637116561,15.8499411744,31.5834767642,72.127673664,18504.94,1.909,False
