quarter,bddk_housing_credit_stock_million_tl,finturk_domestic_provinces_million_try,finturk_abroad_million_try,finturk_all_geographies_million_try,evds_housing_credit_stock_million_tl,balance_amount_million_try,reporting_bank_count,finturk_domestic_minus_bddk_million_try,finturk_domestic_minus_bddk_pct,finturk_all_minus_bddk_pct,evds_minus_bddk_pct,tbb_minus_bddk_pct,source_scope,comparison_interpretation
2021-03,276687,276723.428,908.697,277632.125,276659.031,256951.967046,32.0,36.428000000014435,0.013165779382484337,0.3415863412448001,-0.010108534192059175,-7.13262023658502,Banks listed in each TBB source workbook,FinTurk domestic provinces are directly reconcilable after unit conversion; FinTurk abroad and TBB reporting-bank scope remain separate.
2021-06,277346,277378.796,932.882,278311.678,277396.085,258152.3435544,32.0,32.79599999997299,0.011824940687795386,0.34818529922912694,0.018058670397273064,-6.920473504431289,Banks listed in each TBB source workbook,FinTurk domestic provinces are directly reconcilable after unit conversion; FinTurk abroad and TBB reporting-bank scope remain separate.
2021-09,282831,282860.792,1859.511,284720.303,282925.24,263564.8222779,32.0,29.792000000015832,0.01053349880317781,0.6679971431703082,0.0333202513161537,-6.811904537373906,Banks listed in each TBB source workbook,FinTurk domestic provinces are directly reconcilable after unit conversion; FinTurk abroad and TBB reporting-bank scope remain separate.
2021-12,298896,298921.95,2110.377,301032.327,298967.532,274252.74812009995,32.0,25.95000000001164,0.008681949574437811,0.714739240404686,0.023932070017667187,-8.244758002750137,Banks listed in each TBB source workbook,FinTurk domestic provinces are directly reconcilable after unit conversion; FinTurk abroad and TBB reporting-bank scope remain separate.
2022-03,310966,310989.348,2387.872,313377.22,311020.88300000003,285613.5709877,32.0,23.347999999998137,0.007508216332331553,0.7753966671597449,0.0176491963751763,-8.152797737469685,Banks listed in each TBB source workbook,FinTurk domestic provinces are directly reconcilable after unit conversion; FinTurk abroad and TBB reporting-bank scope remain separate.
2022-06,346952,346972.904,2412.054,349384.958,346981.026,318814.89455170004,32.0,20.903999999980442,0.006025040927846054,0.7012376351771957,0.008365998754874615,-8.10979773810209,Banks listed in each TBB source workbook,FinTurk domestic provinces are directly reconcilable after unit conversion; FinTurk abroad and TBB reporting-bank scope remain separate.
2022-09,354392,354410.943,2427.975,356838.918,354400.967,325840.35920229997,32.0,18.943000000028405,0.005345210952851194,0.6904552021490341,0.002530248989820366,-8.056513916143714,Banks listed in each TBB source workbook,FinTurk domestic provinces are directly reconcilable after unit conversion; FinTurk abroad and TBB reporting-bank scope remain separate.
2022-12,360075,360091.376,2549.991,362641.367,360043.556,330708.2015601,32.0,16.37599999998929,0.004547941401094019,0.712731236547949,-0.008732625147543622,-8.155744897563002,Banks listed in each TBB source workbook,FinTurk domestic provinces are directly reconcilable after unit conversion; FinTurk abroad and TBB reporting-bank scope remain separate.
2023-03,391782,391796.569,2705.425,394501.994,391709.343,358819.85610280005,32.0,14.569000000017695,0.003718649657211841,0.6942621151558791,-0.018545262416345448,-8.413389052381158,Banks listed in each TBB source workbook,FinTurk domestic provinces are directly reconcilable after unit conversion; FinTurk abroad and TBB reporting-bank scope remain separate.
2023-06,438466,438478.762,3004.509,441483.271,438326.425,400686.95704690006,31.0,12.761999999987893,0.002910601962293061,0.6881425241637911,-0.03183257082647495,-8.616185280751516,Banks listed in each TBB source workbook,FinTurk domestic provinces are directly reconcilable after unit conversion; FinTurk abroad and TBB reporting-bank scope remain separate.
2023-09,445908,445919.424,3122.033,449041.457,445730.97399999993,404225.11080070003,32.0,11.423999999999069,0.0025619634543446335,0.7027137884944865,-0.03970011751304547,-9.3478675420266,Banks listed in each TBB source workbook,FinTurk domestic provinces are directly reconcilable after unit conversion; FinTurk abroad and TBB reporting-bank scope remain separate.
2023-12,438222,438232.346,3208.305,441440.651,437998.085,397359.85992310004,32.0,10.346000000019558,0.0023609038341341963,0.7344795560241185,-0.051096248020404966,-9.32452959388163,Banks listed in each TBB source workbook,FinTurk domestic provinces are directly reconcilable after unit conversion; FinTurk abroad and TBB reporting-bank scope remain separate.
2024-03,444323,444332.582,3388.013,447720.595,443970.024,402726.2128532,32.0,9.581999999994878,0.002156539274355565,0.7646678204819404,-0.07944130733723535,-9.361835229506468,Banks listed in each TBB source workbook,FinTurk domestic provinces are directly reconcilable after unit conversion; FinTurk abroad and TBB reporting-bank scope remain separate.
2024-06,446932,446939.628,3420.455,450360.083,446521.812,405363.6767269,32.0,7.628000000026077,0.0017067473351709158,0.7670256325346997,-0.09177861509133912,-9.300816068909816,Banks listed in each TBB source workbook,FinTurk domestic provinces are directly reconcilable after unit conversion; FinTurk abroad and TBB reporting-bank scope remain separate.
2024-09,465313,465320.392,3585.596,468905.988,464883.19,420965.70945440006,32.0,7.391999999992549,0.001588608098203263,0.7721658324611631,-0.09237008207378639,-9.530636484602825,Banks listed in each TBB source workbook,FinTurk domestic provinces are directly reconcilable after unit conversion; FinTurk abroad and TBB reporting-bank scope remain separate.
2024-12,512259,512264.82,3730.102,515994.922,511773.696,464901.9296511,32.0,5.820000000006985,0.0011361440208970434,0.7293033406928957,-0.09473801338775965,-9.24475125842591,Banks listed in each TBB source workbook,FinTurk domestic provinces are directly reconcilable after unit conversion; FinTurk abroad and TBB reporting-bank scope remain separate.
2025-03,548385,548390.598,4152.365,552542.963,547825.819,495614.4389046,32.0,5.597999999998137,0.0010208156678242727,0.7582196814281916,-0.10196868988028161,-9.622903816734595,Banks listed in each TBB source workbook,FinTurk domestic provinces are directly reconcilable after unit conversion; FinTurk abroad and TBB reporting-bank scope remain separate.
2025-06,583265,583270.061,4527.586,587797.647,582646.696,525421.6549609,32.0,5.0609999999869615,0.0008677016450476132,0.7771162336159374,-0.10600738943704897,-9.917163731597135,Banks listed in each TBB source workbook,FinTurk domestic provinces are directly reconcilable after unit conversion; FinTurk abroad and TBB reporting-bank scope remain separate.
2025-09,623765,623770.0,4924.088,628694.088,623125.2580000001,562890.1670256999,34.0,5.0,0.0008015839298453744,0.7902155459187337,-0.10256138128940431,-9.759257568844058,Banks listed in each TBB source workbook,FinTurk domestic provinces are directly reconcilable after unit conversion; FinTurk abroad and TBB reporting-bank scope remain separate.
2025-12,678970,678974.583,5373.982,684348.565,678313.054,614238.8907877,34.0,4.5829999999841675,0.0006749930041068335,0.7921653386747491,-0.09675626316332037,-9.533721550628163,Banks listed in each TBB source workbook,FinTurk domestic provinces are directly reconcilable after unit conversion; FinTurk abroad and TBB reporting-bank scope remain separate.
2026-03,741972,741975.631,5950.399,747926.03,741235.539,675178.3182878,36.0,3.631000000052154,0.0004893715665890564,0.8024602006544759,-0.09925724959971674,-9.002183601564486,Banks listed in each TBB source workbook,FinTurk domestic provinces are directly reconcilable after unit conversion; FinTurk abroad and TBB reporting-bank scope remain separate.
2026-06,801438,801440.785,6548.764,807989.549,800685.464,,,2.7850000000325963,0.0003475003680924284,0.8174742150983606,-0.09389821795322453,,,FinTurk domestic provinces are directly reconcilable after unit conversion; FinTurk abroad and TBB reporting-bank scope remain separate.
