quarter,source_currency_group,currency_group,source_row_index,measure,vehicle,housing,need,other,total,report_period,source_report_url,source_file,source_sha256,native_frequency,flow_stock_semantics
2021-03,YP,FX-linked,63,balance_amount_million_try,17.402,65.36781429999999,87.7322256,0.0,170.5020399,2021-03,https://www.tbb.org.tr/istatistiki-raporlar/2021-mart-tuketici-kredileri-ve-konut-kredileri,raw/2021-03/consumer_credit_report.xls,88f825c99557d6d8801fd59c1467f05ab0777bdd3e7dd3d0ea8186358e1a77cb,quarterly,stock
2021-03,TP,TRY,62,balance_amount_million_try,10129.194452,256886.5992317,374633.8574709,13.495,641663.1461546001,2021-03,https://www.tbb.org.tr/istatistiki-raporlar/2021-mart-tuketici-kredileri-ve-konut-kredileri,raw/2021-03/consumer_credit_report.xls,88f825c99557d6d8801fd59c1467f05ab0777bdd3e7dd3d0ea8186358e1a77cb,quarterly,stock
2021-03,Toplam,Total,64,balance_amount_million_try,10146.596452,256951.967046,374721.5896965,13.495,641833.6481945,2021-03,https://www.tbb.org.tr/istatistiki-raporlar/2021-mart-tuketici-kredileri-ve-konut-kredileri,raw/2021-03/consumer_credit_report.xls,88f825c99557d6d8801fd59c1467f05ab0777bdd3e7dd3d0ea8186358e1a77cb,quarterly,stock
2021-03,YP,FX-linked,63,balance_person_count,121.0,160.0,142.0,0.0,423.0,2021-03,https://www.tbb.org.tr/istatistiki-raporlar/2021-mart-tuketici-kredileri-ve-konut-kredileri,raw/2021-03/consumer_credit_report.xls,88f825c99557d6d8801fd59c1467f05ab0777bdd3e7dd3d0ea8186358e1a77cb,quarterly,stock
2021-03,TP,TRY,62,balance_person_count,145757.0,2306100.0,22729667.0,406.0,25181930.0,2021-03,https://www.tbb.org.tr/istatistiki-raporlar/2021-mart-tuketici-kredileri-ve-konut-kredileri,raw/2021-03/consumer_credit_report.xls,88f825c99557d6d8801fd59c1467f05ab0777bdd3e7dd3d0ea8186358e1a77cb,quarterly,stock
2021-03,Toplam,Total,64,balance_person_count,145878.0,2306260.0,22729809.0,406.0,25182353.0,2021-03,https://www.tbb.org.tr/istatistiki-raporlar/2021-mart-tuketici-kredileri-ve-konut-kredileri,raw/2021-03/consumer_credit_report.xls,88f825c99557d6d8801fd59c1467f05ab0777bdd3e7dd3d0ea8186358e1a77cb,quarterly,stock
2021-03,YP,FX-linked,43,disbursement_amount_million_try,0.0,0.281,0.101,0.0,0.382,2021-03,https://www.tbb.org.tr/istatistiki-raporlar/2021-mart-tuketici-kredileri-ve-konut-kredileri,raw/2021-03/consumer_credit_report.xls,88f825c99557d6d8801fd59c1467f05ab0777bdd3e7dd3d0ea8186358e1a77cb,quarterly,flow
2021-03,TP,TRY,42,disbursement_amount_million_try,3197.6024485999997,11691.3603738,66258.0186429,6.157,81153.13846530001,2021-03,https://www.tbb.org.tr/istatistiki-raporlar/2021-mart-tuketici-kredileri-ve-konut-kredileri,raw/2021-03/consumer_credit_report.xls,88f825c99557d6d8801fd59c1467f05ab0777bdd3e7dd3d0ea8186358e1a77cb,quarterly,flow
2021-03,Toplam,Total,44,disbursement_amount_million_try,3197.6024485999997,11691.641373800001,66258.1196429,6.157,81153.52046530001,2021-03,https://www.tbb.org.tr/istatistiki-raporlar/2021-mart-tuketici-kredileri-ve-konut-kredileri,raw/2021-03/consumer_credit_report.xls,88f825c99557d6d8801fd59c1467f05ab0777bdd3e7dd3d0ea8186358e1a77cb,quarterly,flow
2021-03,YP,FX-linked,43,disbursement_person_count,0.0,1.0,1.0,0.0,2.0,2021-03,https://www.tbb.org.tr/istatistiki-raporlar/2021-mart-tuketici-kredileri-ve-konut-kredileri,raw/2021-03/consumer_credit_report.xls,88f825c99557d6d8801fd59c1467f05ab0777bdd3e7dd3d0ea8186358e1a77cb,quarterly,flow
2021-03,TP,TRY,42,disbursement_person_count,29351.0,47417.0,3203040.0,658.0,3280466.0,2021-03,https://www.tbb.org.tr/istatistiki-raporlar/2021-mart-tuketici-kredileri-ve-konut-kredileri,raw/2021-03/consumer_credit_report.xls,88f825c99557d6d8801fd59c1467f05ab0777bdd3e7dd3d0ea8186358e1a77cb,quarterly,flow
2021-03,Toplam,Total,44,disbursement_person_count,29351.0,47418.0,3203041.0,658.0,3280468.0,2021-03,https://www.tbb.org.tr/istatistiki-raporlar/2021-mart-tuketici-kredileri-ve-konut-kredileri,raw/2021-03/consumer_credit_report.xls,88f825c99557d6d8801fd59c1467f05ab0777bdd3e7dd3d0ea8186358e1a77cb,quarterly,flow
2021-06,YP,FX-linked,63,balance_amount_million_try,17.701,81.8448856,94.67174,0.0,194.2176256,2021-06,https://www.tbb.org.tr/istatistiki-raporlar/2021-haziran-tuketici-kredileri-ve-konut-kredileri,raw/2021-06/consumer_credit_report.xls,dbea6b715b81dd6594ad71bbfe20b6eb185149efa201b29258b054431973a4af,quarterly,stock
2021-06,TP,TRY,62,balance_amount_million_try,11163.076013,258070.4986688,386215.5920237,12.963,655462.1297055,2021-06,https://www.tbb.org.tr/istatistiki-raporlar/2021-haziran-tuketici-kredileri-ve-konut-kredileri,raw/2021-06/consumer_credit_report.xls,dbea6b715b81dd6594ad71bbfe20b6eb185149efa201b29258b054431973a4af,quarterly,stock
2021-06,Toplam,Total,64,balance_amount_million_try,11180.777012999999,258152.3435544,386310.26376370003,12.963,655656.3473311,2021-06,https://www.tbb.org.tr/istatistiki-raporlar/2021-haziran-tuketici-kredileri-ve-konut-kredileri,raw/2021-06/consumer_credit_report.xls,dbea6b715b81dd6594ad71bbfe20b6eb185149efa201b29258b054431973a4af,quarterly,stock
2021-06,YP,FX-linked,63,balance_person_count,104.0,220.0,132.0,0.0,456.0,2021-06,https://www.tbb.org.tr/istatistiki-raporlar/2021-haziran-tuketici-kredileri-ve-konut-kredileri,raw/2021-06/consumer_credit_report.xls,dbea6b715b81dd6594ad71bbfe20b6eb185149efa201b29258b054431973a4af,quarterly,stock
2021-06,TP,TRY,62,balance_person_count,153829.0,2267802.0,23106099.0,370.0,25528100.0,2021-06,https://www.tbb.org.tr/istatistiki-raporlar/2021-haziran-tuketici-kredileri-ve-konut-kredileri,raw/2021-06/consumer_credit_report.xls,dbea6b715b81dd6594ad71bbfe20b6eb185149efa201b29258b054431973a4af,quarterly,stock
2021-06,Toplam,Total,64,balance_person_count,153933.0,2268022.0,23106231.0,370.0,25528556.0,2021-06,https://www.tbb.org.tr/istatistiki-raporlar/2021-haziran-tuketici-kredileri-ve-konut-kredileri,raw/2021-06/consumer_credit_report.xls,dbea6b715b81dd6594ad71bbfe20b6eb185149efa201b29258b054431973a4af,quarterly,stock
2021-06,YP,FX-linked,43,disbursement_amount_million_try,2.316,3.773,2.387,0.0,8.476,2021-06,https://www.tbb.org.tr/istatistiki-raporlar/2021-haziran-tuketici-kredileri-ve-konut-kredileri,raw/2021-06/consumer_credit_report.xls,dbea6b715b81dd6594ad71bbfe20b6eb185149efa201b29258b054431973a4af,quarterly,flow
2021-06,TP,TRY,42,disbursement_amount_million_try,2846.6177662,14265.1428044,70904.40565979999,8.853,88025.0192304,2021-06,https://www.tbb.org.tr/istatistiki-raporlar/2021-haziran-tuketici-kredileri-ve-konut-kredileri,raw/2021-06/consumer_credit_report.xls,dbea6b715b81dd6594ad71bbfe20b6eb185149efa201b29258b054431973a4af,quarterly,flow
2021-06,Toplam,Total,44,disbursement_amount_million_try,2848.9337662,14268.9158044,70906.79265979999,8.853,88033.49523039999,2021-06,https://www.tbb.org.tr/istatistiki-raporlar/2021-haziran-tuketici-kredileri-ve-konut-kredileri,raw/2021-06/consumer_credit_report.xls,dbea6b715b81dd6594ad71bbfe20b6eb185149efa201b29258b054431973a4af,quarterly,flow
2021-06,YP,FX-linked,43,disbursement_person_count,4.0,4.0,6.0,0.0,14.0,2021-06,https://www.tbb.org.tr/istatistiki-raporlar/2021-haziran-tuketici-kredileri-ve-konut-kredileri,raw/2021-06/consumer_credit_report.xls,dbea6b715b81dd6594ad71bbfe20b6eb185149efa201b29258b054431973a4af,quarterly,flow
2021-06,TP,TRY,42,disbursement_person_count,25262.0,59568.0,3367039.0,704.0,3452573.0,2021-06,https://www.tbb.org.tr/istatistiki-raporlar/2021-haziran-tuketici-kredileri-ve-konut-kredileri,raw/2021-06/consumer_credit_report.xls,dbea6b715b81dd6594ad71bbfe20b6eb185149efa201b29258b054431973a4af,quarterly,flow
2021-06,Toplam,Total,44,disbursement_person_count,25266.0,59572.0,3367045.0,704.0,3452587.0,2021-06,https://www.tbb.org.tr/istatistiki-raporlar/2021-haziran-tuketici-kredileri-ve-konut-kredileri,raw/2021-06/consumer_credit_report.xls,dbea6b715b81dd6594ad71bbfe20b6eb185149efa201b29258b054431973a4af,quarterly,flow
2021-09,YP,FX-linked,63,balance_amount_million_try,15.134,76.42057820000001,90.96167729999999,0.0,182.5162555,2021-09,https://www.tbb.org.tr/istatistiki-raporlar/2021-eylul-tuketici-kredileri-ve-konut-kredileri,raw/2021-09/consumer_credit_report.xls,1f4c41b08c4ba9ce5d340466f9784b5eb0465026cc69e3bdc6aeb902ceda9422,quarterly,stock
2021-09,TP,TRY,62,balance_amount_million_try,10626.1869556,263488.4016997,407222.8235795,13.174,681350.5862347999,2021-09,https://www.tbb.org.tr/istatistiki-raporlar/2021-eylul-tuketici-kredileri-ve-konut-kredileri,raw/2021-09/consumer_credit_report.xls,1f4c41b08c4ba9ce5d340466f9784b5eb0465026cc69e3bdc6aeb902ceda9422,quarterly,stock
2021-09,Toplam,Total,64,balance_amount_million_try,10641.3209556,263564.8222779,407313.7852568,13.174,681533.1024903,2021-09,https://www.tbb.org.tr/istatistiki-raporlar/2021-eylul-tuketici-kredileri-ve-konut-kredileri,raw/2021-09/consumer_credit_report.xls,1f4c41b08c4ba9ce5d340466f9784b5eb0465026cc69e3bdc6aeb902ceda9422,quarterly,stock
2021-09,YP,FX-linked,63,balance_person_count,92.0,209.0,116.0,0.0,417.0,2021-09,https://www.tbb.org.tr/istatistiki-raporlar/2021-eylul-tuketici-kredileri-ve-konut-kredileri,raw/2021-09/consumer_credit_report.xls,1f4c41b08c4ba9ce5d340466f9784b5eb0465026cc69e3bdc6aeb902ceda9422,quarterly,stock
2021-09,TP,TRY,62,balance_person_count,152803.0,2247186.0,23255941.0,332.0,25656262.0,2021-09,https://www.tbb.org.tr/istatistiki-raporlar/2021-eylul-tuketici-kredileri-ve-konut-kredileri,raw/2021-09/consumer_credit_report.xls,1f4c41b08c4ba9ce5d340466f9784b5eb0465026cc69e3bdc6aeb902ceda9422,quarterly,stock
2021-09,Toplam,Total,64,balance_person_count,152895.0,2247395.0,23256057.0,332.0,25656679.0,2021-09,https://www.tbb.org.tr/istatistiki-raporlar/2021-eylul-tuketici-kredileri-ve-konut-kredileri,raw/2021-09/consumer_credit_report.xls,1f4c41b08c4ba9ce5d340466f9784b5eb0465026cc69e3bdc6aeb902ceda9422,quarterly,stock
2021-09,YP,FX-linked,43,disbursement_amount_million_try,0.0,0.3,0.031,0.0,0.33099999999999996,2021-09,https://www.tbb.org.tr/istatistiki-raporlar/2021-eylul-tuketici-kredileri-ve-konut-kredileri,raw/2021-09/consumer_credit_report.xls,1f4c41b08c4ba9ce5d340466f9784b5eb0465026cc69e3bdc6aeb902ceda9422,quarterly,flow
2021-09,TP,TRY,42,disbursement_amount_million_try,1632.4402698,20050.3342142,89375.36162980001,10.307,111068.44311380002,2021-09,https://www.tbb.org.tr/istatistiki-raporlar/2021-eylul-tuketici-kredileri-ve-konut-kredileri,raw/2021-09/consumer_credit_report.xls,1f4c41b08c4ba9ce5d340466f9784b5eb0465026cc69e3bdc6aeb902ceda9422,quarterly,flow
2021-09,Toplam,Total,44,disbursement_amount_million_try,1632.4402698,20050.6342142,89375.39262980002,10.307,111068.77411380001,2021-09,https://www.tbb.org.tr/istatistiki-raporlar/2021-eylul-tuketici-kredileri-ve-konut-kredileri,raw/2021-09/consumer_credit_report.xls,1f4c41b08c4ba9ce5d340466f9784b5eb0465026cc69e3bdc6aeb902ceda9422,quarterly,flow
2021-09,YP,FX-linked,43,disbursement_person_count,0.0,1.0,2.0,0.0,3.0,2021-09,https://www.tbb.org.tr/istatistiki-raporlar/2021-eylul-tuketici-kredileri-ve-konut-kredileri,raw/2021-09/consumer_credit_report.xls,1f4c41b08c4ba9ce5d340466f9784b5eb0465026cc69e3bdc6aeb902ceda9422,quarterly,flow
2021-09,TP,TRY,42,disbursement_person_count,18331.0,79257.0,4200995.0,839.0,4299422.0,2021-09,https://www.tbb.org.tr/istatistiki-raporlar/2021-eylul-tuketici-kredileri-ve-konut-kredileri,raw/2021-09/consumer_credit_report.xls,1f4c41b08c4ba9ce5d340466f9784b5eb0465026cc69e3bdc6aeb902ceda9422,quarterly,flow
2021-09,Toplam,Total,44,disbursement_person_count,18331.0,79258.0,4200997.0,839.0,4299425.0,2021-09,https://www.tbb.org.tr/istatistiki-raporlar/2021-eylul-tuketici-kredileri-ve-konut-kredileri,raw/2021-09/consumer_credit_report.xls,1f4c41b08c4ba9ce5d340466f9784b5eb0465026cc69e3bdc6aeb902ceda9422,quarterly,flow
2021-12,YP,FX-linked,63,balance_amount_million_try,17.911,98.7258335,133.8530341,0.0,250.4898676,2021-12,https://www.tbb.org.tr/istatistiki-raporlar/2021-aralik-tuketici-kredileri-ve-konut-kredileri,raw/2021-12/consumer_credit_report.xls,3038fd9482484784f8cbf3b06d88400ba6a03428fbc456a9c8f9ef650ce5bf09,quarterly,stock
2021-12,TP,TRY,62,balance_amount_million_try,9508.6961523,274154.02228659997,428163.7540818,13.759,711840.2315206999,2021-12,https://www.tbb.org.tr/istatistiki-raporlar/2021-aralik-tuketici-kredileri-ve-konut-kredileri,raw/2021-12/consumer_credit_report.xls,3038fd9482484784f8cbf3b06d88400ba6a03428fbc456a9c8f9ef650ce5bf09,quarterly,stock
2021-12,Toplam,Total,64,balance_amount_million_try,9526.607152300001,274252.74812009995,428297.60711589997,13.759,712090.7213882998,2021-12,https://www.tbb.org.tr/istatistiki-raporlar/2021-aralik-tuketici-kredileri-ve-konut-kredileri,raw/2021-12/consumer_credit_report.xls,3038fd9482484784f8cbf3b06d88400ba6a03428fbc456a9c8f9ef650ce5bf09,quarterly,stock
2021-12,YP,FX-linked,63,balance_person_count,71.0,168.0,54.0,0.0,293.0,2021-12,https://www.tbb.org.tr/istatistiki-raporlar/2021-aralik-tuketici-kredileri-ve-konut-kredileri,raw/2021-12/consumer_credit_report.xls,3038fd9482484784f8cbf3b06d88400ba6a03428fbc456a9c8f9ef650ce5bf09,quarterly,stock
2021-12,TP,TRY,62,balance_person_count,140528.0,2242155.0,23718178.0,358.0,26101219.0,2021-12,https://www.tbb.org.tr/istatistiki-raporlar/2021-aralik-tuketici-kredileri-ve-konut-kredileri,raw/2021-12/consumer_credit_report.xls,3038fd9482484784f8cbf3b06d88400ba6a03428fbc456a9c8f9ef650ce5bf09,quarterly,stock
2021-12,Toplam,Total,64,balance_person_count,140599.0,2242323.0,23718232.0,358.0,26101512.0,2021-12,https://www.tbb.org.tr/istatistiki-raporlar/2021-aralik-tuketici-kredileri-ve-konut-kredileri,raw/2021-12/consumer_credit_report.xls,3038fd9482484784f8cbf3b06d88400ba6a03428fbc456a9c8f9ef650ce5bf09,quarterly,stock
2021-12,YP,FX-linked,43,disbursement_amount_million_try,0.095,0.0,0.561,0.0,0.656,2021-12,https://www.tbb.org.tr/istatistiki-raporlar/2021-aralik-tuketici-kredileri-ve-konut-kredileri,raw/2021-12/consumer_credit_report.xls,3038fd9482484784f8cbf3b06d88400ba6a03428fbc456a9c8f9ef650ce5bf09,quarterly,flow
2021-12,TP,TRY,42,disbursement_amount_million_try,1439.5807689,32169.1724435,101076.14233059999,14.038,134698.933543,2021-12,https://www.tbb.org.tr/istatistiki-raporlar/2021-aralik-tuketici-kredileri-ve-konut-kredileri,raw/2021-12/consumer_credit_report.xls,3038fd9482484784f8cbf3b06d88400ba6a03428fbc456a9c8f9ef650ce5bf09,quarterly,flow
2021-12,Toplam,Total,44,disbursement_amount_million_try,1439.6757689,32169.1724435,101076.7033306,14.038,134699.58954299998,2021-12,https://www.tbb.org.tr/istatistiki-raporlar/2021-aralik-tuketici-kredileri-ve-konut-kredileri,raw/2021-12/consumer_credit_report.xls,3038fd9482484784f8cbf3b06d88400ba6a03428fbc456a9c8f9ef650ce5bf09,quarterly,flow
2021-12,YP,FX-linked,43,disbursement_person_count,1.0,0.0,3.0,0.0,4.0,2021-12,https://www.tbb.org.tr/istatistiki-raporlar/2021-aralik-tuketici-kredileri-ve-konut-kredileri,raw/2021-12/consumer_credit_report.xls,3038fd9482484784f8cbf3b06d88400ba6a03428fbc456a9c8f9ef650ce5bf09,quarterly,flow
2021-12,TP,TRY,42,disbursement_person_count,15115.0,113022.0,4890891.0,960.0,5019988.0,2021-12,https://www.tbb.org.tr/istatistiki-raporlar/2021-aralik-tuketici-kredileri-ve-konut-kredileri,raw/2021-12/consumer_credit_report.xls,3038fd9482484784f8cbf3b06d88400ba6a03428fbc456a9c8f9ef650ce5bf09,quarterly,flow
2021-12,Toplam,Total,44,disbursement_person_count,15116.0,113022.0,4890894.0,960.0,5019992.0,2021-12,https://www.tbb.org.tr/istatistiki-raporlar/2021-aralik-tuketici-kredileri-ve-konut-kredileri,raw/2021-12/consumer_credit_report.xls,3038fd9482484784f8cbf3b06d88400ba6a03428fbc456a9c8f9ef650ce5bf09,quarterly,flow
2022-03,YP,FX-linked,63,balance_amount_million_try,16.773,99.3806496,141.76710500000002,0.0,257.9207546,2022-03,https://www.tbb.org.tr/istatistiki-raporlar/2022-mart-tuketici-kredileri-ve-konut-kredileri,raw/2022-03/consumer_credit_report.xls,79b99567cf09f5106f82f27231bc4067e0243d73a2e09f0007c87847f725edc3,quarterly,stock
2022-03,TP,TRY,62,balance_amount_million_try,10756.0023052,285514.1903381,438049.2234216,15.79,734335.2060649,2022-03,https://www.tbb.org.tr/istatistiki-raporlar/2022-mart-tuketici-kredileri-ve-konut-kredileri,raw/2022-03/consumer_credit_report.xls,79b99567cf09f5106f82f27231bc4067e0243d73a2e09f0007c87847f725edc3,quarterly,stock
2022-03,Toplam,Total,64,balance_amount_million_try,10772.775305199999,285613.5709877,438190.9905266,15.79,734593.1268195,2022-03,https://www.tbb.org.tr/istatistiki-raporlar/2022-mart-tuketici-kredileri-ve-konut-kredileri,raw/2022-03/consumer_credit_report.xls,79b99567cf09f5106f82f27231bc4067e0243d73a2e09f0007c87847f725edc3,quarterly,stock
2022-03,YP,FX-linked,63,balance_person_count,70.0,183.0,100.0,0.0,353.0,2022-03,https://www.tbb.org.tr/istatistiki-raporlar/2022-mart-tuketici-kredileri-ve-konut-kredileri,raw/2022-03/consumer_credit_report.xls,79b99567cf09f5106f82f27231bc4067e0243d73a2e09f0007c87847f725edc3,quarterly,stock
2022-03,TP,TRY,62,balance_person_count,138189.0,2233627.0,23929217.0,372.0,26301405.0,2022-03,https://www.tbb.org.tr/istatistiki-raporlar/2022-mart-tuketici-kredileri-ve-konut-kredileri,raw/2022-03/consumer_credit_report.xls,79b99567cf09f5106f82f27231bc4067e0243d73a2e09f0007c87847f725edc3,quarterly,stock
2022-03,Toplam,Total,64,balance_person_count,138259.0,2233810.0,23929317.0,372.0,26301758.0,2022-03,https://www.tbb.org.tr/istatistiki-raporlar/2022-mart-tuketici-kredileri-ve-konut-kredileri,raw/2022-03/consumer_credit_report.xls,79b99567cf09f5106f82f27231bc4067e0243d73a2e09f0007c87847f725edc3,quarterly,stock
2022-03,YP,FX-linked,43,disbursement_amount_million_try,0.663,0.0,2.988,0.0,3.651,2022-03,https://www.tbb.org.tr/istatistiki-raporlar/2022-mart-tuketici-kredileri-ve-konut-kredileri,raw/2022-03/consumer_credit_report.xls,79b99567cf09f5106f82f27231bc4067e0243d73a2e09f0007c87847f725edc3,quarterly,flow
2022-03,TP,TRY,42,disbursement_amount_million_try,3266.7602261,26698.0312386,90740.5989958,14.775,120720.1654605,2022-03,https://www.tbb.org.tr/istatistiki-raporlar/2022-mart-tuketici-kredileri-ve-konut-kredileri,raw/2022-03/consumer_credit_report.xls,79b99567cf09f5106f82f27231bc4067e0243d73a2e09f0007c87847f725edc3,quarterly,flow
2022-03,Toplam,Total,44,disbursement_amount_million_try,3267.4232261,26698.0312386,90743.5869958,14.775,120723.81646049999,2022-03,https://www.tbb.org.tr/istatistiki-raporlar/2022-mart-tuketici-kredileri-ve-konut-kredileri,raw/2022-03/consumer_credit_report.xls,79b99567cf09f5106f82f27231bc4067e0243d73a2e09f0007c87847f725edc3,quarterly,flow
2022-03,YP,FX-linked,43,disbursement_person_count,2.0,0.0,3.0,0.0,5.0,2022-03,https://www.tbb.org.tr/istatistiki-raporlar/2022-mart-tuketici-kredileri-ve-konut-kredileri,raw/2022-03/consumer_credit_report.xls,79b99567cf09f5106f82f27231bc4067e0243d73a2e09f0007c87847f725edc3,quarterly,flow
2022-03,TP,TRY,42,disbursement_person_count,20350.0,72723.0,4396087.0,701.0,4489861.0,2022-03,https://www.tbb.org.tr/istatistiki-raporlar/2022-mart-tuketici-kredileri-ve-konut-kredileri,raw/2022-03/consumer_credit_report.xls,79b99567cf09f5106f82f27231bc4067e0243d73a2e09f0007c87847f725edc3,quarterly,flow
2022-03,Toplam,Total,44,disbursement_person_count,20352.0,72723.0,4396090.0,701.0,4489866.0,2022-03,https://www.tbb.org.tr/istatistiki-raporlar/2022-mart-tuketici-kredileri-ve-konut-kredileri,raw/2022-03/consumer_credit_report.xls,79b99567cf09f5106f82f27231bc4067e0243d73a2e09f0007c87847f725edc3,quarterly,flow
2022-06,YP,FX-linked,63,balance_amount_million_try,15.688,95.3123045,154.215391,0.0,265.21569550000004,2022-06,https://www.tbb.org.tr/istatistiki-raporlar/2022-haziran-tuketici-kredileri-ve-konut-kredileri,raw/2022-06/consumer_credit_report.xls,c23f5a264ae40b445628dbedfa37e96b462f8e3996bebfb8c504d9161fc616fc,quarterly,stock
2022-06,TP,TRY,62,balance_amount_million_try,18247.6461255,318719.5822472,494420.65038410004,17.273,831405.1517568,2022-06,https://www.tbb.org.tr/istatistiki-raporlar/2022-haziran-tuketici-kredileri-ve-konut-kredileri,raw/2022-06/consumer_credit_report.xls,c23f5a264ae40b445628dbedfa37e96b462f8e3996bebfb8c504d9161fc616fc,quarterly,stock
2022-06,Toplam,Total,64,balance_amount_million_try,18263.334125499998,318814.89455170004,494574.8657751,17.273,831670.3674523002,2022-06,https://www.tbb.org.tr/istatistiki-raporlar/2022-haziran-tuketici-kredileri-ve-konut-kredileri,raw/2022-06/consumer_credit_report.xls,c23f5a264ae40b445628dbedfa37e96b462f8e3996bebfb8c504d9161fc616fc,quarterly,stock
2022-06,YP,FX-linked,63,balance_person_count,55.0,173.0,104.0,0.0,332.0,2022-06,https://www.tbb.org.tr/istatistiki-raporlar/2022-haziran-tuketici-kredileri-ve-konut-kredileri,raw/2022-06/consumer_credit_report.xls,c23f5a264ae40b445628dbedfa37e96b462f8e3996bebfb8c504d9161fc616fc,quarterly,stock
2022-06,TP,TRY,62,balance_person_count,171493.0,2235038.0,24656976.0,379.0,27063886.0,2022-06,https://www.tbb.org.tr/istatistiki-raporlar/2022-haziran-tuketici-kredileri-ve-konut-kredileri,raw/2022-06/consumer_credit_report.xls,c23f5a264ae40b445628dbedfa37e96b462f8e3996bebfb8c504d9161fc616fc,quarterly,stock
2022-06,Toplam,Total,64,balance_person_count,171548.0,2235211.0,24657080.0,379.0,27064218.0,2022-06,https://www.tbb.org.tr/istatistiki-raporlar/2022-haziran-tuketici-kredileri-ve-konut-kredileri,raw/2022-06/consumer_credit_report.xls,c23f5a264ae40b445628dbedfa37e96b462f8e3996bebfb8c504d9161fc616fc,quarterly,stock
2022-06,YP,FX-linked,43,disbursement_amount_million_try,4.058,0.305,3.4,0.0,7.763,2022-06,https://www.tbb.org.tr/istatistiki-raporlar/2022-haziran-tuketici-kredileri-ve-konut-kredileri,raw/2022-06/consumer_credit_report.xls,c23f5a264ae40b445628dbedfa37e96b462f8e3996bebfb8c504d9161fc616fc,quarterly,flow
2022-06,TP,TRY,42,disbursement_amount_million_try,10644.1597462,51169.7849051,153432.73713249998,17.307,215263.98878379998,2022-06,https://www.tbb.org.tr/istatistiki-raporlar/2022-haziran-tuketici-kredileri-ve-konut-kredileri,raw/2022-06/consumer_credit_report.xls,c23f5a264ae40b445628dbedfa37e96b462f8e3996bebfb8c504d9161fc616fc,quarterly,flow
2022-06,Toplam,Total,44,disbursement_amount_million_try,10648.217746200002,51170.0899051,153436.13713249998,17.307,215271.7517838,2022-06,https://www.tbb.org.tr/istatistiki-raporlar/2022-haziran-tuketici-kredileri-ve-konut-kredileri,raw/2022-06/consumer_credit_report.xls,c23f5a264ae40b445628dbedfa37e96b462f8e3996bebfb8c504d9161fc616fc,quarterly,flow
2022-06,YP,FX-linked,43,disbursement_person_count,3.0,1.0,8.0,0.0,12.0,2022-06,https://www.tbb.org.tr/istatistiki-raporlar/2022-haziran-tuketici-kredileri-ve-konut-kredileri,raw/2022-06/consumer_credit_report.xls,c23f5a264ae40b445628dbedfa37e96b462f8e3996bebfb8c504d9161fc616fc,quarterly,flow
2022-06,TP,TRY,42,disbursement_person_count,55677.0,105583.0,5953694.0,714.0,6115668.0,2022-06,https://www.tbb.org.tr/istatistiki-raporlar/2022-haziran-tuketici-kredileri-ve-konut-kredileri,raw/2022-06/consumer_credit_report.xls,c23f5a264ae40b445628dbedfa37e96b462f8e3996bebfb8c504d9161fc616fc,quarterly,flow
2022-06,Toplam,Total,44,disbursement_person_count,55680.0,105584.0,5953702.0,714.0,6115680.0,2022-06,https://www.tbb.org.tr/istatistiki-raporlar/2022-haziran-tuketici-kredileri-ve-konut-kredileri,raw/2022-06/consumer_credit_report.xls,c23f5a264ae40b445628dbedfa37e96b462f8e3996bebfb8c504d9161fc616fc,quarterly,flow
2022-09,YP,FX-linked,63,balance_amount_million_try,14.652,94.05710830000001,147.1013609,0.0,255.8104692,2022-09,https://www.tbb.org.tr/istatistiki-raporlar/2022-eylul-tuketici-kredileri-ve-konut-kredileri,raw/2022-09/consumer_credit_report.xls,f3c451ee4f9e1bc68e540ba8239b3b63ceff68db30d6dc28acb558e642b4e49b,quarterly,stock
2022-09,TP,TRY,62,balance_amount_million_try,24775.9051884,325746.302094,522091.12904790003,18.926,872632.2623303,2022-09,https://www.tbb.org.tr/istatistiki-raporlar/2022-eylul-tuketici-kredileri-ve-konut-kredileri,raw/2022-09/consumer_credit_report.xls,f3c451ee4f9e1bc68e540ba8239b3b63ceff68db30d6dc28acb558e642b4e49b,quarterly,stock
2022-09,Toplam,Total,64,balance_amount_million_try,24790.5571884,325840.35920229997,522238.2304088,18.926,872888.0727995,2022-09,https://www.tbb.org.tr/istatistiki-raporlar/2022-eylul-tuketici-kredileri-ve-konut-kredileri,raw/2022-09/consumer_credit_report.xls,f3c451ee4f9e1bc68e540ba8239b3b63ceff68db30d6dc28acb558e642b4e49b,quarterly,stock
2022-09,YP,FX-linked,63,balance_person_count,48.0,165.0,100.0,0.0,313.0,2022-09,https://www.tbb.org.tr/istatistiki-raporlar/2022-eylul-tuketici-kredileri-ve-konut-kredileri,raw/2022-09/consumer_credit_report.xls,f3c451ee4f9e1bc68e540ba8239b3b63ceff68db30d6dc28acb558e642b4e49b,quarterly,stock
2022-09,TP,TRY,62,balance_person_count,197037.0,2201262.0,24657544.0,381.0,27056224.0,2022-09,https://www.tbb.org.tr/istatistiki-raporlar/2022-eylul-tuketici-kredileri-ve-konut-kredileri,raw/2022-09/consumer_credit_report.xls,f3c451ee4f9e1bc68e540ba8239b3b63ceff68db30d6dc28acb558e642b4e49b,quarterly,stock
2022-09,Toplam,Total,64,balance_person_count,197085.0,2201427.0,24657644.0,381.0,27056537.0,2022-09,https://www.tbb.org.tr/istatistiki-raporlar/2022-eylul-tuketici-kredileri-ve-konut-kredileri,raw/2022-09/consumer_credit_report.xls,f3c451ee4f9e1bc68e540ba8239b3b63ceff68db30d6dc28acb558e642b4e49b,quarterly,stock
2022-09,YP,FX-linked,43,disbursement_amount_million_try,3.378,3.54,0.367,0.0,7.285,2022-09,https://www.tbb.org.tr/istatistiki-raporlar/2022-eylul-tuketici-kredileri-ve-konut-kredileri,raw/2022-09/consumer_credit_report.xls,f3c451ee4f9e1bc68e540ba8239b3b63ceff68db30d6dc28acb558e642b4e49b,quarterly,flow
2022-09,TP,TRY,42,disbursement_amount_million_try,10071.7206182,23729.3891734,138175.8480501,19.051,171996.0088417,2022-09,https://www.tbb.org.tr/istatistiki-raporlar/2022-eylul-tuketici-kredileri-ve-konut-kredileri,raw/2022-09/consumer_credit_report.xls,f3c451ee4f9e1bc68e540ba8239b3b63ceff68db30d6dc28acb558e642b4e49b,quarterly,flow
2022-09,Toplam,Total,44,disbursement_amount_million_try,10075.098618200002,23732.9291734,138176.2150501,19.051,172003.2938417,2022-09,https://www.tbb.org.tr/istatistiki-raporlar/2022-eylul-tuketici-kredileri-ve-konut-kredileri,raw/2022-09/consumer_credit_report.xls,f3c451ee4f9e1bc68e540ba8239b3b63ceff68db30d6dc28acb558e642b4e49b,quarterly,flow
2022-09,YP,FX-linked,43,disbursement_person_count,5.0,3.0,2.0,0.0,10.0,2022-09,https://www.tbb.org.tr/istatistiki-raporlar/2022-eylul-tuketici-kredileri-ve-konut-kredileri,raw/2022-09/consumer_credit_report.xls,f3c451ee4f9e1bc68e540ba8239b3b63ceff68db30d6dc28acb558e642b4e49b,quarterly,flow
2022-09,TP,TRY,42,disbursement_person_count,46155.0,58080.0,5627989.0,769.0,5732993.0,2022-09,https://www.tbb.org.tr/istatistiki-raporlar/2022-eylul-tuketici-kredileri-ve-konut-kredileri,raw/2022-09/consumer_credit_report.xls,f3c451ee4f9e1bc68e540ba8239b3b63ceff68db30d6dc28acb558e642b4e49b,quarterly,flow
2022-09,Toplam,Total,44,disbursement_person_count,46160.0,58083.0,5627991.0,769.0,5733003.0,2022-09,https://www.tbb.org.tr/istatistiki-raporlar/2022-eylul-tuketici-kredileri-ve-konut-kredileri,raw/2022-09/consumer_credit_report.xls,f3c451ee4f9e1bc68e540ba8239b3b63ceff68db30d6dc28acb558e642b4e49b,quarterly,flow
2022-12,YP,FX-linked,63,balance_amount_million_try,13.986,94.4991011,167.498947,0.0,275.9840481,2022-12,https://www.tbb.org.tr/istatistiki-raporlar/2022-aralik-tuketici-kredileri-ve-konut-kredileri,raw/2022-12/consumer_credit_report.xls,84ce163a4a29fc54ca3f6ddd020c4b133fe21c8ebbf9b654f02e393bad56324f,quarterly,stock
2022-12,TP,TRY,62,balance_amount_million_try,40464.064069600005,330613.702459,601265.5456898,19.161,972362.4732184,2022-12,https://www.tbb.org.tr/istatistiki-raporlar/2022-aralik-tuketici-kredileri-ve-konut-kredileri,raw/2022-12/consumer_credit_report.xls,84ce163a4a29fc54ca3f6ddd020c4b133fe21c8ebbf9b654f02e393bad56324f,quarterly,stock
2022-12,Toplam,Total,64,balance_amount_million_try,40478.0500696,330708.2015601,601433.0446368001,19.161,972638.4572665001,2022-12,https://www.tbb.org.tr/istatistiki-raporlar/2022-aralik-tuketici-kredileri-ve-konut-kredileri,raw/2022-12/consumer_credit_report.xls,84ce163a4a29fc54ca3f6ddd020c4b133fe21c8ebbf9b654f02e393bad56324f,quarterly,stock
2022-12,YP,FX-linked,63,balance_person_count,39.0,147.0,79.0,0.0,265.0,2022-12,https://www.tbb.org.tr/istatistiki-raporlar/2022-aralik-tuketici-kredileri-ve-konut-kredileri,raw/2022-12/consumer_credit_report.xls,84ce163a4a29fc54ca3f6ddd020c4b133fe21c8ebbf9b654f02e393bad56324f,quarterly,stock
2022-12,TP,TRY,62,balance_person_count,262848.0,2154670.0,25687999.0,392.0,28105909.0,2022-12,https://www.tbb.org.tr/istatistiki-raporlar/2022-aralik-tuketici-kredileri-ve-konut-kredileri,raw/2022-12/consumer_credit_report.xls,84ce163a4a29fc54ca3f6ddd020c4b133fe21c8ebbf9b654f02e393bad56324f,quarterly,stock
2022-12,Toplam,Total,64,balance_person_count,262887.0,2154817.0,25688078.0,392.0,28106174.0,2022-12,https://www.tbb.org.tr/istatistiki-raporlar/2022-aralik-tuketici-kredileri-ve-konut-kredileri,raw/2022-12/consumer_credit_report.xls,84ce163a4a29fc54ca3f6ddd020c4b133fe21c8ebbf9b654f02e393bad56324f,quarterly,stock
2022-12,YP,FX-linked,43,disbursement_amount_million_try,0.83,1.82,1.764,0.0,4.414,2022-12,https://www.tbb.org.tr/istatistiki-raporlar/2022-aralik-tuketici-kredileri-ve-konut-kredileri,raw/2022-12/consumer_credit_report.xls,84ce163a4a29fc54ca3f6ddd020c4b133fe21c8ebbf9b654f02e393bad56324f,quarterly,flow
2022-12,TP,TRY,42,disbursement_amount_million_try,20986.7957422,22683.364853100004,214560.9577969,62.77,258293.8883922,2022-12,https://www.tbb.org.tr/istatistiki-raporlar/2022-aralik-tuketici-kredileri-ve-konut-kredileri,raw/2022-12/consumer_credit_report.xls,84ce163a4a29fc54ca3f6ddd020c4b133fe21c8ebbf9b654f02e393bad56324f,quarterly,flow
2022-12,Toplam,Total,44,disbursement_amount_million_try,20987.6257422,22685.184853100003,214562.7217969,62.77,258298.3023922,2022-12,https://www.tbb.org.tr/istatistiki-raporlar/2022-aralik-tuketici-kredileri-ve-konut-kredileri,raw/2022-12/consumer_credit_report.xls,84ce163a4a29fc54ca3f6ddd020c4b133fe21c8ebbf9b654f02e393bad56324f,quarterly,flow
2022-12,YP,FX-linked,43,disbursement_person_count,3.0,2.0,7.0,0.0,12.0,2022-12,https://www.tbb.org.tr/istatistiki-raporlar/2022-aralik-tuketici-kredileri-ve-konut-kredileri,raw/2022-12/consumer_credit_report.xls,84ce163a4a29fc54ca3f6ddd020c4b133fe21c8ebbf9b654f02e393bad56324f,quarterly,flow
2022-12,TP,TRY,42,disbursement_person_count,94455.0,55290.0,6933520.0,1594.0,7084859.0,2022-12,https://www.tbb.org.tr/istatistiki-raporlar/2022-aralik-tuketici-kredileri-ve-konut-kredileri,raw/2022-12/consumer_credit_report.xls,84ce163a4a29fc54ca3f6ddd020c4b133fe21c8ebbf9b654f02e393bad56324f,quarterly,flow
2022-12,Toplam,Total,44,disbursement_person_count,94458.0,55292.0,6933527.0,1594.0,7084871.0,2022-12,https://www.tbb.org.tr/istatistiki-raporlar/2022-aralik-tuketici-kredileri-ve-konut-kredileri,raw/2022-12/consumer_credit_report.xls,84ce163a4a29fc54ca3f6ddd020c4b133fe21c8ebbf9b654f02e393bad56324f,quarterly,flow
2023-03,YP,FX-linked,63,balance_amount_million_try,16.943,80.617,177.6480938,0.0,275.20809380000003,2023-03,https://www.tbb.org.tr/istatistiki-raporlar/2023-mart-tuketici-kredileri-ve-konut-kredileri,raw/2023-03/consumer_credit_report.xls,fa6e197fe4496a0208b299c20ad92fff21164bbdecc8fdbd508837493196ec8c,quarterly,stock
2023-03,TP,TRY,62,balance_amount_million_try,52890.3039033,358739.2391028,686961.655712,30.232,1098621.4307181002,2023-03,https://www.tbb.org.tr/istatistiki-raporlar/2023-mart-tuketici-kredileri-ve-konut-kredileri,raw/2023-03/consumer_credit_report.xls,fa6e197fe4496a0208b299c20ad92fff21164bbdecc8fdbd508837493196ec8c,quarterly,stock
2023-03,Toplam,Total,64,balance_amount_million_try,52907.2469033,358819.85610280005,687139.3038057999,30.232,1098896.6388119,2023-03,https://www.tbb.org.tr/istatistiki-raporlar/2023-mart-tuketici-kredileri-ve-konut-kredileri,raw/2023-03/consumer_credit_report.xls,fa6e197fe4496a0208b299c20ad92fff21164bbdecc8fdbd508837493196ec8c,quarterly,stock
2023-03,YP,FX-linked,63,balance_person_count,34.0,120.0,91.0,0.0,245.0,2023-03,https://www.tbb.org.tr/istatistiki-raporlar/2023-mart-tuketici-kredileri-ve-konut-kredileri,raw/2023-03/consumer_credit_report.xls,fa6e197fe4496a0208b299c20ad92fff21164bbdecc8fdbd508837493196ec8c,quarterly,stock
2023-03,TP,TRY,62,balance_person_count,299814.0,2100801.0,24847602.0,405.0,27248622.0,2023-03,https://www.tbb.org.tr/istatistiki-raporlar/2023-mart-tuketici-kredileri-ve-konut-kredileri,raw/2023-03/consumer_credit_report.xls,fa6e197fe4496a0208b299c20ad92fff21164bbdecc8fdbd508837493196ec8c,quarterly,stock
2023-03,Toplam,Total,64,balance_person_count,299848.0,2100921.0,24847693.0,405.0,27248867.0,2023-03,https://www.tbb.org.tr/istatistiki-raporlar/2023-mart-tuketici-kredileri-ve-konut-kredileri,raw/2023-03/consumer_credit_report.xls,fa6e197fe4496a0208b299c20ad92fff21164bbdecc8fdbd508837493196ec8c,quarterly,stock
2023-03,YP,FX-linked,43,disbursement_amount_million_try,9.421,0.0,1.137,0.0,10.558,2023-03,https://www.tbb.org.tr/istatistiki-raporlar/2023-mart-tuketici-kredileri-ve-konut-kredileri,raw/2023-03/consumer_credit_report.xls,fa6e197fe4496a0208b299c20ad92fff21164bbdecc8fdbd508837493196ec8c,quarterly,flow
2023-03,TP,TRY,42,disbursement_amount_million_try,20658.419779800002,46703.479999300005,256518.2318633,48.805,323928.9366424,2023-03,https://www.tbb.org.tr/istatistiki-raporlar/2023-mart-tuketici-kredileri-ve-konut-kredileri,raw/2023-03/consumer_credit_report.xls,fa6e197fe4496a0208b299c20ad92fff21164bbdecc8fdbd508837493196ec8c,quarterly,flow
2023-03,Toplam,Total,44,disbursement_amount_million_try,20667.8407798,46703.479999300005,256519.36886329998,48.805,323939.4946424,2023-03,https://www.tbb.org.tr/istatistiki-raporlar/2023-mart-tuketici-kredileri-ve-konut-kredileri,raw/2023-03/consumer_credit_report.xls,fa6e197fe4496a0208b299c20ad92fff21164bbdecc8fdbd508837493196ec8c,quarterly,flow
2023-03,YP,FX-linked,43,disbursement_person_count,5.0,0.0,7.0,0.0,12.0,2023-03,https://www.tbb.org.tr/istatistiki-raporlar/2023-mart-tuketici-kredileri-ve-konut-kredileri,raw/2023-03/consumer_credit_report.xls,fa6e197fe4496a0208b299c20ad92fff21164bbdecc8fdbd508837493196ec8c,quarterly,flow
2023-03,TP,TRY,42,disbursement_person_count,89063.0,60683.0,6964944.0,940.0,7115630.0,2023-03,https://www.tbb.org.tr/istatistiki-raporlar/2023-mart-tuketici-kredileri-ve-konut-kredileri,raw/2023-03/consumer_credit_report.xls,fa6e197fe4496a0208b299c20ad92fff21164bbdecc8fdbd508837493196ec8c,quarterly,flow
2023-03,Toplam,Total,44,disbursement_person_count,89068.0,60683.0,6964951.0,940.0,7115642.0,2023-03,https://www.tbb.org.tr/istatistiki-raporlar/2023-mart-tuketici-kredileri-ve-konut-kredileri,raw/2023-03/consumer_credit_report.xls,fa6e197fe4496a0208b299c20ad92fff21164bbdecc8fdbd508837493196ec8c,quarterly,flow
2023-06,YP,FX-linked,63,balance_amount_million_try,20.772,101.6233589,249.6448012,0.0,372.0401601,2023-06,https://www.tbb.org.tr/istatistiki-raporlar/2023-haziran-tuketici-kredileri-ve-konut-kredileri,raw/2023-06/consumer_credit_report.xls,4d92a00064bed3a4d576fa596d543a2d5e18cc82cb128fad701fbd2da67e44bc,quarterly,stock
2023-06,TP,TRY,62,balance_amount_million_try,66609.670466,400585.33368800004,735709.6607554,30.435,1202935.0999094,2023-06,https://www.tbb.org.tr/istatistiki-raporlar/2023-haziran-tuketici-kredileri-ve-konut-kredileri,raw/2023-06/consumer_credit_report.xls,4d92a00064bed3a4d576fa596d543a2d5e18cc82cb128fad701fbd2da67e44bc,quarterly,stock
2023-06,Toplam,Total,64,balance_amount_million_try,66630.442466,400686.95704690006,735959.3055566,30.435,1203307.1400695,2023-06,https://www.tbb.org.tr/istatistiki-raporlar/2023-haziran-tuketici-kredileri-ve-konut-kredileri,raw/2023-06/consumer_credit_report.xls,4d92a00064bed3a4d576fa596d543a2d5e18cc82cb128fad701fbd2da67e44bc,quarterly,stock
2023-06,YP,FX-linked,63,balance_person_count,31.0,109.0,91.0,0.0,231.0,2023-06,https://www.tbb.org.tr/istatistiki-raporlar/2023-haziran-tuketici-kredileri-ve-konut-kredileri,raw/2023-06/consumer_credit_report.xls,4d92a00064bed3a4d576fa596d543a2d5e18cc82cb128fad701fbd2da67e44bc,quarterly,stock
2023-06,TP,TRY,62,balance_person_count,381416.0,2060800.0,26824711.0,382.0,29267309.0,2023-06,https://www.tbb.org.tr/istatistiki-raporlar/2023-haziran-tuketici-kredileri-ve-konut-kredileri,raw/2023-06/consumer_credit_report.xls,4d92a00064bed3a4d576fa596d543a2d5e18cc82cb128fad701fbd2da67e44bc,quarterly,stock
2023-06,Toplam,Total,64,balance_person_count,381447.0,2060909.0,26824802.0,382.0,29267540.0,2023-06,https://www.tbb.org.tr/istatistiki-raporlar/2023-haziran-tuketici-kredileri-ve-konut-kredileri,raw/2023-06/consumer_credit_report.xls,4d92a00064bed3a4d576fa596d543a2d5e18cc82cb128fad701fbd2da67e44bc,quarterly,stock
2023-06,YP,FX-linked,43,disbursement_amount_million_try,0.319,0.0,0.136,0.0,0.455,2023-06,https://www.tbb.org.tr/istatistiki-raporlar/2023-haziran-tuketici-kredileri-ve-konut-kredileri,raw/2023-06/consumer_credit_report.xls,4d92a00064bed3a4d576fa596d543a2d5e18cc82cb128fad701fbd2da67e44bc,quarterly,flow
2023-06,TP,TRY,42,disbursement_amount_million_try,24186.2167145,62485.7156558,219431.3004917,21.91,306125.142862,2023-06,https://www.tbb.org.tr/istatistiki-raporlar/2023-haziran-tuketici-kredileri-ve-konut-kredileri,raw/2023-06/consumer_credit_report.xls,4d92a00064bed3a4d576fa596d543a2d5e18cc82cb128fad701fbd2da67e44bc,quarterly,flow
2023-06,Toplam,Total,44,disbursement_amount_million_try,24186.535714499998,62485.7156558,219431.4364917,21.91,306125.597862,2023-06,https://www.tbb.org.tr/istatistiki-raporlar/2023-haziran-tuketici-kredileri-ve-konut-kredileri,raw/2023-06/consumer_credit_report.xls,4d92a00064bed3a4d576fa596d543a2d5e18cc82cb128fad701fbd2da67e44bc,quarterly,flow
2023-06,YP,FX-linked,43,disbursement_person_count,1.0,0.0,1.0,0.0,2.0,2023-06,https://www.tbb.org.tr/istatistiki-raporlar/2023-haziran-tuketici-kredileri-ve-konut-kredileri,raw/2023-06/consumer_credit_report.xls,4d92a00064bed3a4d576fa596d543a2d5e18cc82cb128fad701fbd2da67e44bc,quarterly,flow
2023-06,TP,TRY,42,disbursement_person_count,98908.0,66458.0,6725456.0,522.0,6891344.0,2023-06,https://www.tbb.org.tr/istatistiki-raporlar/2023-haziran-tuketici-kredileri-ve-konut-kredileri,raw/2023-06/consumer_credit_report.xls,4d92a00064bed3a4d576fa596d543a2d5e18cc82cb128fad701fbd2da67e44bc,quarterly,flow
2023-06,Toplam,Total,44,disbursement_person_count,98909.0,66458.0,6725457.0,522.0,6891346.0,2023-06,https://www.tbb.org.tr/istatistiki-raporlar/2023-haziran-tuketici-kredileri-ve-konut-kredileri,raw/2023-06/consumer_credit_report.xls,4d92a00064bed3a4d576fa596d543a2d5e18cc82cb128fad701fbd2da67e44bc,quarterly,flow
2023-09,YP,FX-linked,63,balance_amount_million_try,17.259,100.3012795,250.35280970000002,0.0,367.91308920000006,2023-09,https://www.tbb.org.tr/istatistiki-raporlar/2023-eylul-tuketici-kredileri-ve-konut-kredileri,raw/2023-09/consumer_credit_report.xls,c353f5b06b4f6d63d9ed5c224421c167238db9a18c45e5f89b88f999ae1ffd9d,quarterly,stock
2023-09,TP,TRY,62,balance_amount_million_try,69248.6597279,404124.8095212,764669.1360484001,16.922,1238059.5272975,2023-09,https://www.tbb.org.tr/istatistiki-raporlar/2023-eylul-tuketici-kredileri-ve-konut-kredileri,raw/2023-09/consumer_credit_report.xls,c353f5b06b4f6d63d9ed5c224421c167238db9a18c45e5f89b88f999ae1ffd9d,quarterly,stock
2023-09,Toplam,Total,64,balance_amount_million_try,69265.9187279,404225.11080070003,764919.4888581,16.922,1238427.4403867002,2023-09,https://www.tbb.org.tr/istatistiki-raporlar/2023-eylul-tuketici-kredileri-ve-konut-kredileri,raw/2023-09/consumer_credit_report.xls,c353f5b06b4f6d63d9ed5c224421c167238db9a18c45e5f89b88f999ae1ffd9d,quarterly,stock
2023-09,YP,FX-linked,63,balance_person_count,25.0,106.0,84.0,0.0,215.0,2023-09,https://www.tbb.org.tr/istatistiki-raporlar/2023-eylul-tuketici-kredileri-ve-konut-kredileri,raw/2023-09/consumer_credit_report.xls,c353f5b06b4f6d63d9ed5c224421c167238db9a18c45e5f89b88f999ae1ffd9d,quarterly,stock
2023-09,TP,TRY,62,balance_person_count,401637.0,1996920.0,27041941.0,351.0,29440849.0,2023-09,https://www.tbb.org.tr/istatistiki-raporlar/2023-eylul-tuketici-kredileri-ve-konut-kredileri,raw/2023-09/consumer_credit_report.xls,c353f5b06b4f6d63d9ed5c224421c167238db9a18c45e5f89b88f999ae1ffd9d,quarterly,stock
2023-09,Toplam,Total,64,balance_person_count,401662.0,1997026.0,27042025.0,351.0,29441064.0,2023-09,https://www.tbb.org.tr/istatistiki-raporlar/2023-eylul-tuketici-kredileri-ve-konut-kredileri,raw/2023-09/consumer_credit_report.xls,c353f5b06b4f6d63d9ed5c224421c167238db9a18c45e5f89b88f999ae1ffd9d,quarterly,stock
2023-09,YP,FX-linked,43,disbursement_amount_million_try,0.0,5.4,0.68,0.0,6.08,2023-09,https://www.tbb.org.tr/istatistiki-raporlar/2023-eylul-tuketici-kredileri-ve-konut-kredileri,raw/2023-09/consumer_credit_report.xls,c353f5b06b4f6d63d9ed5c224421c167238db9a18c45e5f89b88f999ae1ffd9d,quarterly,flow
2023-09,TP,TRY,42,disbursement_amount_million_try,13220.328283399998,22614.0186718,240995.27258669998,30.28,276859.8995419,2023-09,https://www.tbb.org.tr/istatistiki-raporlar/2023-eylul-tuketici-kredileri-ve-konut-kredileri,raw/2023-09/consumer_credit_report.xls,c353f5b06b4f6d63d9ed5c224421c167238db9a18c45e5f89b88f999ae1ffd9d,quarterly,flow
2023-09,Toplam,Total,44,disbursement_amount_million_try,13220.328283399998,22619.418671800002,240995.95258669998,30.28,276865.9795419,2023-09,https://www.tbb.org.tr/istatistiki-raporlar/2023-eylul-tuketici-kredileri-ve-konut-kredileri,raw/2023-09/consumer_credit_report.xls,c353f5b06b4f6d63d9ed5c224421c167238db9a18c45e5f89b88f999ae1ffd9d,quarterly,flow
2023-09,YP,FX-linked,43,disbursement_person_count,0.0,4.0,3.0,0.0,7.0,2023-09,https://www.tbb.org.tr/istatistiki-raporlar/2023-eylul-tuketici-kredileri-ve-konut-kredileri,raw/2023-09/consumer_credit_report.xls,c353f5b06b4f6d63d9ed5c224421c167238db9a18c45e5f89b88f999ae1ffd9d,quarterly,flow
2023-09,TP,TRY,42,disbursement_person_count,50402.0,33146.0,6398330.0,746.0,6482624.0,2023-09,https://www.tbb.org.tr/istatistiki-raporlar/2023-eylul-tuketici-kredileri-ve-konut-kredileri,raw/2023-09/consumer_credit_report.xls,c353f5b06b4f6d63d9ed5c224421c167238db9a18c45e5f89b88f999ae1ffd9d,quarterly,flow
2023-09,Toplam,Total,44,disbursement_person_count,50402.0,33150.0,6398333.0,746.0,6482631.0,2023-09,https://www.tbb.org.tr/istatistiki-raporlar/2023-eylul-tuketici-kredileri-ve-konut-kredileri,raw/2023-09/consumer_credit_report.xls,c353f5b06b4f6d63d9ed5c224421c167238db9a18c45e5f89b88f999ae1ffd9d,quarterly,flow
2023-12,YP,FX-linked,63,balance_amount_million_try,21.563,96.8784041,298.7976435,0.0,417.2390476,2023-12,https://www.tbb.org.tr/istatistiki-raporlar/2023-aralik-tuketici-kredileri-ve-konut-kredileri,raw/2023-12/consumer_credit_report.xls,d98dfcdbdcafcbf3466c25dbf58f9a20fc46f5c7ac0bf27f4f21790a42107bb1,quarterly,stock
2023-12,TP,TRY,62,balance_amount_million_try,75409.52432279999,397262.981519,801968.0255526,12.292,1274652.8233944,2023-12,https://www.tbb.org.tr/istatistiki-raporlar/2023-aralik-tuketici-kredileri-ve-konut-kredileri,raw/2023-12/consumer_credit_report.xls,d98dfcdbdcafcbf3466c25dbf58f9a20fc46f5c7ac0bf27f4f21790a42107bb1,quarterly,stock
2023-12,Toplam,Total,64,balance_amount_million_try,75431.08732279998,397359.85992310004,802266.8231961001,12.292,1275070.062442,2023-12,https://www.tbb.org.tr/istatistiki-raporlar/2023-aralik-tuketici-kredileri-ve-konut-kredileri,raw/2023-12/consumer_credit_report.xls,d98dfcdbdcafcbf3466c25dbf58f9a20fc46f5c7ac0bf27f4f21790a42107bb1,quarterly,stock
2023-12,YP,FX-linked,63,balance_person_count,29.0,86.0,85.0,0.0,200.0,2023-12,https://www.tbb.org.tr/istatistiki-raporlar/2023-aralik-tuketici-kredileri-ve-konut-kredileri,raw/2023-12/consumer_credit_report.xls,d98dfcdbdcafcbf3466c25dbf58f9a20fc46f5c7ac0bf27f4f21790a42107bb1,quarterly,stock
2023-12,TP,TRY,62,balance_person_count,439799.0,1929605.0,26813013.0,307.0,29182724.0,2023-12,https://www.tbb.org.tr/istatistiki-raporlar/2023-aralik-tuketici-kredileri-ve-konut-kredileri,raw/2023-12/consumer_credit_report.xls,d98dfcdbdcafcbf3466c25dbf58f9a20fc46f5c7ac0bf27f4f21790a42107bb1,quarterly,stock
2023-12,Toplam,Total,64,balance_person_count,439828.0,1929691.0,26813098.0,307.0,29182924.0,2023-12,https://www.tbb.org.tr/istatistiki-raporlar/2023-aralik-tuketici-kredileri-ve-konut-kredileri,raw/2023-12/consumer_credit_report.xls,d98dfcdbdcafcbf3466c25dbf58f9a20fc46f5c7ac0bf27f4f21790a42107bb1,quarterly,stock
2023-12,YP,FX-linked,43,disbursement_amount_million_try,6.152,0.0,5.353,0.0,11.504999999999999,2023-12,https://www.tbb.org.tr/istatistiki-raporlar/2023-aralik-tuketici-kredileri-ve-konut-kredileri,raw/2023-12/consumer_credit_report.xls,d98dfcdbdcafcbf3466c25dbf58f9a20fc46f5c7ac0bf27f4f21790a42107bb1,quarterly,flow
2023-12,TP,TRY,42,disbursement_amount_million_try,19181.8384395,10776.040175,299164.4766857,36.61,329158.9653002,2023-12,https://www.tbb.org.tr/istatistiki-raporlar/2023-aralik-tuketici-kredileri-ve-konut-kredileri,raw/2023-12/consumer_credit_report.xls,d98dfcdbdcafcbf3466c25dbf58f9a20fc46f5c7ac0bf27f4f21790a42107bb1,quarterly,flow
2023-12,Toplam,Total,44,disbursement_amount_million_try,19187.990439499998,10776.040175,299169.8296857,36.61,329170.4703002,2023-12,https://www.tbb.org.tr/istatistiki-raporlar/2023-aralik-tuketici-kredileri-ve-konut-kredileri,raw/2023-12/consumer_credit_report.xls,d98dfcdbdcafcbf3466c25dbf58f9a20fc46f5c7ac0bf27f4f21790a42107bb1,quarterly,flow
2023-12,YP,FX-linked,43,disbursement_person_count,11.0,0.0,8.0,0.0,19.0,2023-12,https://www.tbb.org.tr/istatistiki-raporlar/2023-aralik-tuketici-kredileri-ve-konut-kredileri,raw/2023-12/consumer_credit_report.xls,d98dfcdbdcafcbf3466c25dbf58f9a20fc46f5c7ac0bf27f4f21790a42107bb1,quarterly,flow
2023-12,TP,TRY,42,disbursement_person_count,74040.0,15143.0,6446165.0,734.0,6536082.0,2023-12,https://www.tbb.org.tr/istatistiki-raporlar/2023-aralik-tuketici-kredileri-ve-konut-kredileri,raw/2023-12/consumer_credit_report.xls,d98dfcdbdcafcbf3466c25dbf58f9a20fc46f5c7ac0bf27f4f21790a42107bb1,quarterly,flow
2023-12,Toplam,Total,44,disbursement_person_count,74051.0,15143.0,6446173.0,734.0,6536101.0,2023-12,https://www.tbb.org.tr/istatistiki-raporlar/2023-aralik-tuketici-kredileri-ve-konut-kredileri,raw/2023-12/consumer_credit_report.xls,d98dfcdbdcafcbf3466c25dbf58f9a20fc46f5c7ac0bf27f4f21790a42107bb1,quarterly,flow
2024-03,YP,FX-linked,63,balance_amount_million_try,27.584,113.4609961,321.2677645,0.0,462.3127606,2024-03,https://www.tbb.org.tr/istatistiki-raporlar/2024-mart-tuketici-kredileri-ve-konut-kredileri,raw/2024-03/consumer_credit_report.xls,6ba0fab770823832a8de2185671399b79200e1f2073ea6452514dcadd390931e,quarterly,stock
2024-03,TP,TRY,62,balance_amount_million_try,71671.91060680001,402612.7518571,864012.5884549001,15.951,1338313.2019188,2024-03,https://www.tbb.org.tr/istatistiki-raporlar/2024-mart-tuketici-kredileri-ve-konut-kredileri,raw/2024-03/consumer_credit_report.xls,6ba0fab770823832a8de2185671399b79200e1f2073ea6452514dcadd390931e,quarterly,stock
2024-03,Toplam,Total,64,balance_amount_million_try,71699.49460680001,402726.2128532,864333.8562194001,15.951,1338775.5146794,2024-03,https://www.tbb.org.tr/istatistiki-raporlar/2024-mart-tuketici-kredileri-ve-konut-kredileri,raw/2024-03/consumer_credit_report.xls,6ba0fab770823832a8de2185671399b79200e1f2073ea6452514dcadd390931e,quarterly,stock
2024-03,YP,FX-linked,63,balance_person_count,33.0,88.0,112.0,0.0,233.0,2024-03,https://www.tbb.org.tr/istatistiki-raporlar/2024-mart-tuketici-kredileri-ve-konut-kredileri,raw/2024-03/consumer_credit_report.xls,6ba0fab770823832a8de2185671399b79200e1f2073ea6452514dcadd390931e,quarterly,stock
2024-03,TP,TRY,62,balance_person_count,445180.0,1878709.0,25857992.0,473.0,28182354.0,2024-03,https://www.tbb.org.tr/istatistiki-raporlar/2024-mart-tuketici-kredileri-ve-konut-kredileri,raw/2024-03/consumer_credit_report.xls,6ba0fab770823832a8de2185671399b79200e1f2073ea6452514dcadd390931e,quarterly,stock
2024-03,Toplam,Total,64,balance_person_count,445213.0,1878797.0,25858104.0,473.0,28182587.0,2024-03,https://www.tbb.org.tr/istatistiki-raporlar/2024-mart-tuketici-kredileri-ve-konut-kredileri,raw/2024-03/consumer_credit_report.xls,6ba0fab770823832a8de2185671399b79200e1f2073ea6452514dcadd390931e,quarterly,stock
2024-03,YP,FX-linked,43,disbursement_amount_million_try,6.403,2.252,4.071,0.0,12.725999999999999,2024-03,https://www.tbb.org.tr/istatistiki-raporlar/2024-mart-tuketici-kredileri-ve-konut-kredileri,raw/2024-03/consumer_credit_report.xls,6ba0fab770823832a8de2185671399b79200e1f2073ea6452514dcadd390931e,quarterly,flow
2024-03,TP,TRY,42,disbursement_amount_million_try,11934.767903999998,24076.0127209,363282.6448546,53.209,399346.6344795,2024-03,https://www.tbb.org.tr/istatistiki-raporlar/2024-mart-tuketici-kredileri-ve-konut-kredileri,raw/2024-03/consumer_credit_report.xls,6ba0fab770823832a8de2185671399b79200e1f2073ea6452514dcadd390931e,quarterly,flow
2024-03,Toplam,Total,44,disbursement_amount_million_try,11941.170903999999,24078.2647209,363286.7158546,53.209,399359.36047949997,2024-03,https://www.tbb.org.tr/istatistiki-raporlar/2024-mart-tuketici-kredileri-ve-konut-kredileri,raw/2024-03/consumer_credit_report.xls,6ba0fab770823832a8de2185671399b79200e1f2073ea6452514dcadd390931e,quarterly,flow
2024-03,YP,FX-linked,43,disbursement_person_count,5.0,2.0,10.0,0.0,17.0,2024-03,https://www.tbb.org.tr/istatistiki-raporlar/2024-mart-tuketici-kredileri-ve-konut-kredileri,raw/2024-03/consumer_credit_report.xls,6ba0fab770823832a8de2185671399b79200e1f2073ea6452514dcadd390931e,quarterly,flow
2024-03,TP,TRY,42,disbursement_person_count,48651.0,26370.0,6329702.0,786.0,6405509.0,2024-03,https://www.tbb.org.tr/istatistiki-raporlar/2024-mart-tuketici-kredileri-ve-konut-kredileri,raw/2024-03/consumer_credit_report.xls,6ba0fab770823832a8de2185671399b79200e1f2073ea6452514dcadd390931e,quarterly,flow
2024-03,Toplam,Total,44,disbursement_person_count,48656.0,26372.0,6329712.0,786.0,6405526.0,2024-03,https://www.tbb.org.tr/istatistiki-raporlar/2024-mart-tuketici-kredileri-ve-konut-kredileri,raw/2024-03/consumer_credit_report.xls,6ba0fab770823832a8de2185671399b79200e1f2073ea6452514dcadd390931e,quarterly,flow
2024-06,YP,FX-linked,63,balance_amount_million_try,38.059,99.428264,362.8573088,0.0,500.3445728,2024-06,https://www.tbb.org.tr/istatistiki-raporlar/2024-haziran-tuketici-kredileri-ve-konut-kredileri,raw/2024-06/consumer_credit_report.xls,96ec833848d89ac3dcdec2a5b8c56ab95193effa7851ac55ba8f664c15bd5412,quarterly,stock
2024-06,TP,TRY,62,balance_amount_million_try,72035.0960218,405264.2484629,892390.1433621,4.836,1369694.3238468,2024-06,https://www.tbb.org.tr/istatistiki-raporlar/2024-haziran-tuketici-kredileri-ve-konut-kredileri,raw/2024-06/consumer_credit_report.xls,96ec833848d89ac3dcdec2a5b8c56ab95193effa7851ac55ba8f664c15bd5412,quarterly,stock
2024-06,Toplam,Total,64,balance_amount_million_try,72073.15502179999,405363.6767269,892753.0006709,4.836,1370194.6684195998,2024-06,https://www.tbb.org.tr/istatistiki-raporlar/2024-haziran-tuketici-kredileri-ve-konut-kredileri,raw/2024-06/consumer_credit_report.xls,96ec833848d89ac3dcdec2a5b8c56ab95193effa7851ac55ba8f664c15bd5412,quarterly,stock
2024-06,YP,FX-linked,63,balance_person_count,35.0,63.0,117.0,0.0,215.0,2024-06,https://www.tbb.org.tr/istatistiki-raporlar/2024-haziran-tuketici-kredileri-ve-konut-kredileri,raw/2024-06/consumer_credit_report.xls,96ec833848d89ac3dcdec2a5b8c56ab95193effa7851ac55ba8f664c15bd5412,quarterly,stock
2024-06,TP,TRY,62,balance_person_count,449347.0,1827804.0,24675089.0,193.0,26952433.0,2024-06,https://www.tbb.org.tr/istatistiki-raporlar/2024-haziran-tuketici-kredileri-ve-konut-kredileri,raw/2024-06/consumer_credit_report.xls,96ec833848d89ac3dcdec2a5b8c56ab95193effa7851ac55ba8f664c15bd5412,quarterly,stock
2024-06,Toplam,Total,64,balance_person_count,449382.0,1827867.0,24675206.0,193.0,26952648.0,2024-06,https://www.tbb.org.tr/istatistiki-raporlar/2024-haziran-tuketici-kredileri-ve-konut-kredileri,raw/2024-06/consumer_credit_report.xls,96ec833848d89ac3dcdec2a5b8c56ab95193effa7851ac55ba8f664c15bd5412,quarterly,stock
2024-06,YP,FX-linked,43,disbursement_amount_million_try,7.975,0.0,2.909,0.0,10.884,2024-06,https://www.tbb.org.tr/istatistiki-raporlar/2024-haziran-tuketici-kredileri-ve-konut-kredileri,raw/2024-06/consumer_credit_report.xls,96ec833848d89ac3dcdec2a5b8c56ab95193effa7851ac55ba8f664c15bd5412,quarterly,flow
2024-06,TP,TRY,42,disbursement_amount_million_try,17226.362106,20689.048798,368209.6622263,42.569,406167.6421303,2024-06,https://www.tbb.org.tr/istatistiki-raporlar/2024-haziran-tuketici-kredileri-ve-konut-kredileri,raw/2024-06/consumer_credit_report.xls,96ec833848d89ac3dcdec2a5b8c56ab95193effa7851ac55ba8f664c15bd5412,quarterly,flow
2024-06,Toplam,Total,44,disbursement_amount_million_try,17234.337106,20689.048798,368212.5712263,42.569,406178.5261303,2024-06,https://www.tbb.org.tr/istatistiki-raporlar/2024-haziran-tuketici-kredileri-ve-konut-kredileri,raw/2024-06/consumer_credit_report.xls,96ec833848d89ac3dcdec2a5b8c56ab95193effa7851ac55ba8f664c15bd5412,quarterly,flow
2024-06,YP,FX-linked,43,disbursement_person_count,6.0,0.0,9.0,0.0,15.0,2024-06,https://www.tbb.org.tr/istatistiki-raporlar/2024-haziran-tuketici-kredileri-ve-konut-kredileri,raw/2024-06/consumer_credit_report.xls,96ec833848d89ac3dcdec2a5b8c56ab95193effa7851ac55ba8f664c15bd5412,quarterly,flow
2024-06,TP,TRY,42,disbursement_person_count,53950.0,21875.0,6417858.0,667.0,6494350.0,2024-06,https://www.tbb.org.tr/istatistiki-raporlar/2024-haziran-tuketici-kredileri-ve-konut-kredileri,raw/2024-06/consumer_credit_report.xls,96ec833848d89ac3dcdec2a5b8c56ab95193effa7851ac55ba8f664c15bd5412,quarterly,flow
2024-06,Toplam,Total,44,disbursement_person_count,53956.0,21875.0,6417867.0,667.0,6494365.0,2024-06,https://www.tbb.org.tr/istatistiki-raporlar/2024-haziran-tuketici-kredileri-ve-konut-kredileri,raw/2024-06/consumer_credit_report.xls,96ec833848d89ac3dcdec2a5b8c56ab95193effa7851ac55ba8f664c15bd5412,quarterly,flow
2024-09,YP,FX-linked,63,balance_amount_million_try,52.48,105.23321580000001,448.4591036,0.0,606.1723194,2024-09,https://www.tbb.org.tr/istatistiki-raporlar/2024-eylul-tuketici-kredileri-ve-konut-kredileri,raw/2024-09/consumer_credit_report.xls,b63db3030b2795883f5a266022c641ae71a7824394949e000e9e6f8c705f3829,quarterly,stock
2024-09,TP,TRY,62,balance_amount_million_try,62440.8649393,420860.47623860004,921933.761636,3.079,1405238.1818139,2024-09,https://www.tbb.org.tr/istatistiki-raporlar/2024-eylul-tuketici-kredileri-ve-konut-kredileri,raw/2024-09/consumer_credit_report.xls,b63db3030b2795883f5a266022c641ae71a7824394949e000e9e6f8c705f3829,quarterly,stock
2024-09,Toplam,Total,64,balance_amount_million_try,62493.344939300005,420965.70945440006,922382.2207396,3.079,1405844.3541333,2024-09,https://www.tbb.org.tr/istatistiki-raporlar/2024-eylul-tuketici-kredileri-ve-konut-kredileri,raw/2024-09/consumer_credit_report.xls,b63db3030b2795883f5a266022c641ae71a7824394949e000e9e6f8c705f3829,quarterly,stock
2024-09,YP,FX-linked,63,balance_person_count,40.0,58.0,130.0,0.0,228.0,2024-09,https://www.tbb.org.tr/istatistiki-raporlar/2024-eylul-tuketici-kredileri-ve-konut-kredileri,raw/2024-09/consumer_credit_report.xls,b63db3030b2795883f5a266022c641ae71a7824394949e000e9e6f8c705f3829,quarterly,stock
2024-09,TP,TRY,62,balance_person_count,426212.0,1765047.0,23193303.0,150.0,25384712.0,2024-09,https://www.tbb.org.tr/istatistiki-raporlar/2024-eylul-tuketici-kredileri-ve-konut-kredileri,raw/2024-09/consumer_credit_report.xls,b63db3030b2795883f5a266022c641ae71a7824394949e000e9e6f8c705f3829,quarterly,stock
2024-09,Toplam,Total,64,balance_person_count,426252.0,1765105.0,23193433.0,150.0,25384940.0,2024-09,https://www.tbb.org.tr/istatistiki-raporlar/2024-eylul-tuketici-kredileri-ve-konut-kredileri,raw/2024-09/consumer_credit_report.xls,b63db3030b2795883f5a266022c641ae71a7824394949e000e9e6f8c705f3829,quarterly,stock
2024-09,YP,FX-linked,43,disbursement_amount_million_try,18.737,6.131,10.476,0.0,35.344,2024-09,https://www.tbb.org.tr/istatistiki-raporlar/2024-eylul-tuketici-kredileri-ve-konut-kredileri,raw/2024-09/consumer_credit_report.xls,b63db3030b2795883f5a266022c641ae71a7824394949e000e9e6f8c705f3829,quarterly,flow
2024-09,TP,TRY,42,disbursement_amount_million_try,10057.889378,36909.5639497,429122.6193584,54.792,476144.86468610005,2024-09,https://www.tbb.org.tr/istatistiki-raporlar/2024-eylul-tuketici-kredileri-ve-konut-kredileri,raw/2024-09/consumer_credit_report.xls,b63db3030b2795883f5a266022c641ae71a7824394949e000e9e6f8c705f3829,quarterly,flow
2024-09,Toplam,Total,44,disbursement_amount_million_try,10076.626377999999,36915.6949497,429133.0953584,54.792,476180.2086861,2024-09,https://www.tbb.org.tr/istatistiki-raporlar/2024-eylul-tuketici-kredileri-ve-konut-kredileri,raw/2024-09/consumer_credit_report.xls,b63db3030b2795883f5a266022c641ae71a7824394949e000e9e6f8c705f3829,quarterly,flow
2024-09,YP,FX-linked,43,disbursement_person_count,7.0,2.0,18.0,0.0,27.0,2024-09,https://www.tbb.org.tr/istatistiki-raporlar/2024-eylul-tuketici-kredileri-ve-konut-kredileri,raw/2024-09/consumer_credit_report.xls,b63db3030b2795883f5a266022c641ae71a7824394949e000e9e6f8c705f3829,quarterly,flow
2024-09,TP,TRY,42,disbursement_person_count,37849.0,36787.0,6795386.0,740.0,6870762.0,2024-09,https://www.tbb.org.tr/istatistiki-raporlar/2024-eylul-tuketici-kredileri-ve-konut-kredileri,raw/2024-09/consumer_credit_report.xls,b63db3030b2795883f5a266022c641ae71a7824394949e000e9e6f8c705f3829,quarterly,flow
2024-09,Toplam,Total,44,disbursement_person_count,37856.0,36789.0,6795404.0,740.0,6870789.0,2024-09,https://www.tbb.org.tr/istatistiki-raporlar/2024-eylul-tuketici-kredileri-ve-konut-kredileri,raw/2024-09/consumer_credit_report.xls,b63db3030b2795883f5a266022c641ae71a7824394949e000e9e6f8c705f3829,quarterly,flow
2024-12,YP,FX-linked,63,balance_amount_million_try,55.904,83.4772157,507.3836865,0.0,646.7649022,2024-12,https://www.tbb.org.tr/istatistiki-raporlar/2024-aralik-tuketici-kredileri-ve-konut-kredileri,raw/2024-12/consumer_credit_report.xls,f12315e3dfd9462017f84f3eda88d984b1f73b6665c156954171e414b07cfb5d,quarterly,stock
2024-12,TP,TRY,62,balance_amount_million_try,60781.305565899995,464818.4524354,973327.8724676,1.743,1498929.3734689,2024-12,https://www.tbb.org.tr/istatistiki-raporlar/2024-aralik-tuketici-kredileri-ve-konut-kredileri,raw/2024-12/consumer_credit_report.xls,f12315e3dfd9462017f84f3eda88d984b1f73b6665c156954171e414b07cfb5d,quarterly,stock
2024-12,Toplam,Total,64,balance_amount_million_try,60837.2095659,464901.9296511,973835.2561541001,1.743,1499576.1383711,2024-12,https://www.tbb.org.tr/istatistiki-raporlar/2024-aralik-tuketici-kredileri-ve-konut-kredileri,raw/2024-12/consumer_credit_report.xls,f12315e3dfd9462017f84f3eda88d984b1f73b6665c156954171e414b07cfb5d,quarterly,stock
2024-12,YP,FX-linked,63,balance_person_count,48.0,50.0,134.0,0.0,232.0,2024-12,https://www.tbb.org.tr/istatistiki-raporlar/2024-aralik-tuketici-kredileri-ve-konut-kredileri,raw/2024-12/consumer_credit_report.xls,f12315e3dfd9462017f84f3eda88d984b1f73b6665c156954171e414b07cfb5d,quarterly,stock
2024-12,TP,TRY,62,balance_person_count,398301.0,1725900.0,22489091.0,111.0,24613403.0,2024-12,https://www.tbb.org.tr/istatistiki-raporlar/2024-aralik-tuketici-kredileri-ve-konut-kredileri,raw/2024-12/consumer_credit_report.xls,f12315e3dfd9462017f84f3eda88d984b1f73b6665c156954171e414b07cfb5d,quarterly,stock
2024-12,Toplam,Total,64,balance_person_count,398349.0,1725950.0,22489225.0,111.0,24613635.0,2024-12,https://www.tbb.org.tr/istatistiki-raporlar/2024-aralik-tuketici-kredileri-ve-konut-kredileri,raw/2024-12/consumer_credit_report.xls,f12315e3dfd9462017f84f3eda88d984b1f73b6665c156954171e414b07cfb5d,quarterly,stock
2024-12,YP,FX-linked,43,disbursement_amount_million_try,12.871,0.0,14.737,0.0,27.608,2024-12,https://www.tbb.org.tr/istatistiki-raporlar/2024-aralik-tuketici-kredileri-ve-konut-kredileri,raw/2024-12/consumer_credit_report.xls,f12315e3dfd9462017f84f3eda88d984b1f73b6665c156954171e414b07cfb5d,quarterly,flow
2024-12,TP,TRY,42,disbursement_amount_million_try,18756.13354,67391.64745,484245.9223301,59.706,570453.4093201,2024-12,https://www.tbb.org.tr/istatistiki-raporlar/2024-aralik-tuketici-kredileri-ve-konut-kredileri,raw/2024-12/consumer_credit_report.xls,f12315e3dfd9462017f84f3eda88d984b1f73b6665c156954171e414b07cfb5d,quarterly,flow
2024-12,Toplam,Total,44,disbursement_amount_million_try,18769.004539999998,67391.64745,484260.6593301,59.706,570481.0173201,2024-12,https://www.tbb.org.tr/istatistiki-raporlar/2024-aralik-tuketici-kredileri-ve-konut-kredileri,raw/2024-12/consumer_credit_report.xls,f12315e3dfd9462017f84f3eda88d984b1f73b6665c156954171e414b07cfb5d,quarterly,flow
2024-12,YP,FX-linked,43,disbursement_person_count,12.0,0.0,21.0,0.0,33.0,2024-12,https://www.tbb.org.tr/istatistiki-raporlar/2024-aralik-tuketici-kredileri-ve-konut-kredileri,raw/2024-12/consumer_credit_report.xls,f12315e3dfd9462017f84f3eda88d984b1f73b6665c156954171e414b07cfb5d,quarterly,flow
2024-12,TP,TRY,42,disbursement_person_count,55131.0,61061.0,6930726.0,860.0,7047778.0,2024-12,https://www.tbb.org.tr/istatistiki-raporlar/2024-aralik-tuketici-kredileri-ve-konut-kredileri,raw/2024-12/consumer_credit_report.xls,f12315e3dfd9462017f84f3eda88d984b1f73b6665c156954171e414b07cfb5d,quarterly,flow
2024-12,Toplam,Total,44,disbursement_person_count,55143.0,61061.0,6930747.0,860.0,7047811.0,2024-12,https://www.tbb.org.tr/istatistiki-raporlar/2024-aralik-tuketici-kredileri-ve-konut-kredileri,raw/2024-12/consumer_credit_report.xls,f12315e3dfd9462017f84f3eda88d984b1f73b6665c156954171e414b07cfb5d,quarterly,flow
2025-03,YP,FX-linked,63,balance_amount_million_try,39.328,120.1007725,590.7926027999999,0.0,750.2213753,2025-03,https://www.tbb.org.tr/istatistiki-raporlar/2025-mart-tuketici-kredileri-ve-konut-kredileri,raw/2025-03/consumer_credit_report.xls,dd3507e430cb0c5d29efc7b4a0d4029afc2fe9fc9ce2be0ab8c96cafb47d5879,quarterly,stock
2025-03,TP,TRY,62,balance_amount_million_try,53867.527343500005,495494.3381321,1032926.3561937,0.913,1582289.1346693,2025-03,https://www.tbb.org.tr/istatistiki-raporlar/2025-mart-tuketici-kredileri-ve-konut-kredileri,raw/2025-03/consumer_credit_report.xls,dd3507e430cb0c5d29efc7b4a0d4029afc2fe9fc9ce2be0ab8c96cafb47d5879,quarterly,stock
2025-03,Toplam,Total,64,balance_amount_million_try,53906.85534350001,495614.4389046,1033517.1487964999,0.913,1583039.3560446,2025-03,https://www.tbb.org.tr/istatistiki-raporlar/2025-mart-tuketici-kredileri-ve-konut-kredileri,raw/2025-03/consumer_credit_report.xls,dd3507e430cb0c5d29efc7b4a0d4029afc2fe9fc9ce2be0ab8c96cafb47d5879,quarterly,stock
2025-03,YP,FX-linked,63,balance_person_count,56.0,55.0,112.0,0.0,223.0,2025-03,https://www.tbb.org.tr/istatistiki-raporlar/2025-mart-tuketici-kredileri-ve-konut-kredileri,raw/2025-03/consumer_credit_report.xls,dd3507e430cb0c5d29efc7b4a0d4029afc2fe9fc9ce2be0ab8c96cafb47d5879,quarterly,stock
2025-03,TP,TRY,62,balance_person_count,366647.0,1669880.0,20809436.0,69.0,22846032.0,2025-03,https://www.tbb.org.tr/istatistiki-raporlar/2025-mart-tuketici-kredileri-ve-konut-kredileri,raw/2025-03/consumer_credit_report.xls,dd3507e430cb0c5d29efc7b4a0d4029afc2fe9fc9ce2be0ab8c96cafb47d5879,quarterly,stock
2025-03,Toplam,Total,64,balance_person_count,366703.0,1669935.0,20809548.0,69.0,22846255.0,2025-03,https://www.tbb.org.tr/istatistiki-raporlar/2025-mart-tuketici-kredileri-ve-konut-kredileri,raw/2025-03/consumer_credit_report.xls,dd3507e430cb0c5d29efc7b4a0d4029afc2fe9fc9ce2be0ab8c96cafb47d5879,quarterly,stock
2025-03,YP,FX-linked,43,disbursement_amount_million_try,9.344,29.094,4.206,0.0,42.644000000000005,2025-03,https://www.tbb.org.tr/istatistiki-raporlar/2025-mart-tuketici-kredileri-ve-konut-kredileri,raw/2025-03/consumer_credit_report.xls,dd3507e430cb0c5d29efc7b4a0d4029afc2fe9fc9ce2be0ab8c96cafb47d5879,quarterly,flow
2025-03,TP,TRY,42,disbursement_amount_million_try,13337.224989,55311.5434644,537925.3686746,85.535,606659.6721280001,2025-03,https://www.tbb.org.tr/istatistiki-raporlar/2025-mart-tuketici-kredileri-ve-konut-kredileri,raw/2025-03/consumer_credit_report.xls,dd3507e430cb0c5d29efc7b4a0d4029afc2fe9fc9ce2be0ab8c96cafb47d5879,quarterly,flow
2025-03,Toplam,Total,44,disbursement_amount_million_try,13346.568989,55340.637464399995,537929.5746746,85.535,606702.316128,2025-03,https://www.tbb.org.tr/istatistiki-raporlar/2025-mart-tuketici-kredileri-ve-konut-kredileri,raw/2025-03/consumer_credit_report.xls,dd3507e430cb0c5d29efc7b4a0d4029afc2fe9fc9ce2be0ab8c96cafb47d5879,quarterly,flow
2025-03,YP,FX-linked,43,disbursement_person_count,10.0,6.0,11.0,0.0,27.0,2025-03,https://www.tbb.org.tr/istatistiki-raporlar/2025-mart-tuketici-kredileri-ve-konut-kredileri,raw/2025-03/consumer_credit_report.xls,dd3507e430cb0c5d29efc7b4a0d4029afc2fe9fc9ce2be0ab8c96cafb47d5879,quarterly,flow
2025-03,TP,TRY,42,disbursement_person_count,43741.0,44636.0,6505593.0,770.0,6594740.0,2025-03,https://www.tbb.org.tr/istatistiki-raporlar/2025-mart-tuketici-kredileri-ve-konut-kredileri,raw/2025-03/consumer_credit_report.xls,dd3507e430cb0c5d29efc7b4a0d4029afc2fe9fc9ce2be0ab8c96cafb47d5879,quarterly,flow
2025-03,Toplam,Total,44,disbursement_person_count,43751.0,44642.0,6505604.0,770.0,6594767.0,2025-03,https://www.tbb.org.tr/istatistiki-raporlar/2025-mart-tuketici-kredileri-ve-konut-kredileri,raw/2025-03/consumer_credit_report.xls,dd3507e430cb0c5d29efc7b4a0d4029afc2fe9fc9ce2be0ab8c96cafb47d5879,quarterly,flow
2025-06,YP,FX-linked,63,balance_amount_million_try,50.725,136.2105034,440.0899034,0.0,627.0254068,2025-06,https://www.tbb.org.tr/istatistiki-raporlar/2025-haziran-tuketici-kredileri-ve-konut-kredileri,raw/2025-06/consumer_credit_report.xls,a886307db61b913dc99f6681b04dc8695d154853b4a5caeb409a3ea0cfb49f93,quarterly,stock
2025-06,TP,TRY,62,balance_amount_million_try,48670.5643211,525285.4444575,1124276.9965415,0.513,1698233.5183201001,2025-06,https://www.tbb.org.tr/istatistiki-raporlar/2025-haziran-tuketici-kredileri-ve-konut-kredileri,raw/2025-06/consumer_credit_report.xls,a886307db61b913dc99f6681b04dc8695d154853b4a5caeb409a3ea0cfb49f93,quarterly,stock
2025-06,Toplam,Total,64,balance_amount_million_try,48721.2893211,525421.6549609,1124717.0864449001,0.513,1698860.5437269001,2025-06,https://www.tbb.org.tr/istatistiki-raporlar/2025-haziran-tuketici-kredileri-ve-konut-kredileri,raw/2025-06/consumer_credit_report.xls,a886307db61b913dc99f6681b04dc8695d154853b4a5caeb409a3ea0cfb49f93,quarterly,stock
2025-06,YP,FX-linked,63,balance_person_count,62.0,56.0,138.0,0.0,256.0,2025-06,https://www.tbb.org.tr/istatistiki-raporlar/2025-haziran-tuketici-kredileri-ve-konut-kredileri,raw/2025-06/consumer_credit_report.xls,a886307db61b913dc99f6681b04dc8695d154853b4a5caeb409a3ea0cfb49f93,quarterly,stock
2025-06,TP,TRY,62,balance_person_count,320986.0,1615390.0,19801800.0,37.0,21738213.0,2025-06,https://www.tbb.org.tr/istatistiki-raporlar/2025-haziran-tuketici-kredileri-ve-konut-kredileri,raw/2025-06/consumer_credit_report.xls,a886307db61b913dc99f6681b04dc8695d154853b4a5caeb409a3ea0cfb49f93,quarterly,stock
2025-06,Toplam,Total,64,balance_person_count,321048.0,1615446.0,19801938.0,37.0,21738469.0,2025-06,https://www.tbb.org.tr/istatistiki-raporlar/2025-haziran-tuketici-kredileri-ve-konut-kredileri,raw/2025-06/consumer_credit_report.xls,a886307db61b913dc99f6681b04dc8695d154853b4a5caeb409a3ea0cfb49f93,quarterly,stock
2025-06,YP,FX-linked,43,disbursement_amount_million_try,9.934,10.25,9.702,0.0,29.885999999999996,2025-06,https://www.tbb.org.tr/istatistiki-raporlar/2025-haziran-tuketici-kredileri-ve-konut-kredileri,raw/2025-06/consumer_credit_report.xls,a886307db61b913dc99f6681b04dc8695d154853b4a5caeb409a3ea0cfb49f93,quarterly,flow
2025-06,TP,TRY,42,disbursement_amount_million_try,14829.532019,58236.4289657,570380.2570097999,69.172,643515.3899945,2025-06,https://www.tbb.org.tr/istatistiki-raporlar/2025-haziran-tuketici-kredileri-ve-konut-kredileri,raw/2025-06/consumer_credit_report.xls,a886307db61b913dc99f6681b04dc8695d154853b4a5caeb409a3ea0cfb49f93,quarterly,flow
2025-06,Toplam,Total,44,disbursement_amount_million_try,14839.466019,58246.6789657,570389.9590098,69.172,643545.2759945,2025-06,https://www.tbb.org.tr/istatistiki-raporlar/2025-haziran-tuketici-kredileri-ve-konut-kredileri,raw/2025-06/consumer_credit_report.xls,a886307db61b913dc99f6681b04dc8695d154853b4a5caeb409a3ea0cfb49f93,quarterly,flow
2025-06,YP,FX-linked,43,disbursement_person_count,8.0,3.0,13.0,0.0,24.0,2025-06,https://www.tbb.org.tr/istatistiki-raporlar/2025-haziran-tuketici-kredileri-ve-konut-kredileri,raw/2025-06/consumer_credit_report.xls,a886307db61b913dc99f6681b04dc8695d154853b4a5caeb409a3ea0cfb49f93,quarterly,flow
2025-06,TP,TRY,42,disbursement_person_count,46470.0,44772.0,6421263.0,642.0,6513147.0,2025-06,https://www.tbb.org.tr/istatistiki-raporlar/2025-haziran-tuketici-kredileri-ve-konut-kredileri,raw/2025-06/consumer_credit_report.xls,a886307db61b913dc99f6681b04dc8695d154853b4a5caeb409a3ea0cfb49f93,quarterly,flow
2025-06,Toplam,Total,44,disbursement_person_count,46478.0,44775.0,6421276.0,642.0,6513171.0,2025-06,https://www.tbb.org.tr/istatistiki-raporlar/2025-haziran-tuketici-kredileri-ve-konut-kredileri,raw/2025-06/consumer_credit_report.xls,a886307db61b913dc99f6681b04dc8695d154853b4a5caeb409a3ea0cfb49f93,quarterly,flow
2025-09,YP,FX-linked,63,balance_amount_million_try,101.416,178.2279786,415.0884585,0.0,694.7324371,2025-09,https://www.tbb.org.tr/istatistiki-raporlar/2025-eylul-tuketici-kredileri-ve-konut-kredileri,raw/2025-09/consumer_credit_report.xls,9d559f00da6c7b2064a463e950102cdc8d943af62bef13553bb1d37bbc8e9f2f,quarterly,stock
2025-09,TP,TRY,62,balance_amount_million_try,41300.8569028,562711.9390470999,1254708.8057684,0.356,1858721.9577183,2025-09,https://www.tbb.org.tr/istatistiki-raporlar/2025-eylul-tuketici-kredileri-ve-konut-kredileri,raw/2025-09/consumer_credit_report.xls,9d559f00da6c7b2064a463e950102cdc8d943af62bef13553bb1d37bbc8e9f2f,quarterly,stock
2025-09,Toplam,Total,64,balance_amount_million_try,41402.272902799996,562890.1670256999,1255123.8942269,0.356,1859416.6901553997,2025-09,https://www.tbb.org.tr/istatistiki-raporlar/2025-eylul-tuketici-kredileri-ve-konut-kredileri,raw/2025-09/consumer_credit_report.xls,9d559f00da6c7b2064a463e950102cdc8d943af62bef13553bb1d37bbc8e9f2f,quarterly,stock
2025-09,YP,FX-linked,63,balance_person_count,110.0,64.0,179.0,0.0,353.0,2025-09,https://www.tbb.org.tr/istatistiki-raporlar/2025-eylul-tuketici-kredileri-ve-konut-kredileri,raw/2025-09/consumer_credit_report.xls,9d559f00da6c7b2064a463e950102cdc8d943af62bef13553bb1d37bbc8e9f2f,quarterly,stock
2025-09,TP,TRY,62,balance_person_count,285154.0,1566313.0,19103568.0,166.0,20955201.0,2025-09,https://www.tbb.org.tr/istatistiki-raporlar/2025-eylul-tuketici-kredileri-ve-konut-kredileri,raw/2025-09/consumer_credit_report.xls,9d559f00da6c7b2064a463e950102cdc8d943af62bef13553bb1d37bbc8e9f2f,quarterly,stock
2025-09,Toplam,Total,64,balance_person_count,285264.0,1566377.0,19103747.0,166.0,20955554.0,2025-09,https://www.tbb.org.tr/istatistiki-raporlar/2025-eylul-tuketici-kredileri-ve-konut-kredileri,raw/2025-09/consumer_credit_report.xls,9d559f00da6c7b2064a463e950102cdc8d943af62bef13553bb1d37bbc8e9f2f,quarterly,stock
2025-09,YP,FX-linked,43,disbursement_amount_million_try,61.045,67.086,28.707,0.0,156.838,2025-09,https://www.tbb.org.tr/istatistiki-raporlar/2025-eylul-tuketici-kredileri-ve-konut-kredileri,raw/2025-09/consumer_credit_report.xls,9d559f00da6c7b2064a463e950102cdc8d943af62bef13553bb1d37bbc8e9f2f,quarterly,flow
2025-09,TP,TRY,42,disbursement_amount_million_try,11717.429469,68239.9105088,663936.9816159001,95.567,743989.8885937001,2025-09,https://www.tbb.org.tr/istatistiki-raporlar/2025-eylul-tuketici-kredileri-ve-konut-kredileri,raw/2025-09/consumer_credit_report.xls,9d559f00da6c7b2064a463e950102cdc8d943af62bef13553bb1d37bbc8e9f2f,quarterly,flow
2025-09,Toplam,Total,44,disbursement_amount_million_try,11778.474469,68306.9965088,663965.6886159001,95.567,744146.7265937001,2025-09,https://www.tbb.org.tr/istatistiki-raporlar/2025-eylul-tuketici-kredileri-ve-konut-kredileri,raw/2025-09/consumer_credit_report.xls,9d559f00da6c7b2064a463e950102cdc8d943af62bef13553bb1d37bbc8e9f2f,quarterly,flow
2025-09,YP,FX-linked,43,disbursement_person_count,54.0,8.0,47.0,0.0,109.0,2025-09,https://www.tbb.org.tr/istatistiki-raporlar/2025-eylul-tuketici-kredileri-ve-konut-kredileri,raw/2025-09/consumer_credit_report.xls,9d559f00da6c7b2064a463e950102cdc8d943af62bef13553bb1d37bbc8e9f2f,quarterly,flow
2025-09,TP,TRY,42,disbursement_person_count,39817.0,54408.0,6992835.0,798.0,7087858.0,2025-09,https://www.tbb.org.tr/istatistiki-raporlar/2025-eylul-tuketici-kredileri-ve-konut-kredileri,raw/2025-09/consumer_credit_report.xls,9d559f00da6c7b2064a463e950102cdc8d943af62bef13553bb1d37bbc8e9f2f,quarterly,flow
2025-09,Toplam,Total,44,disbursement_person_count,39871.0,54416.0,6992882.0,798.0,7087967.0,2025-09,https://www.tbb.org.tr/istatistiki-raporlar/2025-eylul-tuketici-kredileri-ve-konut-kredileri,raw/2025-09/consumer_credit_report.xls,9d559f00da6c7b2064a463e950102cdc8d943af62bef13553bb1d37bbc8e9f2f,quarterly,flow
2025-12,YP,FX-linked,63,balance_amount_million_try,282.443,200.2296521,527.9369448000001,0.0,1010.6095969,2025-12,https://www.tbb.org.tr/istatistiki-raporlar/2025-aralik-tuketici-kredileri-ve-konut-kredileri,raw/2025-12/consumer_credit_report.xls,aaf74c083c84670222151b77c36f377da3caa413563db13acbe83aa8fb3336ae,quarterly,stock
2025-12,TP,TRY,62,balance_amount_million_try,42810.4891183,614038.6611356,1434590.7636517999,0.031,2091439.9449056997,2025-12,https://www.tbb.org.tr/istatistiki-raporlar/2025-aralik-tuketici-kredileri-ve-konut-kredileri,raw/2025-12/consumer_credit_report.xls,aaf74c083c84670222151b77c36f377da3caa413563db13acbe83aa8fb3336ae,quarterly,stock
2025-12,Toplam,Total,64,balance_amount_million_try,43092.9321183,614238.8907877,1435118.7005965998,0.031,2092450.5545025999,2025-12,https://www.tbb.org.tr/istatistiki-raporlar/2025-aralik-tuketici-kredileri-ve-konut-kredileri,raw/2025-12/consumer_credit_report.xls,aaf74c083c84670222151b77c36f377da3caa413563db13acbe83aa8fb3336ae,quarterly,stock
2025-12,YP,FX-linked,63,balance_person_count,299.0,69.0,278.0,0.0,646.0,2025-12,https://www.tbb.org.tr/istatistiki-raporlar/2025-aralik-tuketici-kredileri-ve-konut-kredileri,raw/2025-12/consumer_credit_report.xls,aaf74c083c84670222151b77c36f377da3caa413563db13acbe83aa8fb3336ae,quarterly,stock
2025-12,TP,TRY,62,balance_person_count,243890.0,1534921.0,18997737.0,9.0,20776557.0,2025-12,https://www.tbb.org.tr/istatistiki-raporlar/2025-aralik-tuketici-kredileri-ve-konut-kredileri,raw/2025-12/consumer_credit_report.xls,aaf74c083c84670222151b77c36f377da3caa413563db13acbe83aa8fb3336ae,quarterly,stock
2025-12,Toplam,Total,64,balance_person_count,244189.0,1534990.0,18998015.0,9.0,20777203.0,2025-12,https://www.tbb.org.tr/istatistiki-raporlar/2025-aralik-tuketici-kredileri-ve-konut-kredileri,raw/2025-12/consumer_credit_report.xls,aaf74c083c84670222151b77c36f377da3caa413563db13acbe83aa8fb3336ae,quarterly,stock
2025-12,YP,FX-linked,43,disbursement_amount_million_try,213.763,35.604,68.778,0.0,318.14500000000004,2025-12,https://www.tbb.org.tr/istatistiki-raporlar/2025-aralik-tuketici-kredileri-ve-konut-kredileri,raw/2025-12/consumer_credit_report.xls,aaf74c083c84670222151b77c36f377da3caa413563db13acbe83aa8fb3336ae,quarterly,flow
2025-12,TP,TRY,42,disbursement_amount_million_try,19821.605657,86947.1025275,729148.898057,87.636,836005.2422415001,2025-12,https://www.tbb.org.tr/istatistiki-raporlar/2025-aralik-tuketici-kredileri-ve-konut-kredileri,raw/2025-12/consumer_credit_report.xls,aaf74c083c84670222151b77c36f377da3caa413563db13acbe83aa8fb3336ae,quarterly,flow
2025-12,Toplam,Total,44,disbursement_amount_million_try,20035.368657,86982.7065275,729217.6760570001,87.636,836323.3872415001,2025-12,https://www.tbb.org.tr/istatistiki-raporlar/2025-aralik-tuketici-kredileri-ve-konut-kredileri,raw/2025-12/consumer_credit_report.xls,aaf74c083c84670222151b77c36f377da3caa413563db13acbe83aa8fb3336ae,quarterly,flow
2025-12,YP,FX-linked,43,disbursement_person_count,207.0,10.0,112.0,0.0,329.0,2025-12,https://www.tbb.org.tr/istatistiki-raporlar/2025-aralik-tuketici-kredileri-ve-konut-kredileri,raw/2025-12/consumer_credit_report.xls,aaf74c083c84670222151b77c36f377da3caa413563db13acbe83aa8fb3336ae,quarterly,flow
2025-12,TP,TRY,42,disbursement_person_count,45262.0,59557.0,6736763.0,814.0,6842396.0,2025-12,https://www.tbb.org.tr/istatistiki-raporlar/2025-aralik-tuketici-kredileri-ve-konut-kredileri,raw/2025-12/consumer_credit_report.xls,aaf74c083c84670222151b77c36f377da3caa413563db13acbe83aa8fb3336ae,quarterly,flow
2025-12,Toplam,Total,44,disbursement_person_count,45469.0,59567.0,6736875.0,814.0,6842725.0,2025-12,https://www.tbb.org.tr/istatistiki-raporlar/2025-aralik-tuketici-kredileri-ve-konut-kredileri,raw/2025-12/consumer_credit_report.xls,aaf74c083c84670222151b77c36f377da3caa413563db13acbe83aa8fb3336ae,quarterly,flow
2026-03,YP,FX-linked,63,balance_amount_million_try,429.835,211.64734520000002,611.7741598,0.0,1253.256505,2026-03,https://www.tbb.org.tr/istatistiki-raporlar/2026-mart-tuketici-kredileri-ve-konut-kredileri,raw/2026-03/consumer_credit_report.xls,ccd14b68e8b62ad93d5a651aebbb1c0dea03b425083575475503f94dab6a2638,quarterly,stock
2026-03,TP,TRY,62,balance_amount_million_try,37856.9305697,674966.6709426,1519304.5716276,3.241,2232131.4141399,2026-03,https://www.tbb.org.tr/istatistiki-raporlar/2026-mart-tuketici-kredileri-ve-konut-kredileri,raw/2026-03/consumer_credit_report.xls,ccd14b68e8b62ad93d5a651aebbb1c0dea03b425083575475503f94dab6a2638,quarterly,stock
2026-03,Toplam,Total,64,balance_amount_million_try,38286.7655697,675178.3182878,1519916.3457874,3.241,2233384.6706449,2026-03,https://www.tbb.org.tr/istatistiki-raporlar/2026-mart-tuketici-kredileri-ve-konut-kredileri,raw/2026-03/consumer_credit_report.xls,ccd14b68e8b62ad93d5a651aebbb1c0dea03b425083575475503f94dab6a2638,quarterly,stock
2026-03,YP,FX-linked,63,balance_person_count,469.0,76.0,410.0,0.0,955.0,2026-03,https://www.tbb.org.tr/istatistiki-raporlar/2026-mart-tuketici-kredileri-ve-konut-kredileri,raw/2026-03/consumer_credit_report.xls,ccd14b68e8b62ad93d5a651aebbb1c0dea03b425083575475503f94dab6a2638,quarterly,stock
2026-03,TP,TRY,62,balance_person_count,191027.0,1511184.0,18640533.0,171.0,20342915.0,2026-03,https://www.tbb.org.tr/istatistiki-raporlar/2026-mart-tuketici-kredileri-ve-konut-kredileri,raw/2026-03/consumer_credit_report.xls,ccd14b68e8b62ad93d5a651aebbb1c0dea03b425083575475503f94dab6a2638,quarterly,stock
2026-03,Toplam,Total,64,balance_person_count,191496.0,1511260.0,18640943.0,171.0,20343870.0,2026-03,https://www.tbb.org.tr/istatistiki-raporlar/2026-mart-tuketici-kredileri-ve-konut-kredileri,raw/2026-03/consumer_credit_report.xls,ccd14b68e8b62ad93d5a651aebbb1c0dea03b425083575475503f94dab6a2638,quarterly,stock
2026-03,YP,FX-linked,43,disbursement_amount_million_try,192.993,26.511,78.841,0.0,298.34499999999997,2026-03,https://www.tbb.org.tr/istatistiki-raporlar/2026-mart-tuketici-kredileri-ve-konut-kredileri,raw/2026-03/consumer_credit_report.xls,ccd14b68e8b62ad93d5a651aebbb1c0dea03b425083575475503f94dab6a2638,quarterly,flow
2026-03,TP,TRY,42,disbursement_amount_million_try,10640.042211999998,99494.2252719,655421.954406,130.652,765686.8738898999,2026-03,https://www.tbb.org.tr/istatistiki-raporlar/2026-mart-tuketici-kredileri-ve-konut-kredileri,raw/2026-03/consumer_credit_report.xls,ccd14b68e8b62ad93d5a651aebbb1c0dea03b425083575475503f94dab6a2638,quarterly,flow
2026-03,Toplam,Total,44,disbursement_amount_million_try,10833.035211999999,99520.7362719,655500.795406,130.652,765985.2188899,2026-03,https://www.tbb.org.tr/istatistiki-raporlar/2026-mart-tuketici-kredileri-ve-konut-kredileri,raw/2026-03/consumer_credit_report.xls,ccd14b68e8b62ad93d5a651aebbb1c0dea03b425083575475503f94dab6a2638,quarterly,flow
2026-03,YP,FX-linked,43,disbursement_person_count,191.0,10.0,153.0,0.0,354.0,2026-03,https://www.tbb.org.tr/istatistiki-raporlar/2026-mart-tuketici-kredileri-ve-konut-kredileri,raw/2026-03/consumer_credit_report.xls,ccd14b68e8b62ad93d5a651aebbb1c0dea03b425083575475503f94dab6a2638,quarterly,flow
2026-03,TP,TRY,42,disbursement_person_count,22186.0,55341.0,5783293.0,825.0,5861645.0,2026-03,https://www.tbb.org.tr/istatistiki-raporlar/2026-mart-tuketici-kredileri-ve-konut-kredileri,raw/2026-03/consumer_credit_report.xls,ccd14b68e8b62ad93d5a651aebbb1c0dea03b425083575475503f94dab6a2638,quarterly,flow
2026-03,Toplam,Total,44,disbursement_person_count,22377.0,55351.0,5783446.0,825.0,5861999.0,2026-03,https://www.tbb.org.tr/istatistiki-raporlar/2026-mart-tuketici-kredileri-ve-konut-kredileri,raw/2026-03/consumer_credit_report.xls,ccd14b68e8b62ad93d5a651aebbb1c0dea03b425083575475503f94dab6a2638,quarterly,flow
