report_period,report_url,source_file,source_sha256,source_bytes,sheet_names_json,credit_sheet_rows,credit_sheet_columns,reporting_bank_count
2021-03,https://www.tbb.org.tr/istatistiki-raporlar/2021-mart-tuketici-kredileri-ve-konut-kredileri,raw/2021-03/consumer_credit_report.xls,88f825c99557d6d8801fd59c1467f05ab0777bdd3e7dd3d0ea8186358e1a77cb,156672,"[""kapak"", ""tük.kredi."", ""banka listesi""]",72,59,32
2021-06,https://www.tbb.org.tr/istatistiki-raporlar/2021-haziran-tuketici-kredileri-ve-konut-kredileri,raw/2021-06/consumer_credit_report.xls,dbea6b715b81dd6594ad71bbfe20b6eb185149efa201b29258b054431973a4af,166400,"[""kapak"", ""tük.kredi."", ""banka listesi""]",73,59,32
2021-09,https://www.tbb.org.tr/istatistiki-raporlar/2021-eylul-tuketici-kredileri-ve-konut-kredileri,raw/2021-09/consumer_credit_report.xls,1f4c41b08c4ba9ce5d340466f9784b5eb0465026cc69e3bdc6aeb902ceda9422,156672,"[""kapak"", ""tük.kredi."", ""banka listesi""]",72,59,32
2021-12,https://www.tbb.org.tr/istatistiki-raporlar/2021-aralik-tuketici-kredileri-ve-konut-kredileri,raw/2021-12/consumer_credit_report.xls,3038fd9482484784f8cbf3b06d88400ba6a03428fbc456a9c8f9ef650ce5bf09,165888,"[""kapak"", ""tük.kredi."", ""banka listesi""]",72,59,32
2022-03,https://www.tbb.org.tr/istatistiki-raporlar/2022-mart-tuketici-kredileri-ve-konut-kredileri,raw/2022-03/consumer_credit_report.xls,79b99567cf09f5106f82f27231bc4067e0243d73a2e09f0007c87847f725edc3,165888,"[""kapak"", ""tük.kredi."", ""banka listesi""]",72,59,32
2022-06,https://www.tbb.org.tr/istatistiki-raporlar/2022-haziran-tuketici-kredileri-ve-konut-kredileri,raw/2022-06/consumer_credit_report.xls,c23f5a264ae40b445628dbedfa37e96b462f8e3996bebfb8c504d9161fc616fc,166400,"[""kapak"", ""tük.kredi."", ""banka listesi""]",72,59,32
2022-09,https://www.tbb.org.tr/istatistiki-raporlar/2022-eylul-tuketici-kredileri-ve-konut-kredileri,raw/2022-09/consumer_credit_report.xls,f3c451ee4f9e1bc68e540ba8239b3b63ceff68db30d6dc28acb558e642b4e49b,162816,"[""kapak"", ""tük.kredi."", ""banka listesi""]",72,59,32
2022-12,https://www.tbb.org.tr/istatistiki-raporlar/2022-aralik-tuketici-kredileri-ve-konut-kredileri,raw/2022-12/consumer_credit_report.xls,84ce163a4a29fc54ca3f6ddd020c4b133fe21c8ebbf9b654f02e393bad56324f,158208,"[""kapak"", ""tük.kredi."", ""banka listesi""]",72,59,32
2023-03,https://www.tbb.org.tr/istatistiki-raporlar/2023-mart-tuketici-kredileri-ve-konut-kredileri,raw/2023-03/consumer_credit_report.xls,fa6e197fe4496a0208b299c20ad92fff21164bbdecc8fdbd508837493196ec8c,179712,"[""kapak"", ""tük.kredi."", ""banka listesi""]",72,59,32
2023-06,https://www.tbb.org.tr/istatistiki-raporlar/2023-haziran-tuketici-kredileri-ve-konut-kredileri,raw/2023-06/consumer_credit_report.xls,4d92a00064bed3a4d576fa596d543a2d5e18cc82cb128fad701fbd2da67e44bc,159744,"[""kapak"", ""tük.kredi."", ""banka listesi""]",72,59,31
2023-09,https://www.tbb.org.tr/istatistiki-raporlar/2023-eylul-tuketici-kredileri-ve-konut-kredileri,raw/2023-09/consumer_credit_report.xls,c353f5b06b4f6d63d9ed5c224421c167238db9a18c45e5f89b88f999ae1ffd9d,167424,"[""kapak"", ""tük.kredi."", ""banka listesi""]",72,59,32
2023-12,https://www.tbb.org.tr/istatistiki-raporlar/2023-aralik-tuketici-kredileri-ve-konut-kredileri,raw/2023-12/consumer_credit_report.xls,d98dfcdbdcafcbf3466c25dbf58f9a20fc46f5c7ac0bf27f4f21790a42107bb1,167424,"[""kapak"", ""tük.kredi."", ""banka listesi""]",72,59,32
2024-03,https://www.tbb.org.tr/istatistiki-raporlar/2024-mart-tuketici-kredileri-ve-konut-kredileri,raw/2024-03/consumer_credit_report.xls,6ba0fab770823832a8de2185671399b79200e1f2073ea6452514dcadd390931e,167424,"[""kapak"", ""tük.kredi."", ""banka listesi""]",72,59,32
2024-06,https://www.tbb.org.tr/istatistiki-raporlar/2024-haziran-tuketici-kredileri-ve-konut-kredileri,raw/2024-06/consumer_credit_report.xls,96ec833848d89ac3dcdec2a5b8c56ab95193effa7851ac55ba8f664c15bd5412,167424,"[""kapak"", ""tük.kredi."", ""banka listesi""]",72,59,32
2024-09,https://www.tbb.org.tr/istatistiki-raporlar/2024-eylul-tuketici-kredileri-ve-konut-kredileri,raw/2024-09/consumer_credit_report.xls,b63db3030b2795883f5a266022c641ae71a7824394949e000e9e6f8c705f3829,167424,"[""kapak"", ""tük.kredi."", ""banka listesi""]",72,59,32
2024-12,https://www.tbb.org.tr/istatistiki-raporlar/2024-aralik-tuketici-kredileri-ve-konut-kredileri,raw/2024-12/consumer_credit_report.xls,f12315e3dfd9462017f84f3eda88d984b1f73b6665c156954171e414b07cfb5d,167936,"[""kapak"", ""tük.kredi."", ""banka listesi""]",72,59,32
2025-03,https://www.tbb.org.tr/istatistiki-raporlar/2025-mart-tuketici-kredileri-ve-konut-kredileri,raw/2025-03/consumer_credit_report.xls,dd3507e430cb0c5d29efc7b4a0d4029afc2fe9fc9ce2be0ab8c96cafb47d5879,167424,"[""kapak"", ""tük.kredi."", ""banka listesi""]",72,59,32
2025-06,https://www.tbb.org.tr/istatistiki-raporlar/2025-haziran-tuketici-kredileri-ve-konut-kredileri,raw/2025-06/consumer_credit_report.xls,a886307db61b913dc99f6681b04dc8695d154853b4a5caeb409a3ea0cfb49f93,167936,"[""kapak"", ""tük.kredi."", ""banka listesi""]",72,59,32
2025-09,https://www.tbb.org.tr/istatistiki-raporlar/2025-eylul-tuketici-kredileri-ve-konut-kredileri,raw/2025-09/consumer_credit_report.xls,9d559f00da6c7b2064a463e950102cdc8d943af62bef13553bb1d37bbc8e9f2f,168448,"[""kapak"", ""tük.kredi."", ""banka listesi""]",72,59,34
2025-12,https://www.tbb.org.tr/istatistiki-raporlar/2025-aralik-tuketici-kredileri-ve-konut-kredileri,raw/2025-12/consumer_credit_report.xls,aaf74c083c84670222151b77c36f377da3caa413563db13acbe83aa8fb3336ae,168960,"[""kapak"", ""tük.kredi."", ""banka listesi""]",72,59,34
2026-03,https://www.tbb.org.tr/istatistiki-raporlar/2026-mart-tuketici-kredileri-ve-konut-kredileri,raw/2026-03/consumer_credit_report.xls,ccd14b68e8b62ad93d5a651aebbb1c0dea03b425083575475503f94dab6a2638,169472,"[""kapak"", ""tük.kredi."", ""banka listesi""]",72,59,36
